Nr,Rent_Namn,Målvakt,Nationalitet,Alias,Född,Avled,Klubb,Tid,Mat,Mål,Anteckningar
9042,"AASMUNDSEN, STIAN",Nej,NOR,,1989-11-02,,JÖNKÖPINGS SÖDRA IF,2016-2017,39,2,
9049,"ABDU, LUMALA",Nej,UGA,,1997-07-21,,KALMAR FF,2016,10,0,SEN SWE MEDB
8273,"ABDULAHI, DENIS",Nej,FIN,,1990-05-22,,ÖREBRO SK,2010-2011,7,0,
9965,"ABDULLAI, SULEIMAN",Nej,NIG,,1996-12-10,,IFK GÖTEBORG,2022-2023,17,0,
8333,"ABDULLAI, ZAKARIA",Nej,GHA,,1989-10-10,,GEFLE IF,2011-2013,47,0,
8332,"ABDULRAHMAN, MOHAMMED",Nej,NIG,MOMMO,1989-09-16,,GAIS,2011,1,0,
6736,"ABELSSON, PETER",Nej,SWE,,1977-07-14,,TRELLEBORGS FF,1999-2011,152,7,
6736,"ABELSSON, PETER",Nej,SWE,,1977-07-14,,MALMÖ FF,2004-2005,30,3,
6458,"ABOLEW FAROUK, HAITHEM",Nej,EGY,,1971-01-04,,HELSINGBORGS IF,1997,4,0,
9330,"ABRAHAM, PAULOS",Nej,SWE,,2002-07-16,,AIK,2020,26,3,
8143,"ABRAHAM, SARGON",Nej,SWE,,1991-02-07,,IFK GÖTEBORG,2018-2020,58,6,
8143,"ABRAHAM, SARGON",Nej,SWE,,1991-02-07,,DEGERFORS IF,2021,18,0,
9073,"ABRAHAMSSON, ALEXANDER",Nej,SWE,,1999-08-07,,IF BROMMAPOJKARNA,2023,11,0,
1094,"ABRAHAMSSON, GUSTAF",Nej,SWE,JACOB,1903-11-08,1975-06-00,IK SLEIPNER,1925-1926,25,5,FR DERBY
1094,"ABRAHAMSSON, GUSTAF",Nej,SWE,JACOB,1903-11-08,1975-06-00,IFK NORRKÖPING,1929,10,3,
1663,"ABRAHAMSSON, HENOCK",Ja,SWE,KINKAN,1909-10-29,1958-04-23,GÅRDA BK,1936-1942,142,0,
7619,"ABRAHAMSSON, PETER",Ja,SWE,,1988-07-18,,BK HÄCKEN,2015-2023,219,0,
9898,"ABUBAKARI, MALIK",Nej,GHA,,2000-05-10,,MALMÖ FF,2021-2022,23,5,
8467,"ABUBAKARI, MOHAMED",Nej,GHA,,1986-02-15,,ÅTVIDABERGS FF,2012-2014,58,4,
8467,"ABUBAKARI, MOHAMED",Nej,GHA,,1986-02-15,,BK HÄCKEN,2015-2017,77,2,
8467,"ABUBAKARI, MOHAMED",Nej,GHA,,1986-02-15,,HELSINGBORGS IF,2019-2020,48,1,
8424,"ACCAM, DAVID",Nej,GHA,,1990-09-28,,HELSINGBORGS IF,2012-2014,62,30,
8424,"ACCAM, DAVID",Nej,GHA,,1990-09-28,,HAMMARBY IF,2021,13,1,
6149,"ACHEAMPONG, JOACHIN YAW",Nej,GHA,,1973-11-02,,IFK NORRKÖPING,1994-1995,22,1,OS-BRONS 1992
8559,"ACHINIOTI JÖNSSON, ALEXANDER",Nej,SWE,,1996-04-17,,HELSINGBORGS IF,2014-2016,22,0,
9074,"ACKERMANN, KEVIN",Nej,SWE,,2001-05-24,,BK HÄCKEN,2017-2018,2,0,
9074,"ACKERMANN, KEVIN",Nej,SWE,,2001-05-24,,IF BROMMAPOJKARNA,2023,28,3,
9974,"ACQUAH, BENJAMIN",Nej,GHA,,2000-12-29,,HELSINGBORGS IF,2022,10,1,
9023,"ADAM, ABDUL-BASIT",Nej,GHA,,1995-02-13,,GEFLE IF,2016,5,0,
2369,"ADAMSSON, FOLKE",Nej,SWE,,1911-08-05,1977-11-15,HAMMARBY IF,1940,21,2,
2349,"ADAMSSON, GUNNAR",Nej,SWE,,1920-09-19,1983-03-20,GAIS,1943,10,0,
9909,"ADEGBENRO, SAMUEL",Nej,NIG,,1995-12-03,,IFK NORRKÖPING,2021,30,17,
9188,"ADEKUGBE, SAMUEL",Nej,KAN,,1995-01-16,,IFK GÖTEBORG,2017,9,0,
8253,"ADELSTAM, MATTIAS",Nej,SWE,,1982-03-07,,TRELLEBORGS FF,2010-2011,58,7,
9859,"ADEMI, ALBION",Nej,FIN,,1999-02-19,,DJURGÅRDENS IF,2021-2022,11,0,"FIN,ALB,KOS"
9859,"ADEMI, ALBION",Nej,FIN,,1999-02-19,,IFK VÄRNAMO,2023,27,3,
9678,"ADEMI, LORIK",Nej,SWE,,2001-07-30,,FALKENBERGS FF,2020,9,0,
7430,"ADEMOLU, STEPHEN",Nej,KAN,,1982-11-20,,TRELLEBORGS FF,2004,16,2,
5640,"ADER, FREDRIK",Nej,SWE,,1969-08-06,,ÖRGRYTE IS,1989-1990,3,1,
7539,"ADEYINKA, MICHAEL",Nej,NIG,,1985-03-25,,GIF SUNDSVALL,2005,1,0,
9971,"ADJEI, NATHANIEL",Nej,GHA,,2002-08-21,,HAMMARBY IF,2022-2023,24,1,
9889,"ADJOURMANI, YANNICK",Nej,ELF,,2002-12-29,,BK HÄCKEN,2021,3,0,
3737,"ADNELL, SVEN",Nej,SWE,,1938-03-21,2024-05-18,IK SIRIUS,1969,2,0,
1095,"ADOLFSSON, DAVID",Nej,SWE,DAVA,1905-01-02,1978-05-08,IFK NORRKÖPING,1928-1930,55,8,
3711,"ADOLFSSON, JAN",Ja,SWE,,1944-09-16,,AIK,1968,1,0,
3031,"ADOLFSSON, ROLAND",Nej,SWE,,1927-11-25,2017-02-25,HAMMARBY IF,1956-1957,7,0,FR SKÄRBLACKA
9218,"ADRIAN, SAMUEL",Nej,SWE,,1998-03-02,,MALMÖ FF,2017-2022,14,0,
9218,"ADRIAN, SAMUEL",Nej,SWE,,1998-03-02,,KALMAR FF,2019,4,0,
8844,"ADU, ENOCK KOFI",Nej,GHA,,1990-09-14,,MALMÖ FF,2014-2016,60,3,
8844,"ADU, ENOCK KOFI",Nej,GHA,,1990-09-14,,AIK,2018-2020,77,1,
8844,"ADU, ENOCK KOFI",Nej,GHA,,1990-09-14,,MJÄLLBY AIF,2021,19,0,
8416,"ADUKOR, JOACHIM",Nej,GHA,,1993-05-02,,GEFLE IF,2012-2013,11,0,
8123,"AFFANE, AMIN",Nej,SWE,,1994-01-21,,AIK,2016-2017,34,1,
8123,"AFFANE, AMIN",Nej,SWE,,1994-01-21,,IFK GÖTEBORG,2018-2020,33,1,
7170,AFONSO ALVES,Nej,BRA,A.ALVES MARTINS JUNIOR,1981-01-30,,ÖRGRYTE IS,2002-2003,39,23,
7170,AFONSO ALVES,Nej,BRA,A.ALVES MARTINS JUNIOR,1981-01-30,,MALMÖ FF,2004-2006,55,29,
9950,"AGA, OSCAR",Nej,NOR,,2001-01-06,,IF ELFSBORG,2022,13,2,
8456,"AGANOVIC, ADMIR",Nej,BIH,,1986-08-25,,SYRIANSKA FC,2012,25,4,
7011,"AGANOVIC, VEDAD",Nej,BIH,,1979-09-16,,IF ELFSBORG,2001,1,0,
8437,"AGARDIUS, VIKTOR",Nej,SWE,,1989-10-23,,MJÄLLBY AIF,2012-2020,103,1,
8437,"AGARDIUS, VIKTOR",Nej,SWE,,1989-10-23,,KALMAR FF,2015-2019,102,1,
8437,"AGARDIUS, VIKTOR",Nej,SWE,,1989-10-23,,IFK NORRKÖPING,2021-2022,37,1,
8437,"AGARDIUS, VIKTOR",Nej,SWE,,1989-10-23,,IF BROMMAPOJKARNA,2023,2,0,
8323,"AGBOSSOUMONDE, GALE",Nej,USA/TOG,,1991-11-17,,DJURGÅRDENS IF,2011,8,0,
8170,"AGEBJÖRN, ANTON",Nej,SWE,,1994-03-04,,KALMAR FF,2013,3,0,
8327,"AGGER, NIKOLAJ",Nej,DAN,,1988-10-23,,DJURGÅRDENS IF,2011,7,1,
4412,"AGNETOFT, LARS",Ja,SWE,,1947-05-15,,IF SAAB,1973,25,0,
3058,"AGNROTH, STIG",Nej,SWE,,1928-12-10,1998-10-21,NORRBY IF,1956,1,0,
7415,"AGUIAR, FERNANDO",Nej,KAN,,1972-03-18,,LANDSKRONA BoIS,2004,1,0,KAN/POR
4413,"AHL, KENNETH",Nej,SWE,,1952-04-02,,IF SAAB,1973,25,1,
9461,"AHL HOLMSTRÖM, ALEXANDER",Nej,SWE,,1999-04-04,,KALMAR FF,2018-2020,25,1,
4932,"AHLBERG, ANDERS",Nej,SWE,,1953-09-23,,IFK GÖTEBORG,1978-1979,30,5,
2226,"AHLBERG, CARL",Nej,SWE,,1905-12-01,1962-01-23,MALMÖ FF,1932,13,1,
3035,"AHLBERG, LARS-ERIK",Nej,SWE,NAPPE,1934-06-05,,HELSINGBORGS IF,1955-1966,251,25,
4957,"AHLBERG, PETER",Nej,SWE,,1958-05-11,,IS HALMIA,1979,1,0,
5592,"AHLBOM, JAN",Nej,SWE,,1968-07-22,,VÄSTRA FRÖLUNDA IF,1988-1995,83,2,
3731,"AHLFELDT, LARS",Ja,SWE,,1943-12-04,,MALMÖ FF,1966,3,0,
2398,"AHLGREN, INGEMAR",Nej,SWE,,1912-07-07,1982-10-31,ÖRGRYTE IS,1940,1,0,
4976,"AHLGREN, THOMAS",Nej,SWE,,1960-05-21,,KALMAR FF,1979-1980,9,0,
9917,"AHLIN, AUGUST",Ja,SWE,,1997-04-06,,IK SIRIUS,2021,9,0,
3012,"AHLIN, BENGT",Nej,SWE,BROSKET,1932-08-05,2002-06-22,IFK ESKILSTUNA,1958,27,2,
4375,"AHLINDER, INGVAR",Nej,SWE,BRÅTEN,1950-02-18,,BRYNÄS IF,1974,19,2,
3712,"AHLNANDER, ULF",Nej,SWE,,1944-03-22,,IK BRAGE,1966,7,0,FR BODEN
1096,"AHLSIN, ERIK",Ja,SWE,,1902-08-14,1968-12-30,ÖRGRYTE IS,1928,1,0,
9498,"AHLSTRAND, ALBIN",Nej,SWE,,2004-03-10,,HALMSTADS BK,2023,4,0,
9248,"AHLSTRAND, ERIK",Nej,SWE,,2001-10-14,,HALMSTADS BK,2021-2023,47,3,
4374,"AHLSTRÖM, ANDERS",Nej,SWE,,1948-08-01,2019-06-13,DJURGÅRDENS IF,1972-1973,27,10,
4374,"AHLSTRÖM, ANDERS",Nej,SWE,,1948-08-01,2019-06-13,BRYNÄS IF,1974,23,1,
7828,"AHLSTRÖM, CHRISTIAN",Nej,SWE,,1986-04-22,,TRELLEBORGS FF,2007,3,0,
3723,"AHLSTRÖM, GÖRAN",Nej,SWE,NOBBY,1950-01-18,,IF ELFSBORG,1969-1981,257,12,
4356,"AHLSTRÖM, ROALD",Nej,SWE,,1939-11-13,,HAMMARBY IF,1961-1962,5,0,
4381,"AHLSTRÖM, THOMAS",Nej,SWE,ALIS,1952-07-17,,IF ELFSBORG,1971-1984,238,102,
2373,"AHLSTRÖM, ÅKE",Nej,SWE,,1923-04-27,1949-01-03,HELSINGBORGS IF,1945,1,0,
3735,"AHLUND, PETER",Nej,SWE,PEPPE,1949-06-09,,IK SIRIUS,1969-1973,12,1,
9680,"AHMADI, MOHAMMED",Nej,SWE,,2000-01-09,,FALKENBERGS FF,2020,2,0,
8981,"AHMED, AMMAR",Nej,SWE,,1988-07-03,,ÅTVIDABERGS FF,2015,28,1,
8981,"AHMED, AMMAR",Nej,SWE,,1988-07-03,,DALKURD FF,2018,20,0,
9763,"AHMED FATAH, AMAR",Nej,SWE,,2004-02-19,,AIK,2021-2022,10,1,
8560,"AHMEDHODZIC, ANEL",Nej,SWE,,1999-03-26,,MALMÖ FF,2019-2021,55,3,
8961,"AIDOO, JOSEPH",Nej,GHA,,1995-09-29,,HAMMARBY IF,2015-2017,27,1,
8561,"AIESH, HOSAM",Nej,SWE,,1995-04-14,,BK HÄCKEN,2014,1,0,
8561,"AIESH, HOSAM",Nej,SWE,,1995-04-14,,ÖSTERSUNDS FK,2016-2019,69,8,
8561,"AIESH, HOSAM",Nej,SWE,,1995-04-14,,IFK GÖTEBORG,2019-2022,81,8,
9066,"AJDAREVIC, ALFRED",Nej,SWE,,1998-06-20,,ÖREBRO SK,2016-2018,5,0,
7580,"AJDAREVIC, ASTRIT",Nej,SWE,,1990-04-17,,ÖREBRO SK,2010-2016,48,11,
7580,"AJDAREVIC, ASTRIT",Nej,SWE,,1990-04-17,,IFK NORRKÖPING,2011-2012,40,6,
7580,"AJDAREVIC, ASTRIT",Nej,SWE,,1990-04-17,,HELSINGBORGS IF,2015,13,1,
7580,"AJDAREVIC, ASTRIT",Nej,SWE,,1990-04-17,,DJURGÅRDENS IF,2019-2020,30,0,
9421,"AJETI, BAJRAM",Nej,NOR,,1989-05-05,,IF BROMMAPOJKARNA,2018,8,2,
9457,"AKAS, CHIMA",Nej,NIG,,1994-05-03,,KALMAR FF,2018-2019,31,0,
7984,"AKOMBO, UKEYIMA",Nej,NIG,,1987-11-25,,GIF SUNDSVALL,2008,1,0,EJ OMVÄNT F+EN
9694,"AL HAMLAWI, ASSAD",Nej,SWE,,2000-10-27,,HELSINGBORGS IF,2020-2022,19,2,
9694,"AL HAMLAWI, ASSAD",Nej,SWE,,2000-10-27,,VARBERGS BOIS,2023,8,1,
9876,"AL-AMMARI, AMIR",Nej,SWE,,1997-07-27,,HALMSTADS BK,2021-2023,58,4,
9876,"AL-AMMARI, AMIR",Nej,SWE,,1997-07-27,,IFK GÖTEBORG,2022,11,0,
9876,"AL-AMMARI, AMIR",Nej,SWE,,1997-07-27,,MJÄLLBY AIF,2022,12,1,
9982,"AL-HAMAWI, AMIN",Nej,SWE,,2003-12-17,,HELSINGBORGS IF,2022,9,2,
5171,"ALAJA, PERTTI",Ja,FIN,,1952-02-18,2017-08-18,MALMÖ FF,1982-1983,44,0,
5326,"ALATENSIÖ, JARMO",Nej,FIN,,1963-11-09,2003-04-23,IK BRAGE,1988-1989,40,4,
8948,"ALBAEK, MADS",Nej,DAN,,1990-01-14,,IFK GÖTEBORG,2015-2017,48,9,
4373,"ALBINSSON, GÖRAN",Nej,SWE,,1947-04-20,,BRYNÄS IF,1974,25,1,
4389,"ALBO, REIN",Nej,SWE,,1954-02-13,,IFK GÖTEBORG,1977-1978,25,0,
8001,"ALBORNOZ, MAURICIO",Nej,SWE,,1988-03-10,,IF BROMMAPOJKARNA,2009-2014,93,14,
8001,"ALBORNOZ, MAURICIO",Nej,SWE,,1988-03-10,,ÅTVIDABERGS FF,2015,28,3,
8001,"ALBORNOZ, MAURICIO",Nej,SWE,,1988-03-10,,IFK GÖTEBORG,2016,7,0,
8001,"ALBORNOZ, MAURICIO",Nej,SWE,,1988-03-10,,GIF SUNDSVALL,2016,12,0,
8001,"ALBORNOZ, MAURICIO",Nej,SWE,,1988-03-10,,ATHLETIC FC ESKILSTU,2017,10,0,
8001,"ALBORNOZ, MAURICIO",Nej,SWE,,1988-03-10,,IK SIRIUS,2018,8,0,
7593,"ALBORNOZ, MIIKO",Nej,SWE,,1990-11-30,,IF BROMMAPOJKARNA,2009-2010,47,1,
7593,"ALBORNOZ, MIIKO",Nej,SWE,,1990-11-30,,MALMÖ FF,2011-2014,68,4,
1642,"ALBRECHTSSON, OSCAR",Nej,SWE,,1910-11-12,1984-06-16,AIK,1936,1,0,
4387,"ALDORSSON, CONNY",Nej,SWE,,1945-01-13,2023-10-17,GAIS,1970-1974,78,17,SEN NORRBY 75
8945,"ALEESAMI, HAITAM",Nej,NOR,,1991-07-31,,IFK GÖTEBORG,2015-2016,45,2,
6345,"ALEJNIKOV, SERGEJ",Nej,BLR,,1961-11-07,,IK ODDEVOLD,1996,5,0,
9837,"ALEMAYEHU MULUGETA, ISAK",Nej,SWE,,2006-10-11,,DJURGÅRDENS IF,2022,1,0,
9030,ALEX AZEVEDO,Nej,BRA,ALEXSS.MEDEIROS DE AZEV,1990-08-21,,HAMMARBY IF,2016,28,5,
8065,ALEX PEREIRA,Nej,BRA,ALESSANDRO SILVA PEREIRA,1982-05-15,,ÖRGRYTE IS,2009,17,2,
8065,ALEX PEREIRA,Nej,BRA,ALESSANDRO SILVA PEREIRA,1982-05-15,,SYRIANSKA FC,2011-2013,49,0,
8065,ALEX PEREIRA,Nej,BRA,ALESSANDRO SILVA PEREIRA,1982-05-15,,AIK,2015,14,2,
6593,"ALEXANDERSSON, DANIEL",Nej,SWE,,1978-12-03,,HALMSTADS BK,1998-1999,11,1,
6593,"ALEXANDERSSON, DANIEL",Nej,SWE,,1978-12-03,,IF ELFSBORG,2004-2007,100,14,
6593,"ALEXANDERSSON, DANIEL",Nej,SWE,,1978-12-03,,IFK GÖTEBORG,2008-2009,21,0,
6442,"ALEXANDERSSON, JOAKIM",Nej,SWE,,1976-01-27,,IF ELFSBORG,1997-2005,175,7,
4392,"ALEXANDERSSON, LENNART",Nej,SWE,,1947-03-31,,HALMSTADS BK,1972,21,0,FR VESSIGEBRO
5455,"ALEXANDERSSON, NICLAS",Nej,SWE,,1971-12-29,,HALMSTADS BK,1989-1995,118,19,
5455,"ALEXANDERSSON, NICLAS",Nej,SWE,,1971-12-29,,IFK GÖTEBORG,1996-2009,176,32,
9075,"ALEXANDERSSON, NOAH",Nej,SWE,,2001-09-30,,IFK GÖTEBORG,2019-2021,12,0,
9171,"ALEXANDERSSON, SIMON",Nej,SWE,,1992-11-23,,ATHLETIC FC ESKILSTU,2017,18,1,
4393,"ALEXANDERSSON, ULF",Nej,SWE,,1944-06-27,,HALMSTADS BK,1972,8,0,"EGEN, KVIBILLE BK"
7923,ALEXANDRE MATAO,Nej,BRA,ALEXANDRE APARECIDO ..,1986-03-26,,GAIS,2008,8,0,RECHE BERNARDES
0307,"ALÉ, ANDERS",Ja,SWE,,1967-12-08,,VÄSTERÅS SK,1997,8,0,
8040,"ALFA, YAKUBU",Nej,NIG,,1990-12-31,,HELSINGBORGS IF,2009,2,0,
9753,"ALFONSI, OLIVER",Nej,SWE,,2003-06-03,,VARBERGS BOIS,2021-2023,51,5,
1000,"ALFREDSSON, AXEL",Nej,SWE,MASSA,1902-05-02,1966-08-09,HELSINGBORGS IF,1925-1929,97,8,
1000,"ALFREDSSON, AXEL",Nej,SWE,MASSA,1902-05-02,1966-08-09,AIK,1929-1935,91,11,
3736,"ALFTBERG, HANS",Nej,SWE,PICKO,1944-09-04,,IK SIRIUS,1969,14,1,
9196,"ALHO, NIKOLAJ",Nej,FIN,,1993-03-12,,HALMSTADS BK,2017,21,1,
9166,"ALI, FERID",Nej,SWE,,1992-04-07,,ATHLETIC FC ESKILSTU,2017-2019,30,3,
9331,"ALI, HUSSEIN",Nej,SWE,,2002-03-01,,ÖREBRO SK,2019-2021,52,0,
9927,"ALI, TAHA",Nej,SWE,,1998-07-01,,ÖREBRO SK,2021,2,0,
9927,"ALI, TAHA",Nej,SWE,,1998-07-01,,HELSINGBORGS IF,2022,29,3,
9927,"ALI, TAHA",Nej,SWE,,1998-07-01,,MALMÖ FF,2023,30,6,
8051,"ALI KHAN, MOHAMMED",Nej,SWE,LIND MAK,1988-11-01,,BK HÄCKEN,2009-2013,61,1,OFF ÄNDR FDAT 860121
8051,"ALI KHAN, MOHAMMED",Nej,SWE,LIND MAK,1988-11-01,,HALMSTADS BK,2015,29,0,
8562,"ALIEV, ALIBEK",Nej,SWE,,1996-08-16,,DALKURD FF,2018,2,0,
8562,"ALIEV, ALIBEK",Nej,SWE,,1996-08-16,,VARBERGS BOIS,2020,9,0,
8471,"ALIMI, ARMEND",Nej,MAK,,1987-12-11,,ÖREBRO SK,2012,17,0,
9627,"ALITI, FIDAN",Nej,KOS,,1993-10-03,,KALMAR FF,2019-2020,47,4,
4378,"ALKEBY, BJÖRN",Ja,SWE,,1952-07-17,,DJURGÅRDENS IF,1971-1981,242,0,
9926,"ALLAIN, BOBBY",Ja,FRA,,1991-11-28,,ÖREBRO SK,2021,23,0,
7882,"ALLANSSON, JOEL",Nej,SWE,,1992-11-03,,IFK GÖTEBORG,2011-2014,61,2,
7882,"ALLANSSON, JOEL",Nej,SWE,,1992-11-03,,HALMSTADS BK,2021-2023,58,0,
1097,"ALLARD, EVALD",Nej,SWE,,1901-05-07,1961-06-12,AIK,1927,2,0,
3013,"ALLARD, JÖRGEN",Nej,SWE,,1938-02-04,2021-05-07,IFK ESKILSTUNA,1958,8,1,FR GUIF
4428,"ALLBÄCK, DAN",Nej,SWE,,1956-02-03,,ÖRGRYTE IS,1976-1982,36,2,
6041,"ALLBÄCK, MARCUS",Nej,SWE,,1973-07-05,,ÖRGRYTE IS,1993-2009,172,62,
3741,"ALLBÄCK, STEFAN",Nej,SWE,,1947-09-15,,ÖRGRYTE IS,1967-1976,127,12,UTV 2015-DEC 21
5510,"ALLEN, JOHN",Nej,WAL,,1964-11-14,,MALMÖ FF,1989,5,1,
5510,"ALLEN, JOHN",Nej,WAL,,1964-11-14,,VÄSTRA FRÖLUNDA IF,1989,8,1,
5127,"ALLEN, KENNY",Ja,ENG,,1948-01-12,,HALMSTADS BK,1983,11,0,EG KENNETH
6222,"ALM, ANDREAS",Nej,SWE,,1973-06-19,,HAMMARBY IF,1995,11,1,
6222,"ALM, ANDREAS",Nej,SWE,,1973-06-19,,AIK,2000-2003,44,20,
4404,"ALM, LARS",Nej,SWE,,1954-04-01,,LANDSKRONA BoIS,1975,2,0,
4404,"ALM, LARS",Nej,SWE,,1954-04-01,,AIK,1979,11,1,
9425,"ALM, RASMUS",Nej,SWE,,1995-08-17,,IF BROMMAPOJKARNA,2018,8,0,
9425,"ALM, RASMUS",Nej,SWE,,1995-08-17,,IF ELFSBORG,2019-2022,89,23,
9981,"ALMADJED, SUMAR",Nej,SWE,,1996-03-13,,HELSINGBORGS IF,2022,1,0,
3728,"ALMBJERG, GÖSTA",Nej,SWE,,1942-02-26,,GAIS,1969-1970,38,0,FD DANMARK
7558,"ALMEBÄCK, MIKAEL",Nej,SWE,,1988-04-04,,IF BROMMAPOJKARNA,2007,3,0,
7558,"ALMEBÄCK, MIKAEL",Nej,SWE,,1988-04-04,,ÖREBRO SK,2009-2021,215,0,
7440,"ALMEIDA, AILTON",Nej,BRA,,1984-08-20,,ÖRGRYTE IS,2004-2006,63,26,AILTON JOSé ALMEIDA
2383,"ALMÉN, SVEN-ERIK",Nej,SWE,,1921-03-19,1972-12-18,LUDVIKA FFI,1945,1,0,
5347,"ALMGREN, ANDERS",Ja,SWE,,1968-12-27,,DJURGÅRDENS IF,1988-1992,70,0,
5347,"ALMGREN, ANDERS",Ja,SWE,,1968-12-27,,AIK,1997,11,0,
1641,"ALMGREN, ERIK",Nej,SWE,JERKA,1908-01-28,1989-08-22,AIK,1935-1944,197,4,
5542,"ALMGREN, MATS",Nej,SWE,,1964-02-28,,IFK NORRKÖPING,1988-1991,37,2,
2350,"ALMQUIST, KNUT",Nej,SWE,,1924-01-13,2017-12-26,LANDSKRONA BoIS,1949,19,12,FR HÄSSLEHOLM
2350,"ALMQUIST, KNUT",Nej,SWE,,1924-01-13,2017-12-26,GAIS,1950-1954,48,20,
3037,"ALMQVIST, ELMER",Ja,SWE,KUBBEN,1927-01-05,2011-01-06,JÖNKÖPINGS SÖDRA IF,1954,4,0,
9224,"ALMQVIST, PONTUS",Nej,SWE,,1999-07-10,,IFK NORRKÖPING,2017-2020,28,5,
4353,"ALMQVIST, REINE",Nej,SWE,,1949-04-12,,IFK GÖTEBORG,1967-1979,111,54,
4353,"ALMQVIST, REINE",Nej,SWE,,1949-04-12,,ÅTVIDABERGS FF,1973-1975,70,35,
4353,"ALMQVIST, REINE",Nej,SWE,,1949-04-12,,IFK SUNDSVALL,1976,12,2,
2351,"ALMQVIST, ROLF",Nej,SWE,ALMA,1924-07-16,2004-04-20,GAIS,1946-1955,34,9,FR VIRGO; REINES FAR
3059,"ALMQVIST, ROLF",Nej,SWE,,1928-05-12,2008-05-09,IFK GÖTEBORG,1952-1955,25,0,
3053,"ALMROTH, OVE",Nej,SWE,KJELL-OVE,1936-07-02,2016-05-18,VÄSTERÅS SK,1957,1,0,
2397,"ALPSTAM, LENNART",Nej,SWE,,1921-09-27,2011-04-29,ÖREBRO SK,1947-1953,42,2,
8214,"ALRIKSSON, JOAKIM",Nej,SWE,,1992-08-18,,DJURGÅRDENS IF,2010-2011,5,0,
8861,"ALSANATI, ANDRÉ",Nej,SWE,,2000-01-06,,IK SIRIUS,2023,20,3,
4385,"ALTEMARK, ROGER",Nej,SWE,,1952-08-22,,IF ELFSBORG,1973-1975,11,1,
4385,"ALTEMARK, ROGER",Nej,SWE,,1952-08-22,,ÖRGRYTE IS,1981,1,0,
3040,"ALTHIN, OLLE",Nej,SWE,,1929-01-16,2018-06-27,IFK MALMÖ,1957,1,0,
9633,"ALVAREZ, KEVIN",Nej,HOND,,1996-08-03,,IFK NORRKÖPING,2019-2021,6,0,
6567,"ALVBÅGE, JOHN",Ja,SWE,,1982-08-10,,VÄSTRA FRÖLUNDA IF,2000,12,0,
6567,"ALVBÅGE, JOHN",Ja,SWE,,1982-08-10,,ÖREBRO SK,2003-2011,158,0,
6567,"ALVBÅGE, JOHN",Ja,SWE,,1982-08-10,,IFK GÖTEBORG,2012-2016,131,0,
6567,"ALVBÅGE, JOHN",Ja,SWE,,1982-08-10,,IK SIRIUS,2019,7,0,
5880,"ALVÉN, STEFAN",Nej,SWE,,1968-12-12,,MALMÖ FF,1991-1994,82,1,FR ASMUNDSTORP
5880,"ALVÉN, STEFAN",Nej,SWE,,1968-12-12,,DJURGÅRDENS IF,1995-1999,73,1,
5880,"ALVÉN, STEFAN",Nej,SWE,,1968-12-12,,IFK NORRKÖPING,2000-2001,35,1,
7144,ALYSSON,Nej,BRA,ALYSSON MARENDAZ MARINS,1976-05-26,,KALMAR FF,2002,9,2,
9989,"AMANE, ROMEO",Nej,ELF,,2003-02-20,,BK HÄCKEN,2022-2023,41,4,
8484,"AMARTEY, DANIEL",Nej,GHA,,1994-12-01,,DJURGÅRDENS IF,2013-2014,34,0,
4394,"AMBERNTSSON, PEDER",Nej,SWE,,1950-03-23,,ÖRGRYTE IS,1970-1973,56,2,
4394,"AMBERNTSSON, PEDER",Nej,SWE,,1950-03-23,,HALMSTADS BK,1975-1984,165,16,
9870,"AMBROZ, FILIP",Nej,KRO,,2003-12-01,,IFK GÖTEBORG,2021-2022,7,0,
9432,"AMIN, REWAN",Nej,NED,,1996-01-08,,DALKURD FF,2018,15,0,
9432,"AMIN, REWAN",Nej,NED,,1996-01-08,,ÖSTERSUNDS FK,2018-2020,50,1,
9485,"AMIN, SIMON",Nej,SWE,,1997-11-13,,ÖREBRO SK,2018-2020,38,0,
9682,"AMIOT, GREGOIRE",Nej,FRA,,1995-05-10,,FALKENBERGS FF,2020,12,0,
7076,"AMOAH, PATRICK",Nej,SWE/GH,,1986-08-18,,DJURGÅRDENS IF,2004-2007,40,4,
9975,"AMOAKO, JOSEPH",Nej,GHA,,2002-09-13,,HELSINGBORGS IF,2022,9,0,
7552,"AMOATENG, KWAME",Nej,SWE,,1987-08-08,,GAIS,2006,1,0,
9687,"AMOO, AKINKUNMI",Nej,NIG,,2002-06-07,,HAMMARBY IF,2020-2021,35,9,
9450,"AMOS, TOM",Ja,SWE,,1998-02-06,,IFK GÖTEBORG,2018-2019,4,0,
4395,"AMRI, MALKI",Nej,TUN,,1951-02-05,,HAMMARBY IF,1977,3,0,
6486,"AMUNDUSSON, PAUL",Nej,SWE,,1969-09-28,,PANOS LJUNGSKILE SK,1997,6,1,
7416,"AMUNEKE, KEVIN",Nej,NIG,,1986-10-05,,LANDSKRONA BoIS,2004-2005,36,14,KEVIN ONEYKACHI
7416,"AMUNEKE, KEVIN",Nej,NIG,,1986-10-05,,IFK NORRKÖPING,2008,27,6,
7525,"AMUNEKE, KINGSLEY",Nej,NIG,,1980-07-26,,LANDSKRONA BoIS,2005,11,0,
9598,"ANABA, MICHAEL",Nej,GHA,,1993-12-05,,ATHLETIC FC ESKILSTU,2019,9,0,
6754,"ANCHÉN, JORGE",Nej,URU,,1980-08-17,,AIK,2008,15,3,
1098,"ANDERBERG, FRANS",Nej,SWE,ZISKA,1893-07-30,1972-06-24,IFK UDDEVALLA,1926-1927,30,0,
1671,"ANDERBERG, GUNNAR",Nej,SWE,,1918-03-11,2006-06-07,LANDSKRONA BoIS,1938-1945,27,7,
1671,"ANDERBERG, GUNNAR",Nej,SWE,,1918-03-11,2006-06-07,HELSINGBORGS IF,1940-1943,80,10,
2331,"ANDERBERG, JOHN",Nej,SWE,JONNE,1923-02-25,2012-04-08,HELSINGBORGS IF,1941-1944,18,15,
2331,"ANDERBERG, JOHN",Nej,SWE,JONNE,1923-02-25,2012-04-08,AIK,1942,14,3,
2331,"ANDERBERG, JOHN",Nej,SWE,JONNE,1923-02-25,2012-04-08,LANDSKRONA BoIS,1945-1949,31,8,
3050,"ANDERBERG, LENNART",Nej,SWE,,1929-07-13,2022-08-12,RÅÅ IF,1952,3,0,"FR DROTT, SEN IFK M"
8070,"ANDERBERG, MARKUS",Nej,SWE,,1988-08-04,,ÖRGRYTE IS,2009,19,1,
2391,"ANDERINI, IVAR",Nej,SWE,KINGE,1919-02-23,2008-11-10,IK SLEIPNER,1941,11,0,
6704,"ANDERSEN, BO",Ja,DAN,,1976-03-26,,DJURGÅRDENS IF,1999,11,0,
9205,"ANDERSEN, JEPPE",Nej,DAN,,1992-12-06,,HAMMARBY IF,2017-2022,148,6,
6511,"ANDERSEN, STÅLE",Nej,NOR,,1970-03-07,,ÖRGRYTE IS,1997-1998,38,2,
6225,"ANDERSEN, SÖREN",Nej,DAN,,1970-01-31,,IFK NORRKÖPING,1995,10,4,
5879,"ANDERSEN, VETLE",Nej,NOR,,1964-04-20,,HALMSTADS BK,1991-1993,42,3,
4382,"ANDERSÉN, BENGT",Nej,SWE,,1951-03-15,,IF ELFSBORG,1973-1979,154,1,
3018,"ANDERSÉN, KARL",Nej,SWE,DYKARN,1922-05-17,2012-12-10,GAIS,1951,3,0,
4383,"ANDERSÉN, KRISTER",Nej,SWE,,1954-09-22,,IF ELFSBORG,1977-1983,172,4,
8189,"ANDERSÉN, NIKLAS",Nej,SWE,,1992-08-05,,IFK GÖTEBORG,2010,1,0,
8189,"ANDERSÉN, NIKLAS",Nej,SWE,,1992-08-05,,BK HÄCKEN,2016,1,0,
8862,"ANDERSSON, ADAM",Nej,SWE,,1996-11-11,,BK HÄCKEN,2015-2020,106,5,
3714,"ANDERSSON, AGNE",Nej,SWE,,1939-02-13,,DEGERFORS IF,1962-1965,42,0,
1099,"ANDERSSON, ALBERT",Nej,SWE,BANJO,1895-12-18,1948-06-01,ÖRGRYTE IS,1925,3,0,
5187,"ANDERSSON, ALF",Nej,SWE,,1957-12-07,,MJÄLLBY AIF,1980-1985,29,1,
1672,"ANDERSSON, ALLAN",Nej,SWE,KNALL,1911-06-23,1966-01-07,HELSINGBORGS IF,1931-1935,38,12,
2360,"ANDERSSON, ALLAN",Nej,SWE,BRUFELDT,1927-02-25,1997-11-08,IFK GÖTEBORG,1946-1949,44,6,"FR HISINGSTADS IS, NORRBY"
2395,"ANDERSSON, ALVAR",Nej,SWE,ÖSTERBERG,1920-05-25,2013-12-12,ÖREBRO SK,1947,6,1,
1653,"ANDERSSON, ALVAR",Ja,SWE,,1912-12-08,1995-12-18,IFK ESKILSTUNA,1935-1936,12,0,
0361,"ANDERSSON, ANDERS",Nej,SWE,,1974-03-15,,MALMÖ FF,1991-2008,183,19,
1666,"ANDERSSON, ANDERS",Nej,SWE,BERNMAR,1917-09-30,2001-08-25,IFK GÖTEBORG,1938,1,0,
5222,"ANDERSSON, ANDERS",Ja,SWE,MÅSEN,1962-07-13,,TRELLEBORGS FF,1985-1994,25,0,
6097,"ANDERSSON, ANDREAS",Nej,SWE,,1974-04-10,,DEGERFORS IF,1994-1995,40,16,
6097,"ANDERSSON, ANDREAS",Nej,SWE,,1974-04-10,,IFK GÖTEBORG,1996-1997,39,32,
6097,"ANDERSSON, ANDREAS",Nej,SWE,,1974-04-10,,AIK,1999-2003,76,23,
7665,"ANDERSSON, ANDREAS",Ja,SWE,,1991-02-22,,GEFLE IF,2016,22,0,
7665,"ANDERSSON, ANDREAS",Ja,SWE,,1991-02-22,,ÖSTERSUNDS FK,2017-2018,19,0,
7665,"ANDERSSON, ANDREAS",Ja,SWE,,1991-02-22,,GIF SUNDSVALL,2022,14,0,
7985,"ANDERSSON, ANTON",Nej,SWE,,1987-09-15,,GIF SUNDSVALL,2008,5,0,
2333,"ANDERSSON, ARNE",Nej,SWE,LILLEN,1921-03-13,2003-02-23,IF ELFSBORG,1943,1,1,
2333,"ANDERSSON, ARNE",Nej,SWE,LILLEN,1921-03-13,2003-02-23,AIK,1944-1947,45,12,
2368,"ANDERSSON, ARNE",Nej,SWE,,1923-10-11,2006-08-21,HALMSTADS BK,1943,1,0,
2317,"ANDERSSON, ARNE",Nej,SWE,SMAJLING,1912-11-03,1974-08-11,IK SLEIPNER,1935,2,2,FR IFK NORRK
3044,"ANDERSSON, ARNE",Nej,SWE,BANANEN,1929-01-23,2013-05-30,IFK MALMÖ,1957-1958,40,15,
7835,"ANDERSSON, ARNE",Nej,SWE,,1917-09-13,1978-03-09,GÅRDA BK,1940-1942,23,4,BROR BERTIL JOMPA
1646,"ANDERSSON, ARNOLD",Nej,SWE,TAGNER,1912-02-29,2012-03-10,DEGERFORS IF,1939,14,1,
2358,"ANDERSSON, ARNOLD",Ja,SWE,JANA,1916-02-29,1970-04-09,IFK GÖTEBORG,1943,8,0,FR TROLLH
1006,"ANDERSSON, AXEL",Nej,SWE,RIBBA,1901-11-15,1974-06-07,IFK ESKILSTUNA,1925-1934,158,7,FR GUIF 1920
1100,"ANDERSSON, AXEL",Ja,SWE,,1901-04-23,1975-04-21,LANDSKRONA BoIS,1926-1929,73,0,
1684,"ANDERSSON, BENGT",Nej,SWE,MÖRNA,1916-11-09,1947-02-26,SANDVIKENS IF,1937-1943,4,0,
3039,"ANDERSSON, BENGT",Nej,SWE,LILLEN,1940-10-20,2024-03-29,MALMÖ FF,1959-1960,3,1,WORMO
3322,"ANDERSSON, BENGT",Nej,SWE,,1925-01-30,2011-07-30,IS HALMIA,1947,2,0,"SEN ALET, VARBERG"
5317,"ANDERSSON, BENGT",Ja,SWE,,1966-08-11,,IK BRAGE,1987-1990,53,0,
5317,"ANDERSSON, BENGT",Ja,SWE,,1966-08-11,,ÖRGRYTE IS,1993-2009,88,3,
5317,"ANDERSSON, BENGT",Ja,SWE,,1966-08-11,,IFK GÖTEBORG,1998-2007,246,0,
2227,"ANDERSSON, BERNDT",Nej,SWE,FRÖLICH,1912-07-31,1986-07-22,ÖRGRYTE IS,1931-1932,13,0,1932 TILL KARLSKOGA IF
3008,"ANDERSSON, BERNT",Nej,SWE,-HUGO SUMP-HUGO,1933-09-05,2020-01-06,DJURGÅRDENS IF,1953-1965,91,19,
1002,"ANDERSSON, BERTIL",Nej,SWE,BEBBE,1905-03-07,1985-11-19,DJURGÅRDENS IF,1928-1937,14,0,
1101,"ANDERSSON, BERTIL",Nej,SWE,JEPPE ADRIN,1905-09-04,1956-01-04,DJURGÅRDENS IF,1928,7,8,
1101,"ANDERSSON, BERTIL",Nej,SWE,JEPPE ADRIN,1905-09-04,1956-01-04,HALLSTAHAMMARS SK,1932,22,11,
1494,"ANDERSSON, BERTIL",Nej,SWE,LILL-ANDERS ASKDAL,1908-01-22,1976-08-01,AIK,1929,5,0,"FR HAGALUND,ANKAN"""""
1673,"ANDERSSON, BERTIL",Nej,SWE,,1913-12-05,2004-04-02,HELSINGBORGS IF,1935,2,1,FR STATTENA IF
1681,"ANDERSSON, BERTIL",Nej,SWE,MÅET,1910-07-04,1975-11-00,IFK NORRKÖPING,1930-1937,46,4,110521AIS
1692,"ANDERSSON, BERTIL",Nej,SWE,,1909-11-14,1996-01-15,ÖRGRYTE IS,1934-1940,131,8,FR IF KVILLE
2365,"ANDERSSON, BERTIL",Nej,SWE,SMEN,1928-01-02,2008-01-05,IS HALMIA,1949-1950,27,2,
2365,"ANDERSSON, BERTIL",Nej,SWE,SMEN,1928-01-02,2008-01-05,HALMSTADS BK,1948,22,3,
3015,"ANDERSSON, BERTIL",Nej,SWE,JOMPA,1929-12-16,2009-06-08,GAIS,1951-1959,118,39,ISH I GAIS
3739,"ANDERSSON, BERTIL",Nej,SWE,,1946-01-19,,ÅTVIDABERGS FF,1968-1969,33,1,
4362,"ANDERSSON, BERTIL",Nej,SWE,DODO GRENVI,1948-12-23,,HELSINGBORGS IF,1968,6,0,FR IF BÖLJAN
4391,"ANDERSSON, BERTIL",Nej,SWE,BERRA,1948-04-14,2023-11-18,HALMSTADS BK,1974-1979,101,3,RATSIT 1122
1128,"ANDERSSON, BIRGER",Nej,SWE,DJURGÅRN,1895-05-05,1976-06-01,IK SLEIPNER,1925,1,1,
3043,"ANDERSSON, BIRGER",Nej,SWE,,1928-08-14,2011-10-22,IFK MALMÖ,1957-1959,11,3,SEN SJÖBO 59
4429,"ANDERSSON, BJÖRN",Nej,SWE,,1951-07-20,,ÖSTERS IF,1970-1979,141,2,
5240,"ANDERSSON, BJÖRN",Nej,SWE,,1958-04-24,,ÅTVIDABERGS FF,1980-1982,41,3,
5290,"ANDERSSON, BJÖRN",Nej,SWE,,1965-03-25,,AIK,1988,1,0,
7919,"ANDERSSON, BJÖRN",Nej,SWE,,1982-02-13,,GAIS,2008-2010,58,8,
4388,"ANDERSSON, BO",Nej,SWE,,1955-08-31,2020-02-25,IFK GÖTEBORG,1977,13,0,"FR IFK SKÖVDE, SEN NORRBY"
5002,"ANDERSSON, BO",Nej,SWE,,1955-03-01,,IFK SUNDSVALL,1979-1981,69,11,
5179,"ANDERSSON, BO",Nej,SWE,,1954-01-23,,MJÄLLBY AIF,1980-1985,67,14,
5666,"ANDERSSON, BO",Nej,SWE,,1968-08-26,,AIK,1990-1991,40,8,
5666,"ANDERSSON, BO",Nej,SWE,,1968-08-26,,DJURGÅRDENS IF,1995-1996,42,15,
1655,"ANDERSSON, BREIT",Ja,SWE,,1916-08-30,2002-05-16,IFK ESKILSTUNA,1936,1,0,2-12!
2341,"ANDERSSON, BROR",Nej,SWE,,1920-10-09,1978-03-22,HALMSTADS BK,1945-1946,19,0,FR MARIEDAL
2341,"ANDERSSON, BROR",Nej,SWE,,1920-10-09,1978-03-22,IF ELFSBORG,1947-1949,5,0,
4421,"ANDERSSON, BÖRJE",Nej,SWE,,1950-04-07,,IFK SUNDSVALL,1976,11,0,
1129,"ANDERSSON, CARL II",Nej,SWE,KALLE POTIS,1900-09-22,1981-01-08,DJURGÅRDENS IF,1928,18,0,
1130,"ANDERSSON, CARL-ANTON",Nej,SWE,,1896-01-17,1991-10-06,VÄSTERÅS IK,1925,8,4,
8825,"ANDERSSON, CARL-OSKAR",Nej,SWE,OSSEN KORENADO,1992-04-02,,FALKENBERGS FF,2014,13,2,MOR ANNIKA
1103,"ANDERSSON, CHARLES",Nej,SWE,,1904-03-12,1979-01-26,IFK MALMÖ,1925-1930,48,0,
4371,"ANDERSSON, CHRISTER",Nej,SWE,,1947-05-21,,AIK,1974-1976,53,4,
4416,"ANDERSSON, CHRISTER",Nej,SWE,,1953-07-13,,IK SIRIUS,1974,3,0,
4426,"ANDERSSON, CHRISTER",Nej,SWE,,1951-07-31,,ÖREBRO SK,1973-1975,7,0,
6860,"ANDERSSON, CHRISTIAN",Nej,SWE,,1978-06-17,,TRELLEBORGS FF,2000-2001,41,6,
6383,"ANDERSSON, CHRISTOFFER",Nej,SWE,,1978-10-22,,HELSINGBORGS IF,1997-2016,350,41,
6383,"ANDERSSON, CHRISTOFFER",Nej,SWE,,1978-10-22,,HALMSTADS BK,2015,27,2,
1131,"ANDERSSON, CLAES",Nej,SWE,,1903-03-10,1982-07-03,STATTENA IF,1928-1930,32,0,ÄVEN KLAS
4406,"ANDERSSON, CONNY",Nej,SWE,,1945-04-08,,MALMÖ FF,1971-1976,89,31,SM 71.74.75
6081,"ANDERSSON, DANIEL",Nej,SWE,,1977-08-28,,MALMÖ FF,1995-2013,292,30,
6626,"ANDERSSON, DANIEL",Ja,SWE,,1972-12-18,,TRELLEBORGS FF,1998-2000,54,0,
6626,"ANDERSSON, DANIEL",Ja,SWE,,1972-12-18,,AIK,2000-2002,52,0,
6626,"ANDERSSON, DANIEL",Ja,SWE,,1972-12-18,,HELSINGBORGS IF,2004-2015,132,0,
1104,"ANDERSSON, DAVID",Ja,SWE,KIMPAN,1898-07-30,1970-02-22,IK CITY,1926,10,0,
4351,"ANDERSSON, DICK",Nej,SWE,,1943-11-13,1979-03-14,IFK GÖTEBORG,1962-1965,18,2,SEN VFRÖL
5190,"ANDERSSON, DICK",Nej,SWE,LAVIN LAVERGREN,1953-06-23,,MJÄLLBY AIF,1980,2,0,
4376,"ANDERSSON, DON",Nej,SWE,DUNDER,1950-06-04,,BRYNÄS IF,1974,19,9,
4376,"ANDERSSON, DON",Nej,SWE,DUNDER,1950-06-04,,IFK SUNDSVALL,1976-1979,73,17,
6863,"ANDERSSON, DOUGLAS",Nej,SWE,HEDETOFT,1979-03-19,,TRELLEBORGS FF,2000-2001,10,0,
1105,"ANDERSSON, EINAR",Nej,SWE,PIANO,1910-03-19,1985-11-06,STATTENA IF,1928,1,0,30 AIS
8505,"ANDERSSON, ELIAS",Nej,SWE,,1996-01-31,,HELSINGBORGS IF,2013-2014,13,1,
8505,"ANDERSSON, ELIAS",Nej,SWE,,1996-01-31,,IK SIRIUS,2017-2020,69,8,
8505,"ANDERSSON, ELIAS",Nej,SWE,,1996-01-31,,DJURGÅRDENS IF,2021-2023,43,2,
8505,"ANDERSSON, ELIAS",Nej,SWE,,1996-01-31,,MJÄLLBY AIF,2021,16,1,
1651,"ANDERSSON, ELIS",Nej,SWE,BLURON,1913-09-14,1968-07-16,IFK ESKILSTUNA,1933-1936,23,6,FR VERDANDI
1106,"ANDERSSON, ERIC",Nej,SWE,,1898-07-17,1954-04-18,IFK MALMÖ,1925-1926,15,8,
1107,"ANDERSSON, ERIC",Nej,SWE,KIRRE,1902-02-23,1974-08-24,HELSINGBORGS IF,1929,1,0,BR HJALMAR
1153,"ANDERSSON, ERIC",Nej,SWE,,1906-04-21,1993-11-01,LANDSKRONA BoIS,1927,1,0,
1011,"ANDERSSON, ERIK",Nej,SWE,MARKUS,1905-06-14,1995-07-18,IK SLEIPNER,1926-1935,172,0,
1108,"ANDERSSON, ERIK",Nej,SWE,RÖ-ERIK,1898-01-01,1974-06-19,IFK GÖTEBORG,1925-1931,125,1,
2229,"ANDERSSON, ERIK",Nej,SWE,,1905-05-19,1991-02-02,GAIS,1931,1,0,FR MAJORNA
2364,"ANDERSSON, ERIK",Nej,SWE,LANDERYD,1924-04-16,1997-03-07,IS HALMIA,1946-1950,101,28,
6253,"ANDERSSON, ERIK",Nej,SWE,ROSTRÖM,1974-09-28,,ÖSTERS IF,1995,1,0,
8564,"ANDERSSON, ERIK",Nej,SWE,,1997-05-03,,TRELLEBORGS FF,2018,19,2,
8564,"ANDERSSON, ERIK",Nej,SWE,,1997-05-03,,GIF SUNDSVALL,2022,24,2,
1675,"ANDERSSON, ERIK",Ja,SWE,FJÖSARN,1914-03-14,1996-12-24,LANDSKRONA BoIS,1935-1942,137,0,
2228,"ANDERSSON, ERIK",Ja,SWE,SLAMPEN,1908-09-01,1959-02-19,IFK MALMÖ,1930-1932,3,0,FR MFF 1930
1008,"ANDERSSON, ERNST",Nej,SWE,,1909-03-26,1989-10-09,IFK GÖTEBORG,1929-1943,277,3,
1109,"ANDERSSON, ERNST",Nej,SWE,,1895-04-30,1957-11-05,VÄSTERÅS IK,1925,2,0,
2355,"ANDERSSON, EVALD",Nej,SWE,,1913-03-08,1991-01-29,GÅRDA BK,1940,1,0,
1014,"ANDERSSON, FOLKE",Nej,SWE,BÖRJE,1903-11-24,1981-09-29,IK SLEIPNER,1925-1933,145,3,
2230,"ANDERSSON, FOLKE",Nej,SWE,HELLSTEN,1907-09-27,1991-10-24,IF ELFSBORG,1931-1932,12,2,
2345,"ANDERSSON, FOLKE",Nej,SWE,,1922-05-23,1981-01-10,GAIS,1947,4,1,
2378,"ANDERSSON, FRED",Nej,SWE,,1918-12-03,2012-06-01,JÖNKÖPINGS SÖDRA IF,1946-1951,26,9,
5693,"ANDERSSON, FREDRIK",Nej,SWE,FIDDE,1971-02-18,,HALMSTADS BK,1990-2001,245,13,
9055,"ANDERSSON, FREDRIK",Ja,SWE,,1988-10-25,,MALMÖ FF,2016-2018,10,0,
9055,"ANDERSSON, FREDRIK",Ja,SWE,,1988-10-25,,VARBERGS BOIS,2022-2023,35,0,
2376,"ANDERSSON, GERHARD",Nej,SWE,LUMA,1927-12-28,1996-01-03,HELSINGBORGS IF,1947-1964,228,4,BILLESHOLM GIF 1960
3041,"ANDERSSON, GERT",Nej,SWE,KULA,1923-06-29,2011-05-07,IFK MALMÖ,1953-1957,22,1,
1110,"ANDERSSON, GILLIS",Nej,SWE,GILLÅS,1895-02-20,1973-10-11,IFK GÖTEBORG,1925,4,0,
1648,"ANDERSSON, GILLIS",Nej,SWE,,1912-07-04,1988-07-13,IF ELFSBORG,1934-1943,184,67,
1111,"ANDERSSON, GUNNAR",Nej,SWE,,1907-06-18,1993-04-03,STATTENA IF,1928-1930,17,0,
1112,"ANDERSSON, GUNNAR",Nej,SWE,,1902-04-04,1985-09-28,IFK ESKILSTUNA,1928,1,0,
1645,"ANDERSSON, GUNNAR",Nej,SWE,GUMMI,1918-06-03,1991-07-29,DEGERFORS IF,1939-1947,127,1,
1685,"ANDERSSON, GUNNAR",Nej,SWE,,1914-10-06,2009-10-14,SANDVIKENS IF,1935-1941,15,3,EJ 191111 FR ÖRTA
2343,"ANDERSSON, GUNNAR",Nej,SWE,,1920-05-29,1994-11-13,GAIS,1943,2,1,"FR GODHEMS BK, MAJORNA"
2384,"ANDERSSON, GUNNAR",Nej,SWE,KARMANSBO,1916-01-14,2005-01-23,LUDVIKA FFI,1945,22,4,
3023,"ANDERSSON, GUNNAR",Nej,SWE,SÄFFLE,1928-08-14,1969-10-01,IFK GÖTEBORG,1950,2,0,SEN FRA MEDB
1658,"ANDERSSON, GUSTAF",Nej,SWE,GAISARN,1912-02-16,1989-12-29,GAIS,1934-1943,62,13,
6636,"ANDERSSON, GUSTAF",Nej,SWE,,1974-12-06,,VÄSTRA FRÖLUNDA IF,1998-1999,48,10,
6636,"ANDERSSON, GUSTAF",Nej,SWE,,1974-12-06,,IFK GÖTEBORG,2000-2002,65,24,
6636,"ANDERSSON, GUSTAF",Nej,SWE,,1974-12-06,,HELSINGBORGS IF,2002-2006,96,24,
6744,"ANDERSSON, GUSTAF",Nej,SWE,CRONA,1979-11-06,,ÖREBRO SK,1999-2004,107,7,
6744,"ANDERSSON, GUSTAF",Nej,SWE,CRONA,1979-11-06,,LANDSKRONA BoIS,2005,20,1,
2322,"ANDERSSON, GÖSTA",Nej,SWE,"LÖKEN""LÅDEKA",1907-03-18,1990-01-20,IFK GÖTEBORG,1930-1936,118,45,MARIEHOLM
1113,"ANDERSSON, GÖSTA",Nej,SWE,BANAN,1904-09-29,1977-06-21,IFK NORRKÖPING,1925-1929,102,7,DEN ÄLDRE
1682,"ANDERSSON, GÖSTA",Nej,SWE,MATT-ANDERSSON,1913-01-02,1986-07-26,IK SLEIPNER,1933,4,1,EJ BANAN
1682,"ANDERSSON, GÖSTA",Nej,SWE,MATT-ANDERSSON,1913-01-02,1986-07-26,IFK NORRKÖPING,1936-1937,9,2,
1694,"ANDERSSON, GÖSTA",Nej,SWE,,1912-02-09,2004-10-16,ÖRGRYTE IS,1934,3,1,FR HAGA VIA LANDALA 34
1652,"ANDERSSON, GÖSTA",Nej,SWE,GUSTAF PYSEN,1914-06-10,1970-10-05,IFK ESKILSTUNA,1933-1943,52,16,
1003,"ANDERSSON, GÖSTA",Nej,SWE,GUSTAV GREVEN,1906-01-01,1975-03-14,DJURGÅRDENS IF,1928-1937,11,0,
2392,"ANDERSSON, GÖTE",Ja,SWE,,1919-02-12,1999-04-23,IK SLEIPNER,1940,1,0,
3719,"ANDERSSON, HANS",Nej,SWE,,1945-02-07,2014-04-07,DJURGÅRDENS IF,1965,3,0,
1114,"ANDERSSON, HANS",Ja,SWE,HÅSA,1899-07-14,1979-06-10,LANDSKRONA BoIS,1925-1926,26,0,
1647,"ANDERSSON, HARRY",Nej,SWE,,1912-03-20,1959-03-18,SANDVIKENS IF,1936,1,0,
1647,"ANDERSSON, HARRY",Nej,SWE,,1912-03-20,1959-03-18,DJURGÅRDENS IF,1937,1,0,
1669,"ANDERSSON, HARRY",Nej,SWE,PATLY,1912-12-21,1989-01-24,IS HALMIA,1933-1945,45,9,
1687,"ANDERSSON, HARRY",Nej,SWE,CUBA,1913-03-07,1996-06-06,IK SLEIPNER,1935-1941,136,74,
3016,"ANDERSSON, HEGARDT",Nej,SWE,,1932-01-10,1988-03-15,GAIS,1953,8,0,FÄSSBERG
1116,"ANDERSSON, HELGE",Nej,SWE,LILLE-PELLE,1899-06-15,1973-04-12,IFK GÖTEBORG,1925,2,0,FR LUNDBY IF
2231,"ANDERSSON, HELGE",Nej,SWE,,,,IFK MALMÖ,1932,4,0,
1117,"ANDERSSON, HELGE I",Nej,SWE,SNOPPARN,1897-06-25,1976-02-05,HAMMARBY IF,1925,1,0,
1115,"ANDERSSON, HELGE II",Nej,SWE,FIMPEN,1904-01-04,1971-09-13,HAMMARBY IF,1925,22,0,
9076,"ANDERSSON, HELMER",Nej,SWE,,2001-09-08,,ÖREBRO SK,2019,5,0,
4971,"ANDERSSON, HENRIK",Nej,SWE,,1956-04-06,,HAMMARBY IF,1979,2,0,
5639,"ANDERSSON, HENRIK",Nej,SWE,,1971-03-25,,ÖRGRYTE IS,1989-1990,21,0,
6241,"ANDERSSON, HENRIK",Nej,SWE,BLIXT,1976-03-27,,ÖREBRO SK,1995-1996,9,0,
6469,"ANDERSSON, HENRIK",Nej,SWE,LYBERG,1975-09-11,,PANOS LJUNGSKILE SK,1997,19,0,
7282,"ANDERSSON, HENRIK",Nej,SWE,,1982-05-09,,ENKÖPINGS SK,2003,14,0,
3010,"ANDERSSON, HENRY",Nej,SWE,,1930-11-26,,IF ELFSBORG,1951-1952,7,1,
1656,"ANDERSSON, HENRY II",Nej,SWE,TVÅAN,1915-05-28,2005-12-19,GAIS,1936-1938,51,2,
1656,"ANDERSSON, HENRY II",Nej,SWE,TVÅAN,1915-05-28,2005-12-19,HAMMARBY IF,1940,19,0,
1656,"ANDERSSON, HENRY II",Nej,SWE,TVÅAN,1915-05-28,2005-12-19,REYMERSHOLMS IK,1942,9,0,
2356,"ANDERSSON, HENRY",Ja,SWE,TIPPEN,1924-10-28,2009-12-22,IFK GÖTEBORG,1945-1962,245,0,
1118,"ANDERSSON, HILMER",Nej,SWE,NALLE,1904-05-16,1966-11-14,STATTENA IF,1928-1930,37,0,
1119,"ANDERSSON, HJALMAR",Nej,SWE,SNÄRTEN,1904-01-16,1962-06-28,IFK UDDEVALLA,1926,2,0,
1120,"ANDERSSON, HJALMAR",Nej,SWE,JULLE,1896-01-31,1978-11-14,HELSINGBORGS IF,1925-1928,32,1,
1121,"ANDERSSON, HOLGER",Nej,SWE,SANDVIKARN,1905-09-03,1958-02-23,IK SLEIPNER,1926-1929,39,8,
1122,"ANDERSSON, HUGO",Nej,SWE,FYRAN,1903-11-06,1984-07-07,LANDSKRONA BoIS,1925-1931,7,2,
1680,"ANDERSSON, HUGO",Nej,SWE,,1911-03-30,1979-08-21,MALMÖ FF,1933,15,7,YSTADS IF
8566,"ANDERSSON, HUGO",Nej,SWE,,1999-01-01,,MALMÖ FF,2018,4,1,SFF 2015 12PLK
1123,"ANDERSSON, HUGO",Ja,SWE,,1905-06-12,1987-02-06,IK SLEIPNER,1925,1,0,
4380,"ANDERSSON, HÅKAN",Nej,SWE,,1953-06-14,,IF ELFSBORG,1975-1976,6,1,
3036,"ANDERSSON, INGEMAR",Nej,SWE,,1931-08-05,2016-12-28,HELSINGBORGS IF,1958-1959,2,0,
2337,"ANDERSSON, INGVAR",Nej,SWE,,1924-07-07,2001-01-04,AIK,1944,1,0,FR IFK BOFORS
2366,"ANDERSSON, INGVAR",Nej,SWE,,1920-06-20,1979-02-04,IS HALMIA,1946,4,0,
4390,"ANDERSSON, INGVAR",Nej,SWE,,1949-11-17,,HALMSTADS BK,1972-1975,65,7,
1676,"ANDERSSON, IVAN",Nej,SWE,,1908-08-21,1991-06-03,LANDSKRONA BoIS,1932-1933,3,1,
1124,"ANDERSSON, IVAR",Nej,SWE,ARTORP,1905-08-18,1945-10-29,IFK MALMÖ,1925,1,0,
1125,"ANDERSSON, IVAR",Nej,SWE,"PACKAN""ISSA",1903-01-10,1983-04-01,DJURGÅRDENS IF,1928,17,0,"FR TRANEBERG, I DIF 23-31"
9857,"ANDERSSON, JAKOB",Nej,SWE,,2002-07-29,,DEGERFORS IF,2021,1,0,
5679,"ANDERSSON, JAN",Nej,SWE,,1965-05-07,,DJURGÅRDENS IF,1990-1992,38,4,
5679,"ANDERSSON, JAN",Nej,SWE,,1965-05-07,,AIK,1993-1994,30,0,
5255,"ANDERSSON, JAN-GUNNE",Nej,SWE,RUDDEN,1962-03-17,,ÖRGRYTE IS,1982,1,0,
4366,"ANDERSSON, JAN-INGE",Nej,SWE,,1937-01-23,2021-03-13,MALMÖ FF,1960,8,0,
6312,"ANDERSSON, JIMMY",Nej,SWE,,1976-09-21,,DEGERFORS IF,1996-1997,26,0,
8568,"ANDERSSON, JOEL",Nej,SWE,,1996-11-11,,BK HÄCKEN,2015-2018,84,2,
6215,"ANDERSSON, JOHAN",Nej,SWE,,1974-10-30,,DJURGÅRDENS IF,1995-1996,42,3,
6215,"ANDERSSON, JOHAN",Nej,SWE,,1974-10-30,,HAMMARBY IF,1998-2004,118,11,
6215,"ANDERSSON, JOHAN",Nej,SWE,,1974-10-30,,GIF SUNDSVALL,2004-2005,27,0,
6735,"ANDERSSON, JOHAN",Nej,SWE,,1973-12-15,,TRELLEBORGS FF,1999-2001,41,4,"MKL IFK LAMMHULT, SEN JSÖ"
6903,"ANDERSSON, JOHAN",Nej,SWE,,1983-08-22,,LANDSKRONA BoIS,2002-2005,76,8,
6903,"ANDERSSON, JOHAN",Nej,SWE,,1983-08-22,,MALMÖ FF,2007,5,0,
8552,"ANDERSSON, JOHAN",Nej,SWE,,1995-05-07,,ÖSTERS IF,2013,5,0,
8863,"ANDERSSON, JOHAN",Nej,SWE,,1995-06-15,,IK SIRIUS,2017,19,2,
8863,"ANDERSSON, JOHAN",Nej,SWE,,1995-06-15,,DJURGÅRDENS IF,2018-2019,2,0,
1127,"ANDERSSON, JOHN",Nej,SWE,MAKARN,1902-05-29,1974-05-14,IFK GÖTEBORG,1928,5,0,FR LANDALA
1678,"ANDERSSON, JOHN",Nej,SWE,,1915-07-19,1990-10-03,MALMÖ FF,1937-1940,43,11,
1126,"ANDERSSON, JOHN",Nej,SWE,JOHAN,1902-03-22,1931-08-15,STATTENA IF,1928,21,0,EPILEPTIKER
3042,"ANDERSSON, JOHNNY",Nej,SWE,,1927-06-14,2009-05-24,IFK MALMÖ,1953,4,0,
6839,"ANDERSSON, JONAS",Nej,SWE,,1975-03-30,,HAMMARBY IF,2000-2002,46,0,FR MJÄLLBY
0360,"ANDERSSON, JÖRGEN",Nej,SWE,,1973-06-21,,ÖREBRO SK,1993,1,0,
2377,"ANDERSSON, KARL",Nej,SWE,LÅDA,1920-02-02,1993-07-20,JÖNKÖPINGS SÖDRA IF,1946-1952,72,3,
2339,"ANDERSSON, KARL-ERIK",Nej,SWE,CACKA,1927-01-16,2005-08-16,DJURGÅRDENS IF,1946-1957,174,3,
1654,"ANDERSSON, KARL-GUSTAV",Nej,SWE,PLUTTEN,1913-12-28,2004-12-27,IFK ESKILSTUNA,1935-1936,4,1,
2354,"ANDERSSON, KARL-GUSTAV",Nej,SWE,KÅGE,1913-10-02,1986-01-30,GÅRDA BK,1940-1943,10,1,
3718,"ANDERSSON, KARL-OLOF",Nej,SWE,,1942-06-12,,DJURGÅRDENS IF,1965,4,0,SEN J-SÖDRA
4948,"ANDERSSON, KARL-OLOF",Nej,SWE,KINGEN,1956-06-15,,IS HALMIA,1979,17,2,FR MORUP.ISH 74-84(295)
5424,"ANDERSSON, KENNET",Nej,SWE,KNETEN,1967-10-06,,IFK GÖTEBORG,1989-1991,59,28,
5424,"ANDERSSON, KENNET",Nej,SWE,KNETEN,1967-10-06,,IFK NORRKÖPING,1993,13,8,
3730,"ANDERSSON, KENT",Nej,SWE,,1943-09-15,2015-05-29,MALMÖ FF,1969,7,0,"FR ARLÖV BI, SEN WAGGERYD"
4427,"ANDERSSON, KENT",Nej,SWE,,1950-05-13,,ÖREBRO SK,1973-1974,7,0,FR HOVA
1004,"ANDERSSON, KNUT",Nej,SWE,KNAPER,1901-03-15,1977-01-21,IFK ESKILSTUNA,1928-1936,118,2,"EGEN, FR CITY 3007"
1015,"ANDERSSON, KNUT",Nej,SWE,,1903-06-16,1991-07-24,ÖRGRYTE IS,1926-1936,143,44,SEN IFK KARLSHAMN
2385,"ANDERSSON, KNUT II",Nej,SWE,,1921-01-19,1987-04-07,MALMÖ FF,1941-1943,11,2,
2386,"ANDERSSON, KNUT T",Nej,SWE,,1917-02-25,1982-03-22,MALMÖ FF,1940,4,0,"KNUTH, NR I"
7136,"ANDERSSON, KRISTER",Nej,SWE,,1968-07-14,,KALMAR FF,2002,20,1,
3005,"ANDERSSON, KURT",Nej,SWE,,1939-04-24,,AIK,1958-1971,128,45,
3034,"ANDERSSON, KURT",Nej,SWE,,1937-01-18,,HAMMARBY IF,1956,1,0,
3052,"ANDERSSON, KURT",Nej,SWE,,1932-07-16,2024-04-15,SANDVIKENS IF,1956-1959,72,20,
2340,"ANDERSSON, LARS",Nej,SWE,DERBY-LASSE WIDERSTRÖM,1927-01-30,1992-12-12,GAIS,1949-1950,20,4,FR DERBY
2340,"ANDERSSON, LARS",Nej,SWE,DERBY-LASSE WIDERSTRÖM,1927-01-30,1992-12-12,DJURGÅRDENS IF,1951,1,0,
4361,"ANDERSSON, LARS",Nej,SWE,FLUA,1941-11-21,,HELSINGBORGS IF,1966-1968,43,0,FR TECKOMATORPS SK
4424,"ANDERSSON, LARS",Nej,SWE,,1951-07-28,,ÅTVIDABERGS FF,1971-1974,23,5,
4981,"ANDERSSON, LARS",Nej,SWE,,1959-08-02,,LANDSKRONA BoIS,1978,3,0,BR BJÖRN
5150,"ANDERSSON, LARS",Nej,SWE,,1959-06-24,,BK HÄCKEN,1983,1,0,
3032,"ANDERSSON, LARS-ERIK",Nej,SWE,ACKMARK,1934-03-08,,HAMMARBY IF,1957,2,0,
4363,"ANDERSSON, LARS-ERIK",Nej,SWE,,1950-02-04,,JÖNKÖPINGS SÖDRA IF,1969,10,0,
3738,"ANDERSSON, LARS-GÖRAN",Nej,SWE,KNALIN,1944-12-01,,ÅTVIDABERGS FF,1968-1976,212,20,BK KENTY
4364,"ANDERSSON, LARS-GÖRAN",Nej,SWE,PLYM,1940-12-30,,JÖNKÖPINGS SÖDRA IF,1969,10,0,
3025,"ANDERSSON, LARS",Ja,SWE,,1932-02-04,,IFK GÖTEBORG,1958-1959,30,0,
4407,"ANDERSSON, LEIF",Nej,SWE,,1949-02-10,,MALMÖ FF,1970,3,0,
4410,"ANDERSSON, LEIF",Nej,SWE,SKINNET,1952-02-04,,IF SAAB,1973,26,2,
4410,"ANDERSSON, LEIF",Nej,SWE,SKINNET,1952-02-04,,IFK NORRKÖPING,1975-1985,211,45,
4415,"ANDERSSON, LEIF",Nej,SWE,PENNAN,1949-08-07,,IK SIRIUS,1973-1974,9,0,"EGEN PR,SNICKARE."
3017,"ANDERSSON, LEIF",Ja,SWE,,1932-10-23,2020-01-30,GAIS,1954-1969,195,0,
2334,"ANDERSSON, LENNART",Nej,SWE,PUTTE,1917-08-19,1990-09-29,AIK,1945-1947,19,7,FR HAGALUND
2393,"ANDERSSON, LENNART",Nej,SWE,GARAGE,1920-02-13,1989-05-20,ÖREBRO SK,1947-1948,22,14,
3022,"ANDERSSON, LENNART",Nej,SWE,TENTEN,1931-07-19,2016-03-11,IFK GÖTEBORG,1952-1953,5,1,
3024,"ANDERSSON, LENNART",Nej,SWE,KNUBBEN,1932-11-05,,IFK GÖTEBORG,1956-1960,46,9,
3028,"ANDERSSON, LENNART",Nej,SWE,MACKAN,1939-08-04,2017-07-25,HALMSTADS BK,1958,8,1,
3051,"ANDERSSON, LENNART",Nej,SWE,,1934-01-30,2017-03-04,SANDVIKENS IF,1956-1961,140,64,
4355,"ANDERSSON, LENNART",Nej,SWE,URMAKARN,1939-02-15,2003-12-31,IS HALMIA,1963,2,0,FR OSKARSSTRÖMS IS
4401,"ANDERSSON, LENNART",Nej,SWE,,1947-04-09,,LANDSKRONA BoIS,1971,3,0,
4419,"ANDERSSON, LENNART",Nej,SWE,LILLEN,1951-04-02,,GIF SUNDSVALL,1975,13,2,
4409,"ANDERSSON, LENNART",Ja,SWE,NUE,1947-05-30,2015-12-09,IFK NORRKÖPING,1971-1975,39,0,FR VIMMERBY
4408,"ANDERSSON, MAGNUS",Nej,SWE,,1958-04-23,,MALMÖ FF,1975-1988,266,12,
5089,"ANDERSSON, MAGNUS",Nej,SWE,,1964-05-19,,IF ELFSBORG,1982-1984,10,1,
5907,"ANDERSSON, MAGNUS",Nej,SWE,,1967-07-29,,TRELLEBORGS FF,1992-1996,96,0,
6336,"ANDERSSON, MAGNUS",Nej,SWE,,1975-07-09,,IK ODDEVOLD,1996,8,0,
7053,"ANDERSSON, MAGNUS",Nej,SWE,GNUTTEN,1981-04-27,,HALMSTADS BK,2002-2006,80,11,
7053,"ANDERSSON, MAGNUS",Nej,SWE,GNUTTEN,1981-04-27,,TRELLEBORGS FF,2007-2018,134,14,
6302,"ANDERSSON, MARTIN",Nej,SWE,,1979-08-09,,VÄSTERÅS SK,1997,2,0,
6302,"ANDERSSON, MARTIN",Nej,SWE,,1979-08-09,,TRELLEBORGS FF,1999-2001,23,0,
6398,"ANDERSSON, MARTIN",Nej,SWE,,1981-01-16,,IF ELFSBORG,2000-2011,198,4,ARENTORPS SK
7916,"ANDERSSON, MARTIN",Nej,SWE,,1982-05-09,,DJURGÅRDENS IF,2008-2009,16,0,
5158,"ANDERSSON, MATS",Nej,SWE,MALLE,1960-08-22,,KALMAR FF,1982-1985,10,0,
6128,"ANDERSSON, MATS",Nej,SWE,,1965-10-12,,LANDSKRONA BoIS,1994,25,1,
7516,"ANDERSSON, MATTIAS",Nej,SWE,MYRAN,1981-10-07,,BK HÄCKEN,2005,11,0,
5829,"ANDERSSON, MATTS",Ja,SWE,MARREN,1975-08-13,,AIK,1994-1995,2,0,EG RISBERG-ANDERSSON
4396,"ANDERSSON, MICHAEL",Nej,SWE,,1959-08-24,,HAMMARBY IF,1977-1990,202,37,
4396,"ANDERSSON, MICHAEL",Nej,SWE,,1959-08-24,,IFK GÖTEBORG,1986-1988,58,15,
6173,"ANDERSSON, MIKAEL",Nej,SWE,,1978-08-21,,MALMÖ FF,1996,2,0,
6173,"ANDERSSON, MIKAEL",Nej,SWE,,1978-08-21,,HAMMARBY IF,1998-2005,175,27,
7009,"ANDERSSON, MIKAEL",Nej,SWE,,1968-02-24,,IF ELFSBORG,2001,9,0,
5157,"ANDERSSON, NIKLAS",Nej,SWE,,1964-05-12,,KALMAR FF,1982,1,0,
1132,"ANDERSSON, NILS",Nej,SWE,MÖNDIS,1904-12-23,1999-11-09,IF ELFSBORG,1928-1930,64,7,
1133,"ANDERSSON, NILS",Nej,SWE,,1903-09-01,1990-02-25,ÖRGRYTE IS,1927,2,0,"IK LÖPAREN,SEN LANDALA IF"
1134,"ANDERSSON, NILS",Nej,SWE,NAPPE,1910-05-21,1976-08-21,IFK NORRKÖPING,1929-1930,6,1,
1664,"ANDERSSON, NILS",Nej,SWE,ALADÅBEN,1914-09-25,1994-05-11,GÅRDA BK,1936-1937,5,1,
3038,"ANDERSSON, NILS",Nej,SWE,ÅKARP,1926-04-16,2018-10-07,MALMÖ FF,1952-1955,11,5,"LUNDS BK 3607,LINDERÖD 57"
6201,"ANDERSSON, OLA",Nej,SWE,,1966-07-01,,AIK,1995-2000,102,2,
3726,"ANDERSSON, OLLE",Nej,SWE,GARVIS,1941-07-13,,IFK ESKILSTUNA,1964,19,0,"FR GUIF, HANDBOLL"
5331,"ANDERSSON, OLLE",Nej,SWE,,1966-08-12,,IK BRAGE,1989-1990,15,0,
3011,"ANDERSSON, OLLE",Nej,SWE,OLOF,1929-05-24,2012-06-22,IF ELFSBORG,1953,3,0,
1690,"ANDERSSON, OLLE-HB",Nej,SWE,OLOV,1905-01-01,1994-05-11,IK SLEIPNER,1930-1933,16,0,
6132,"ANDERSSON, OLOF",Nej,SWE,,1972-08-27,,LANDSKRONA BoIS,1994,11,1,
2375,"ANDERSSON, ORVAR",Nej,SWE,,1919-11-03,1989-07-27,HELSINGBORGS IF,1941-1944,3,0,
1013,"ANDERSSON, OSKAR",Nej,SWE,KOCKEN,1902-05-04,1993-06-14,IK SLEIPNER,1927-1933,77,3,
1135,"ANDERSSON, OSKAR",Nej,SWE,GOBBEN,1896-12-01,1961-05-11,LANDSKRONA BoIS,1925-1927,49,0,
1009,"ANDERSSON, OSKAR",Nej,SWE,ALLERFORS,1899-10-01,1991-01-01,VÄSTERÅS IK,1925,1,0,
1674,"ANDERSSON, OSVALD",Nej,SWE,,1911-01-07,1990-01-07,HELSINGBORGS IF,1938-1939,7,0,
1693,"ANDERSSON, OTTO",Nej,SWE,,1910-05-07,1977-08-11,ÖRGRYTE IS,1931-1940,188,2,
1679,"ANDERSSON, OVE",Nej,SWE,,1916-03-14,1983-10-12,MALMÖ FF,1937-1940,48,20,
6174,"ANDERSSON, PATRIC",Nej,SWE,LÅNGÅS,1979-04-01,,IFK GÖTEBORG,1998-2004,96,17,
6174,"ANDERSSON, PATRIC",Nej,SWE,LÅNGÅS,1979-04-01,,AIK,2001-2002,30,6,
6174,"ANDERSSON, PATRIC",Nej,SWE,LÅNGÅS,1979-04-01,,BK HÄCKEN,2005-2006,9,1,
5707,"ANDERSSON, PATRICK",Nej,SWE,T,1970-07-16,,MALMÖ FF,1990-1993,56,10,
5707,"ANDERSSON, PATRICK",Nej,SWE,T,1970-07-16,,HELSINGBORGS IF,1994-1995,43,6,
5707,"ANDERSSON, PATRICK",Nej,SWE,T,1970-07-16,,TRELLEBORGS FF,1996-1998,48,5,
5513,"ANDERSSON, PATRIK",Nej,SWE,BJÄRRED,1971-08-18,,MALMÖ FF,1989-2005,104,12,
5535,"ANDERSSON, PATRIK",Nej,SWE,,1967-11-30,,IFK NORRKÖPING,1986-1995,164,51,
5535,"ANDERSSON, PATRIK",Nej,SWE,,1967-11-30,,HAMMARBY IF,1998-2000,63,16,
2342,"ANDERSSON, PER",Nej,SWE,,1924-08-12,2008-03-14,GAIS,1944,4,0,SEN REDBERGSLID
5118,"ANDERSSON, PETER",Nej,SWE,,1958-04-09,,HALMSTADS BK,1981-1985,63,19,
5567,"ANDERSSON, PETER",Nej,SWE,PEPPE,1962-10-11,,IFK GÖTEBORG,1982-1984,12,0,
5567,"ANDERSSON, PETER",Nej,SWE,PEPPE,1962-10-11,,GIF SUNDSVALL,1988-1989,41,2,
6231,"ANDERSSON, PETER",Nej,SWE,EKER,1971-03-16,,TRELLEBORGS FF,1995-1999,68,5,
6970,"ANDERSSON, PETTER",Nej,SWE,,1985-02-20,,HAMMARBY IF,2003-2008,103,21,
6270,"ANDERSSON, PÄR",Nej,SWE,BUGG,1978-04-01,,ÖREBRO SK,1999-2002,13,0,
6329,"ANDERSSON, PÄR",Nej,SWE,ROMARN,1969-09-30,,IFK NORRKÖPING,1996-2000,86,18,
1136,"ANDERSSON, RAGNAR",Nej,SWE,BEN,1904-04-24,1961-06-17,IFK NORRKÖPING,1928-1930,51,11,FR NSK 27
2353,"ANDERSSON, RAGNAR",Nej,SWE,,1919-11-25,2003-10-24,GÅRDA BK,1940-1943,11,2,
3046,"ANDERSSON, RAMON",Nej,SWE,,1934-02-23,1996-03-08,NORRBY IF,1956,1,0,FR IK VIKING TILL ESK
3046,"ANDERSSON, RAMON",Nej,SWE,,1934-02-23,1996-03-08,IFK ESKILSTUNA,1964,1,1,
8826,"ANDERSSON, RASMUS",Nej,SWE,,1993-04-17,,FALKENBERGS FF,2014-2015,4,0,
1137,"ANDERSSON, RICKARD",Ja,SWE,PARRIS,1897-06-22,1963-05-26,WESTERMALMS IF,1927,2,0,
1137,"ANDERSSON, RICKARD",Ja,SWE,PARRIS,1897-06-22,1963-05-26,DJURGÅRDENS IF,1928,13,0,
5051,"ANDERSSON, ROBERT",Nej,SWE,ROBBAN MELANDER,1958-03-26,,AIK,1982,2,0,
6003,"ANDERSSON, ROBERT",Nej,SWE,,1971-08-22,,HALMSTADS BK,1993-2003,209,70,
6003,"ANDERSSON, ROBERT",Nej,SWE,,1971-08-22,,IFK GÖTEBORG,1997-1998,18,3,
3721,"ANDERSSON, ROGER",Nej,SWE,,1936-02-10,,IF ELFSBORG,1962-1963,32,0,FR SIFHÄLLA
3720,"ANDERSSON, ROLAND",Nej,SWE,LOLLE,1950-03-28,,MALMÖ FF,1968-1983,299,7,
3720,"ANDERSSON, ROLAND",Nej,SWE,LOLLE,1950-03-28,,DJURGÅRDENS IF,1975-1976,45,2,
4360,"ANDERSSON, ROLAND",Nej,SWE,SALTÖ,1937-03-26,2016-06-06,HELSINGBORGS IF,1962,1,0,
3732,"ANDERSSON, ROLAND",Ja,SWE,,1938-11-26,2013-10-16,IFK NORRKÖPING,1961-1965,17,0,
2396,"ANDERSSON, ROLF",Nej,SWE,,1926-11-24,2006-02-06,ÖREBRO SK,1947,4,0,
3026,"ANDERSSON, ROLF",Nej,SWE,DÖNELL,1929-10-05,1997-04-18,MALMÖ FF,1952-1954,30,12,
3026,"ANDERSSON, ROLF",Nej,SWE,DÖNELL,1929-10-05,1997-04-18,IFK GÖTEBORG,1955,1,0,
4358,"ANDERSSON, ROLF",Nej,SWE,KOCKEN,1942-12-21,2023-01-03,HAMMARBY IF,1967,14,7,
4358,"ANDERSSON, ROLF",Nej,SWE,KOCKEN,1942-12-21,2023-01-03,JÖNKÖPINGS SÖDRA IF,1969,11,5,
5175,"ANDERSSON, ROLF-INGE",Nej,SWE,,1955-08-17,,MJÄLLBY AIF,1980-1985,67,0,
4367,"ANDERSSON, ROY",Nej,SWE,,1949-08-02,,MALMÖ FF,1968-1983,319,21,
4400,"ANDERSSON, ROY",Nej,SWE,HUGGE,1950-06-26,,KALMAR FF,1976-1977,19,0,
1138,"ANDERSSON, RUDOLF",Nej,SWE,RULLE,1898-08-28,1978-12-16,IK SLEIPNER,1927,7,0,EV 30
3049,"ANDERSSON, RUNE",Nej,SWE,KNAGG,1930-01-11,2006-07-21,RÅÅ IF,1952,1,0,EJ NERKMAN
1139,"ANDERSSON, RUNE?",Nej,SWE,,,,IFK ESKILSTUNA,1926,1,0,"BACK, D 251018"
1012,"ANDERSSON, RUPERT",Nej,SWE,RUBBA,1909-02-28,1983-02-03,IK SLEIPNER,1928-1933,103,67,
8431,"ANDERSSON, SEBASTIAN",Nej,SWE,,1991-07-15,,KALMAR FF,2012-2014,52,3,
8431,"ANDERSSON, SEBASTIAN",Nej,SWE,,1991-07-15,,DJURGÅRDENS IF,2014-2015,35,13,
8431,"ANDERSSON, SEBASTIAN",Nej,SWE,,1991-07-15,,IFK NORRKÖPING,2016-2017,51,20,
2197,"ANDERSSON, SIGGE",Nej,SWE,ÅBY,1906-08-16,1981-05-03,IFK NORRKÖPING,1930,8,1,
1668,"ANDERSSON, SIGGE",Nej,SWE,SIGMUND,1914-05-06,1983-06-03,HALLSTAHAMMARS SK,1939,20,8,
2379,"ANDERSSON, SIGURD",Nej,SWE,SIGGE,1921-04-30,1990-03-12,JÖNKÖPINGS SÖDRA IF,1946,13,0,
1665,"ANDERSSON, SIXTEN",Nej,SWE,AMMERFELT,1911-11-21,1998-04-01,IFK GÖTEBORG,1934,2,0,
5142,"ANDERSSON, STEFAN",Nej,SWE,,1959-03-27,,BK HÄCKEN,1983,18,0,EM USA
2394,"ANDERSSON, STEN",Nej,SWE,BRUSVIK,1920-11-03,2001-01-06,ÖREBRO SK,1947,7,1,
3713,"ANDERSSON, STEN-ÅKE",Nej,SWE,SÖLA,1940-02-15,2017-06-28,DEGERFORS IF,1961-1963,24,9,
3713,"ANDERSSON, STEN-ÅKE",Nej,SWE,SÖLA,1940-02-15,2017-06-28,ÅTVIDABERGS FF,1968-1972,83,3,
5097,"ANDERSSON, STEPHAN",Nej,SWE,LUVAN DARBELL,1960-04-22,,IFK SUNDSVALL,1980-1981,34,2,
5097,"ANDERSSON, STEPHAN",Nej,SWE,LUVAN DARBELL,1960-04-22,,GEFLE IF,1983-1984,18,0,
2344,"ANDERSSON, STIG",Nej,SWE,,1925-10-10,2005-04-20,GAIS,1948-1954,142,20,FR HISINGSTADS IS
3029,"ANDERSSON, STIG",Nej,SWE,KVIBILLE KVIBLING,1929-05-07,2011-04-01,HALMSTADS BK,1955-1957,22,8,
3029,"ANDERSSON, STIG",Nej,SWE,KVIBILLE KVIBLING,1929-05-07,2011-04-01,MOTALA AIF,1958,2,1,
3045,"ANDERSSON, STIG",Nej,SWE,ILLTOSS,1928-02-11,2018-03-25,NORRBY IF,1956,22,0,
3057,"ANDERSSON, STIG",Nej,SWE,,1936-01-02,2022-09-21,ÖRGRYTE IS,1959-1963,75,9,
2370,"ANDERSSON, STIG EMANUEL",Nej,SWE,STICKAN,1914-10-16,2000-03-23,HAMMARBY IF,1940,18,4,
4414,"ANDERSSON, STIG-OLOF",Ja,SWE,,1949-01-01,,IF SAAB,1973,1,0,
1649,"ANDERSSON, STURE",Nej,SWE,DAHLLÖF,1919-04-28,2009-06-23,IF ELFSBORG,1938-1946,113,17,
1141,"ANDERSSON, SUNE",Nej,SWE,,1898-04-21,1981-03-08,DJURGÅRDENS IF,1928,3,0,
1677,"ANDERSSON, SUNE",Nej,SWE,,1913-07-04,1982-11-24,MALMÖ FF,1937-1939,38,8,
2338,"ANDERSSON, SUNE",Nej,SWE,MONA-LISA,1921-02-22,2002-04-29,AIK,1947-1950,82,18,
2338,"ANDERSSON, SUNE",Nej,SWE,MONA-LISA,1921-02-22,2002-04-29,IFK ESKILSTUNA,1958,30,2,
2363,"ANDERSSON, SUNE",Nej,SWE,KF,1922-12-21,1994-07-26,IS HALMIA,1945-1949,74,0,
1001,"ANDERSSON, SVEN",Nej,SWE,VRÅLIS,1907-02-14,1981-05-30,AIK,1929-1940,235,28,
1143,"ANDERSSON, SVEN",Nej,SWE,,1898-04-11,1976-12-08,IK SLEIPNER,1925,5,0,
1154,"ANDERSSON, SVEN",Nej,SWE,"MÅBER""MAUBER",1902-06-15,1989-07-14,IFK UDDEVALLA,1926-1927,37,0,EM KANADA
1688,"ANDERSSON, SVEN",Nej,SWE,,1908-10-13,1993-05-22,IK SLEIPNER,1932-1933,2,0,"BR ARNE, OLLE"
1689,"ANDERSSON, SVEN",Nej,SWE,BUBBLA,1919-02-12,1996-12-19,IK SLEIPNER,1937-1941,59,3,
2389,"ANDERSSON, SVEN",Nej,SWE,STOJEN,1923-11-29,1999-02-28,SANDVIKENS IF,1943-1954,45,5,
3722,"ANDERSSON, SVEN",Nej,SWE,,1945-04-18,,IF ELFSBORG,1966-1974,147,17,
4354,"ANDERSSON, SVEN",Nej,SWE,,1940-10-05,,IS HALMIA,1963,3,0,
4425,"ANDERSSON, SVEN",Nej,SWE,GIGGI,1949-01-11,,ÖREBRO SK,1971-1974,87,12,
5176,"ANDERSSON, SVEN-BERTIL",Nej,SWE,,1951-09-17,,MJÄLLBY AIF,1980-1985,70,8,
2359,"ANDERSSON, SVEN",Ja,SWE,HALLÅ,1928-05-28,1982-06-18,IFK GÖTEBORG,1948-1953,12,0,
5615,"ANDERSSON, SVEN",Ja,SWE,BERKA,1963-10-06,,ÖRGRYTE IS,1981-1990,198,0,
5615,"ANDERSSON, SVEN",Ja,SWE,BERKA,1963-10-06,,HELSINGBORGS IF,1993-2001,233,0,
2233,"ANDERSSON, SVEN-VI",Nej,SWE,MÖNDIS,1912-06-06,2001-09-07,IF ELFSBORG,1931,7,1,LILL-MÖNDIS
3733,"ANDERSSON, SÖREN",Nej,SWE,,1944-01-31,,IFK NORRKÖPING,1967,3,1,
3734,"ANDERSSON, SÖREN",Nej,SWE,,1942-01-05,,SANDVIKENS IF,1961,20,6,
3734,"ANDERSSON, SÖREN",Nej,SWE,,1942-01-05,,ÖREBRO SK,1966-1972,119,26,
1657,"ANDERSSON, TAGE",Nej,SWE,,1913-04-14,1988-06-07,GAIS,1934,1,0,BR GÖSTA
2399,"ANDERSSON, TAGE",Nej,SWE,,1917-10-02,1996-12-18,ÖRGRYTE IS,1940,6,0,"VIRGO, EJ HAN I GAIS"
1026,"ANDERSSON, TAGE",Nej,SWE,,1906-01-04,1992-10-05,HAMMARBY IF,1925,2,0,
3725,"ANDERSSON, TAPIO",Nej,SWE,,1936-04-10,2021-10-26,IFK ESKILSTUNA,1964,20,3,
4411,"ANDERSSON, THOMAS",Nej,SWE,,1956-12-11,,IFK NORRKÖPING,1977-1979,26,3,
4411,"ANDERSSON, THOMAS",Nej,SWE,,1956-12-11,,AIK,1984-1987,64,16,
5361,"ANDERSSON, THOMAS",Nej,SWE,SÄFFLE,1963-06-26,,IF ELFSBORG,1986-1987,39,0,
5603,"ANDERSSON, THOMAS",Nej,SWE,,1968-09-03,,ÖREBRO SK,1989-2004,310,30,
6154,"ANDERSSON, THOMAS",Nej,SWE,,1973-03-05,,VÄSTRA FRÖLUNDA IF,1994-1995,10,0,
6499,"ANDERSSON, THOMAS",Nej,SWE,FISKEN,1968-01-20,,VÄSTERÅS SK,1997,25,6,
5518,"ANDERSSON, THOMAS",Ja,SWE,DOBBEN,1962-09-14,,IFK NORRKÖPING,1986-1988,5,0,
8572,"ANDERSSON, TOBIAS",Ja,SWE,,1994-02-18,,KALMAR FF,2020-2021,6,0,
4368,"ANDERSSON, TOMMY",Nej,SWE,,1950-02-03,,MALMÖ FF,1969-1979,123,28,
4377,"ANDERSSON, TOMMY",Nej,SWE,PLUTTEN,1952-09-24,,DJURGÅRDENS IF,1972,2,0,SEN ESKILSTUNA 75
4386,"ANDERSSON, TOMMY",Nej,SWE,,1951-10-08,,GAIS,1973-1975,28,2,MKL UTSIKTEN
5457,"ANDERSSON, TOMMY",Nej,SWE,HACKE,1964-01-30,,HALMSTADS BK,1989-1997,168,12,
5360,"ANDERSSON, TONY",Nej,SWE,,1966-03-01,,IF ELFSBORG,1986-1987,36,0,
5360,"ANDERSSON, TONY",Nej,SWE,,1966-03-01,,BK HÄCKEN,1993-1994,44,5,
5086,"ANDERSSON, ULRIK",Nej,SWE,,1962-11-10,,IF ELFSBORG,1981-1984,22,1,"BRÄMHULT 89,BYTTORP TR 90"
5439,"ANDERSSON, UNO",Nej,SWE,,1964-02-21,,HALMSTADS BK,1986,2,0,
1683,"ANDERSSON, VALFRID",Nej,SWE,DAN,1905-11-04,1974-01-07,SANDVIKENS IF,1930-1938,109,1,EJ VALDEMAR
3033,"ANDERSSON, VALTER",Nej,SWE,VALLE,1924-02-03,1966-07-13,HAMMARBY IF,1955-1956,26,0,
1144,"ANDERSSON, VICTOR",Nej,SWE,,1901-07-21,1958-09-07,ÖRGRYTE IS,1927,2,0,SIGN ANVIC
1144,"ANDERSSON, VICTOR",Nej,SWE,,1901-07-21,1958-09-07,REDBERGSLIDS IK,1931,3,0,
9939,"ANDERSSON, VICTOR",Nej,SWE,,2004-10-22,,AIK,2022-2023,3,0,GONCALVES ANDERSSON
1007,"ANDERSSON, WERNER",Nej,SWE,MICKEL,1904-06-03,1975-10-05,IFK GÖTEBORG,1925-1929,85,1,
1007,"ANDERSSON, WERNER",Nej,SWE,MICKEL,1904-06-03,1975-10-05,REDBERGSLIDS IK,1931,17,0,
1007,"ANDERSSON, WERNER",Nej,SWE,MICKEL,1904-06-03,1975-10-05,GÅRDA BK,1936-1937,11,0,
1670,"ANDERSSON, WERNER",Nej,SWE,DODDS,1915-12-03,1995-02-04,IS HALMIA,1934-1945,27,2,
1145,"ANDERSSON, WILLIAM",Nej,SWE,,1906-12-12,1971-12-02,HELSINGBORGS IF,1928-1932,22,4,
9830,"ANDERSSON, WILLIAM",Nej,SWE,,2006-02-28,,KALMAR FF,2023,1,0,
2357,"ANDERSSON, WILLY",Nej,SWE,ALDEBRINK,1927-01-16,1976-12-31,IFK GÖTEBORG,1945-1949,32,16,
2357,"ANDERSSON, WILLY",Nej,SWE,ALDEBRINK,1927-01-16,1976-12-31,IS HALMIA,1950,16,4,
1146,"ANDERSSON, YNGVE",Nej,SWE,GREVEN NISSÉUS,1899-03-06,1964-12-30,HELSINGBORGS IF,1925,8,0,
1005,"ANDERSSON, ÅKE",Nej,SWE,,1906-08-18,1982-03-19,IFK ESKILSTUNA,1926-1936,136,34,
1005,"ANDERSSON, ÅKE",Nej,SWE,,1906-08-18,1982-03-19,DJURGÅRDENS IF,1928,8,2,
2371,"ANDERSSON, ÅKE",Nej,SWE,PLUTTEN,1918-06-08,1982-05-11,HAMMARBY IF,1940,13,2,
4372,"ANDERSSON, ÅKE",Nej,SWE,"BULTEN""KINNA",1947-02-19,,AIK,1973-1975,20,0,
4422,"ANDERSSON, ÅKE",Nej,SWE,,1957-08-08,,IFK SUNDSVALL,1977-1981,104,6,
4422,"ANDERSSON, ÅKE",Nej,SWE,,1957-08-08,,ÖSTERS IF,1983-1984,44,5,
4422,"ANDERSSON, ÅKE",Nej,SWE,,1957-08-08,,GIF SUNDSVALL,1987-1991,75,2,
5049,"ANDERSSON, ÅKE",Nej,SWE,,1963-07-22,,AIK,1982-1984,23,1,
1644,"ANDERSSON, ÅKE I",Nej,SWE,"CARNERA""KANNA",1917-04-22,1983-07-20,GAIS,1936-1938,41,7,
1644,"ANDERSSON, ÅKE I",Nej,SWE,"CARNERA""KANNA",1917-04-22,1983-07-20,AIK,1940-1946,124,26,
2335,"ANDERSSON, ÅKE II",Nej,SWE,,1922-05-20,1964-08-08,AIK,1945-1946,5,0,
3054,"ANDERSSON, ÖSTEN",Nej,SWE,,1920-06-10,2001-10-29,ÅTVIDABERGS FF,1952,19,1,
8937,"ANDREASSON, ANTON",Nej,SWE,,1993-07-26,,IF ELFSBORG,2015,4,0,
3047,"ANDREASSON, CONNY",Nej,SWE,,1927-08-14,2016-01-12,NORRBY IF,1956,16,6,FR VISKAFORS VIA ÖREBRO
1695,"ANDREASSON, GÖSTA",Nej,SWE,,1908-07-01,1991-08-10,IS HALMIA,1933,9,0,
2352,"ANDREASSON, KARL",Nej,SWE,LALLE,1924-04-03,1991-05-22,GAIS,1947,2,0,
6517,"ANDREASSON, MARCUS",Nej,SWE,,1978-07-13,,ÖSTERS IF,1997-1998,12,0,EM NORGE
6517,"ANDREASSON, MARCUS",Nej,SWE,,1978-07-13,,KALMAR FF,1999,7,0,
1148,"ANDREASSON, NILS",Nej,SWE,,1906-05-20,1989-01-24,GAIS,1925-1931,62,0,
2348,"ANDREASSON, ROLF",Ja,SWE,STÅLMANNEN,1922-07-17,1996-06-18,GAIS,1943-1944,13,0,
6258,"ANDREASSON, STEFAN",Nej,SWE,,1968-12-14,,IF ELFSBORG,1997-2001,73,11,
4397,"ANDREASSON, STIG",Nej,SWE,,1948-03-30,2014-12-20,KALMAR FF,1976-1980,96,17,
4423,"ANDREASSON, TONY",Nej,SWE,,1952-01-15,,ÅTVIDABERGS FF,1975-1982,154,0,
4930,"ANDREASSON, ULF",Nej,SWE,RANEBY,1958-10-21,,IF ELFSBORG,1979-1980,3,0,
1662,"ANDREASSON, VALTER",Nej,SWE,VALLE,1906-07-17,1967-10-19,GEFLE IF,1934,3,2,IFK SALA
5728,"ANDREEV, SERGEJ",Nej,SOV,,1956-05-16,,ÖSTERS IF,1990,17,1,
1147,"ANDRÉ, IVAR",Nej,SWE,,1905-02-16,1978-10-16,DJURGÅRDENS IF,1928,1,0,
1650,"ANDRÉEN, JOHN",Nej,SWE,,1916-10-10,2010-08-09,IF ELFSBORG,1939-1941,6,2,
1686,"ANDRÉHN, GUNNAR",Nej,SWE,,1916-08-28,2003-03-23,SANDVIKENS IF,1939-1940,5,1,FR IFK ÖSTERSUND
3056,"ANDRÉN, JARL",Nej,SWE,,1937-09-27,2017-06-11,ÖRGRYTE IS,1959,1,0,
3056,"ANDRÉN, JARL",Nej,SWE,,1937-09-27,2017-06-11,GIF SUNDSVALL,1965,22,2,
5147,"ANDRÉN, KENNY",Nej,SWE,,1952-01-09,,BK HÄCKEN,1983,7,0,
1149,"ANDRÉN, THOR",Nej,SWE,,1905-01-05,1965-10-13,IFK UDDEVALLA,1927,8,0,
6131,"ANDRIJEVSKI, GREGER",Nej,SWE,,1973-04-29,,LANDSKRONA BoIS,1994,18,9,
6131,"ANDRIJEVSKI, GREGER",Nej,SWE,,1973-04-29,,MALMÖ FF,1995-1997,21,5,
6131,"ANDRIJEVSKI, GREGER",Nej,SWE,,1973-04-29,,TRELLEBORGS FF,2001,8,3,
8486,"ANDRIUSKEVICIUS, VYTAUTAS",Nej,LIT,,1990-10-08,,DJURGÅRDENS IF,2013-2014,31,0,
0358,"ANEGRUND, JOHAN",Nej,SWE,,1973-03-01,,IFK GÖTEBORG,1994-1999,34,1,
0358,"ANEGRUND, JOHAN",Nej,SWE,,1973-03-01,,VÄSTRA FRÖLUNDA IF,1998,23,0,
0358,"ANEGRUND, JOHAN",Nej,SWE,,1973-03-01,,ÖRGRYTE IS,2000-2006,119,10,
9608,"ANESTIS, GIANNIS",Ja,GRE,,1991-03-09,,IFK GÖTEBORG,2019-2021,88,0,
2400,"ANGEL, EMIL",Nej,SWE,,1916-11-09,1987-08-25,IS HALMIA,1944-1949,112,20,
8330,"ANGELIN, ALEXANDER",Nej,SWE,,1990-01-30,,GAIS,2011-2012,4,0,
8330,"ANGELIN, ALEXANDER",Nej,SWE,,1990-01-30,,BK HÄCKEN,2018,2,0,
4994,"ANGLESJÖ, LEIF",Nej,SWE,,1958-05-07,,IFK NORRKÖPING,1978-1981,45,9,
1659,"ANGREN, ERIK",Ja,SWE,,1914-10-01,1992-10-06,GAIS,1934-1938,90,0,FR HISINGSTADS IS
8014,"ANGUS, CALUM",Nej,ENG,,1986-04-15,,GAIS,2009-2012,61,4,
9051,"ANIER, HENRI",Nej,EST,,1990-12-17,,KALMAR FF,2016,9,1,
8946,"ANKERSEN, JAKOB",Nej,NOR,,1990-09-22,,IFK GÖTEBORG,2015-2016,57,13,
7400,"ANKLEV, BJÖRN",Nej,SWE,,1979-04-13,,HALMSTADS BK,2004-2007,59,3,
7400,"ANKLEV, BJÖRN",Nej,SWE,,1979-04-13,,ÖRGRYTE IS,2009,26,1,
7400,"ANKLEV, BJÖRN",Nej,SWE,,1979-04-13,,BK HÄCKEN,2011-2014,90,10,
3708,"ANLERT, BENGT",Nej,SWE,,1934-05-09,2018-10-09,AIK,1954-1961,141,7,
3708,"ANLERT, BENGT",Nej,SWE,,1934-05-09,2018-10-09,IFK ESKILSTUNA,1964,17,1,
3709,"ANLERT, BJÖRN",Nej,SWE,,1934-05-09,2018-09-01,AIK,1955-1966,151,6,
2390,"ANSELL, RAGNAR",Nej,SWE,,1918-11-10,1967-03-27,SANDVIKENS IF,1944,1,0,
7931,ANSELMO,Nej,BRA,A.TADEU SILVA DO NASCIM.,1980-10-24,,HALMSTADS BK,2008-2010,70,25,
1661,"ANTFORS, HENRY I",Nej,SWE,ETTRIG ANDERSSON TID.,1909-05-18,1979-06-08,IFK GÖTEBORG,1933,2,2,
1661,"ANTFORS, HENRY I",Nej,SWE,ETTRIG ANDERSSON TID.,1909-05-18,1979-06-08,GAIS,1935-1942,38,7,
6378,"ANTONELIUS, TOMAS",Nej,SWE,GUSTAFSSON TID.,1973-05-07,,AIK,1997-1999,75,2,
8815,"ANTONSSON, ANTON",Nej,SWE,,1993-07-26,,IF ELFSBORG,2014,4,0,
2381,"ANTONSSON, BRYNOLF",Nej,SWE,TONI,1922-08-16,2014-04-13,JÖNKÖPINGS SÖDRA IF,1946,2,0,
2382,"ANTONSSON, GUNNAR",Nej,SWE,,1917-04-20,2003-03-19,LUDVIKA FFI,1945,16,1,
8230,"ANTONSSON, MARCUS",Nej,SWE,,1991-05-08,,HALMSTADS BK,2010-2021,80,16,
8230,"ANTONSSON, MARCUS",Nej,SWE,,1991-05-08,,KALMAR FF,2015-2016,41,22,
8230,"ANTONSSON, MARCUS",Nej,SWE,,1991-05-08,,MALMÖ FF,2018-2020,49,15,
8230,"ANTONSSON, MARCUS",Nej,SWE,,1991-05-08,,IFK VÄRNAMO,2022,30,20,
6547,"ANTONSSON, MIKAEL",Nej,SWE,,1981-05-31,,IFK GÖTEBORG,2000-2004,52,0,
3019,"ANTONSSON, OLLE",Nej,SWE,OLOF,1937-08-31,,GAIS,1959,5,0,
6476,"ANTONSSON, PETER",Ja,SWE,,1968-02-18,,PANOS LJUNGSKILE SK,1997,10,0,
6653,"ANTTONEN, PATRIK",Nej,SWE,,1980-03-06,,ÖREBRO SK,1999-2012,240,10,
3030,"APELGREN, TORE",Nej,SWE,,1928-02-07,2020-04-19,HAMMARBY IF,1956-1959,51,0,"N.VÅNGA BK, SONSON PER"
3021,"APELL, BENGT",Nej,SWE,,1937-05-21,,GAIS,1959-1964,24,0,"SEN QVIDING, VIRGO 71"
3727,"APELL, BENNY",Nej,SWE,,1945-11-01,,GAIS,1966-1974,121,2,SEN NORRBY 75
5818,"APELSTAV, FILIP",Nej,SWE,,1971-09-18,,VÄSTRA FRÖLUNDA IF,1992-1995,81,1,
5818,"APELSTAV, FILIP",Nej,SWE,,1971-09-18,,IFK NORRKÖPING,1996-2002,79,2,
2361,"APPELGREN, ARNE",Nej,SWE,,1922-03-24,1990-01-07,IFK GÖTEBORG,1943,1,0,SEN FRA
2361,"APPELGREN, ARNE",Nej,SWE,,1922-03-24,1990-01-07,LUDVIKA FFI,1945,17,2,
2347,"APPELGREN, MORGAN",Nej,SWE,,1923-01-16,2000-02-22,GAIS,1944,8,1,"FR LUNDBY,SEN HÄCK, GBG"
2362,"APPELGREN, SVEN",Nej,SWE,,1927-09-08,2017-12-14,IFK GÖTEBORG,1948-1953,56,2,FR HISINGSTADS IS
2387,"APPELQVIST, LARS",Nej,SWE,,1927-05-18,,IFK NORRKÖPING,1946-1949,2,1,
1150,"APPELSKOG, BERTIL",Nej,SWE,BEBBE,1901-12-25,1984-05-04,IK SLEIPNER,1925-1929,76,31,
2374,"APPELTOFFT, STENDY",Nej,SWE,MAGGE,1920-11-27,1992-11-28,HELSINGBORGS IF,1946-1956,178,1,
8939,"ARABA, HAKEEM",Nej,ENG,,1990-02-12,,FALKENBERGS FF,2015-2016,51,9,
8237,"ARAJUURI, PAULUS",Nej,FIN,,1988-06-15,,KALMAR FF,2010-2013,56,3,
4379,"ARAL, GÖRAN",Nej,SWE,,1953-07-03,,DJURGÅRDENS IF,1975,1,0,
4359,"ARCTAEDIUS, KJELL",Nej,SWE,,1945-10-17,2017-01-10,IFK HOLMSUND,1967,7,0,
6867,"ARDENFORS, JACOB",Nej,SWE,,1980-08-15,,VÄSTRA FRÖLUNDA IF,2000,1,0,
9246,"ARHIN, FRANK",Nej,GHA,,1999-02-16,,ÖSTERSUNDS FK,2017-2021,37,1,
7712,ARI,Nej,BRA,ARICLENES DA SILVA FERRE,1985-12-11,,KALMAR FF,2006-2007,35,18,"FERREIRA, RYSK MEDB 2018"
3020,"ARKEVALL, PER-OLOF",Nej,SWE,,1937-02-11,1998-06-18,GAIS,1959,4,0,FD ANDERSSON
8236,"ARKIVUO, KARI",Nej,FIN,,1983-06-23,,BK HÄCKEN,2010-2019,194,5,
8031,"ARMAS, IGOR",Nej,MLD,,1987-07-14,,HAMMARBY IF,2009,27,0,
3740,"ARMBORG, CHRISTER",Nej,SWE,,1945-07-03,,ÖREBRO SK,1966,3,0,
6869,"ARMSTRONG, STEPHEN",Nej,RSA,,1976-07-23,,VÄSTRA FRÖLUNDA IF,2000,12,1,
7449,"ARNASON, KARI",Nej,ISL,,1982-10-13,,DJURGÅRDENS IF,2005-2006,35,0,
7449,"ARNASON, KARI",Nej,ISL,,1982-10-13,,MALMÖ FF,2015-2016,37,2,
5301,"ARNBERG, GÖRAN",Nej,SWE,,1957-08-01,,IK BRAGE,1980-1993,246,14,
1151,"ARNBERG, TORSTEN",Nej,SWE,ALA,1905-08-18,1979-03-29,AIK,1929,8,0,
7673,"ARNEFJORD, DANIEL",Nej,SWE,,1979-03-21,,AIK,2006-2008,38,0,
2388,"ARNELL, GÖTE",Nej,SWE,,1926-05-21,2014-10-02,IFK NORRKÖPING,1948-1956,132,4,
6524,"ARNENG, JOHAN",Nej,SWE,,1979-06-14,,DJURGÅRDENS IF,2003-2007,113,9,
6524,"ARNENG, JOHAN",Nej,SWE,,1979-06-14,,SYRIANSKA FC,2011-2012,41,0,
4418,"ARNESSON, JÖRGEN",Nej,SWE,,1950-10-06,,IK SIRIUS,1973,1,0,D730516 NORRK-B 0-6.INB
3014,"ARNESSON, LARS",Nej,SWE,LABAN,1936-02-20,2023-10-01,SANDVIKENS IF,1958,2,0,
3014,"ARNESSON, LARS",Nej,SWE,LABAN,1936-02-20,2023-10-01,DJURGÅRDENS IF,1960-1964,65,1,
8438,"AROKOYO, GBENGA",Nej,NIG,,1992-11-01,,MJÄLLBY AIF,2012-2014,48,1,
8438,"AROKOYO, GBENGA",Nej,NIG,,1992-11-01,,KALMAR FF,2018-2020,11,1,
3715,"ARONSSON, GUNNAR",Nej,SWE,,1940-09-22,,DEGERFORS IF,1961-1966,88,3,EJ BROR
3006,"ARONSSON, JAN",Nej,SWE,,1931-11-28,2016-01-04,DEGERFORS IF,1952-1965,220,78,
3006,"ARONSSON, JAN",Nej,SWE,,1931-11-28,2016-01-04,DJURGÅRDENS IF,1959,9,2,
3007,"ARONSSON, LEIF",Nej,SWE,KULING,1938-01-27,1987-01-17,DEGERFORS IF,1956-1966,134,15,
3007,"ARONSSON, LEIF",Nej,SWE,KULING,1938-01-27,1987-01-17,DJURGÅRDENS IF,1959,1,0,
4405,"ARONSSON, MATS",Nej,SWE,,1951-08-16,,LANDSKRONA BoIS,1977-1980,83,36,
4405,"ARONSSON, MATS",Nej,SWE,,1951-08-16,,DJURGÅRDENS IF,1981,19,2,
5081,"ARONSSON, RONNIE",Nej,SWE,,1961-06-14,,DJURGÅRDENS IF,1981,5,1,
2346,"ARONSSON, STIG",Nej,SWE,,1919-05-26,1983-04-21,GAIS,1944-1946,8,0,
1152,"ARONTZON, BROR",Nej,SWE,,1897-10-07,1967-11-25,IF ELFSBORG,1927,4,0,
4417,"ARPE, ANDERS",Nej,SWE,,1946-12-02,,IK SIRIUS,1973,3,0,
5239,"ARPFORS, HÅKAN",Nej,SWE,,1961-10-05,,ÅTVIDABERGS FF,1980-1982,9,0,
4352,"ARVELIN, LARS-ERIK",Nej,SWE,,1945-03-23,2008-09-24,IFK GÖTEBORG,1968-1970,42,0,
4384,"ARVHAGE, ANDERS",Nej,SWE,,1951-09-09,,IF ELFSBORG,1973-1978,58,15,KINNA IF 1981
6588,"ARVHAGE, KRISTOFFER",Nej,SWE,,1977-11-03,,IF ELFSBORG,1998-2004,145,9,
6588,"ARVHAGE, KRISTOFFER",Nej,SWE,,1977-11-03,,IFK NORRKÖPING,2008,28,2,
3009,"ARVIDSSON, ARNE",Ja,SWE,,1929-01-19,2008-10-23,DJURGÅRDENS IF,1953-1965,241,0,
2235,"ARVIDSSON, GUSTAV",Nej,SWE,,1905-11-21,1973-10-09,HALLSTAHAMMARS SK,1932,2,0,
4430,"ARVIDSSON, HÅKAN",Nej,SWE,,1953-04-14,,ÖSTERS IF,1974-1980,164,1,
4430,"ARVIDSSON, HÅKAN",Nej,SWE,,1953-04-14,,KALMAR FF,1981-1986,94,1,
1667,"ARVIDSSON, IVAR",Nej,SWE,,1912-02-20,1985-08-25,HALLSTAHAMMARS SK,1932-1939,26,2,
7488,"ARVIDSSON, JESPER",Nej,SWE,,1985-01-01,,IF ELFSBORG,2005-2006,8,0,
7488,"ARVIDSSON, JESPER",Nej,SWE,,1985-01-01,,ÅTVIDABERGS FF,2010-2012,57,7,
7488,"ARVIDSSON, JESPER",Nej,SWE,,1985-01-01,,DJURGÅRDENS IF,2013-2015,61,5,
7488,"ARVIDSSON, JESPER",Nej,SWE,,1985-01-01,,IK SIRIUS,2017-2019,53,11,
9079,"ARVIDSSON, JOHAN",Nej,SWE,,2000-02-25,,KALMAR FF,2020-2021,3,0,
2367,"ARVIDSSON, KARL",Nej,SWE,HOMPEL,1918-01-28,1993-01-06,HALMSTADS BK,1943,12,0,
2367,"ARVIDSSON, KARL",Nej,SWE,HOMPEL,1918-01-28,1993-01-06,ÖREBRO SK,1947,14,0,
4398,"ARVIDSSON, KJELL",Nej,SWE,,1957-03-14,,KALMAR FF,1977-1979,15,1,
3742,"ARVIDSSON, KLAS-OLOF",Nej,SWE,,1945-01-23,2018-01-14,ÖRGRYTE IS,1965-1968,60,17,BANDY SURTE
5479,"ARVIDSSON, MAGNUS",Nej,SWE,MANNO,1964-08-24,,KALMAR FF,1984-1986,65,1,
6011,"ARVIDSSON, MAGNUS",Nej,SWE,,1973-02-12,,HELSINGBORGS IF,1993,5,0,
6011,"ARVIDSSON, MAGNUS",Nej,SWE,,1973-02-12,,TRELLEBORGS FF,1998-1999,36,12,
6011,"ARVIDSSON, MAGNUS",Nej,SWE,,1973-02-12,,HALMSTADS BK,2006-2008,59,13,
4989,"ARVIDSSON, MATS",Nej,SWE,BALJA,1958-04-19,,MALMÖ FF,1978-1987,130,10,
5449,"ARVIDSSON, TORBJÖRN",Nej,SWE,,1968-05-06,,HALMSTADS BK,1989-2004,306,21,
9197,"ASAAD, REBIN",Nej,SWE,,1994-10-31,,HALMSTADS BK,2017,5,0,
9197,"ASAAD, REBIN",Nej,SWE,,1994-10-31,,HAMMARBY IF,2017,10,0,
9665,"ASANI, JASIR",Nej,NMAK,,1995-05-19,,AIK,2020,4,1,
7663,"ASANOVSKI, MUAMET",Nej,SWE,MUDI,1991-07-14,,MALMÖ FF,2009-2010,2,0,
7735,"ASHA, YAMBA",Nej,ANG,,1976-07-31,,ÖSTERS IF,2006,4,0,
3724,"ASKENGREN, JAN-OLOF",Ja,SWE,PUTTE,1947-07-04,,IF ELFSBORG,1968,1,0,
3055,"ASKERBLOM, SVEN-OLOF",Nej,SWE,PUTTE,1932-02-11,2022-10-10,ÖREBRO SK,1951-1961,42,5,
1643,"ASKERLUND, LENNART",Nej,SWE,CARLSSON TID.,1918-07-09,1957-07-02,IFK ESKILSTUNA,1935-1936,10,1,
1643,"ASKERLUND, LENNART",Nej,SWE,CARLSSON TID.,1918-07-09,1957-07-02,MALMÖ FF,1941-1942,35,6,
1643,"ASKERLUND, LENNART",Nej,SWE,CARLSSON TID.,1918-07-09,1957-07-02,AIK,1943-1944,43,14,
2332,"ASKINGER, LENNART """,Nej,SWE,BLONDIEPLUNTAN ANDERSSON TID.,1922-05-03,1995-04-13,REYMERSHOLMS IK,1942,2,0,
2332,"ASKINGER, LENNART """,Nej,SWE,BLONDIEPLUNTAN ANDERSSON TID.,1922-05-03,1995-04-13,AIK,1947-1955,89,5,
8574,"ASORO, JOEL",Nej,SWE,,1999-04-27,,DJURGÅRDENS IF,2021-2023,71,13,
7776,"ASP, JONATHAN",Nej,SWE,,1990-05-06,,TRELLEBORGS FF,2009-2011,44,2,
5472,"ASP, LARS",Nej,SWE,,1968-04-19,,HAMMARBY IF,1988-1995,47,8,
5055,"ASP, LENNY",Nej,SWE,,1959-12-19,,AIK,1983,5,1,
5055,"ASP, LENNY",Nej,SWE,,1959-12-19,,TRELLEBORGS FF,1985,10,0,
0948,"ASP, PÄR",Nej,SWE,,1982-08-14,,IF BROMMAPOJKARNA,2007-2010,69,1,
0948,"ASP, PÄR",Nej,SWE,,1982-08-14,,GEFLE IF,2011-2013,72,0,
6106,"ASP, STEFAN",Ja,SWE,,1960-01-03,,HAMMARBY IF,1994,3,0,
6584,"ASPER, MATTIAS",Ja,SWE,,1974-03-20,,AIK,1998-2000,60,0,
6584,"ASPER, MATTIAS",Ja,SWE,,1974-03-20,,MALMÖ FF,2002-2006,100,0,
6584,"ASPER, MATTIAS",Ja,SWE,,1974-03-20,,IF BROMMAPOJKARNA,2007,6,0,
6584,"ASPER, MATTIAS",Ja,SWE,,1974-03-20,,MJÄLLBY AIF,2010-2014,148,1,
8943,"ASPGREN, CHRISTOFFER",Nej,SWE,,1995-09-20,,GEFLE IF,2015,3,0,
3717,"ASPLUND, ANDERS",Nej,SWE,,1939-02-11,2020-02-15,DEGERFORS IF,1964-1966,41,17,
8052,"ASSIS, LOURIVAL",Nej,BRA,,1984-02-03,,KALMAR FF,2009,7,0,
8062,"ASTVALD, MARKUS",Nej,SWE,,1990-09-03,,ÖREBRO SK,2009-2012,90,10,
8321,"ATAKORA, LALAWELE",Nej,TOG,,1990-11-09,,AIK,2011-2014,40,3,
8321,"ATAKORA, LALAWELE",Nej,TOG,,1990-11-09,,HELSINGBORGS IF,2015-2016,50,3,
7874,"ATASHKADEH, WILLIAM",Nej,SWE,,1992-04-12,,IFK GÖTEBORG,2010,5,1,
7874,"ATASHKADEH, WILLIAM",Nej,SWE,,1992-04-12,,ÖREBRO SK,2011-2012,28,7,
7471,"ATIKU, IBRAHIM",Nej,GHA,,1983-05-20,,ASSYRISKA FF,2005,21,1,
9937,"ATOLA, HENRY",Nej,KEN,MEJA,2001-12-21,,AIK,2022,3,0,
7913,"ATTA, WALID",Nej,SWE,,1986-08-28,,AIK,2008-2010,32,1,
7913,"ATTA, WALID",Nej,SWE,,1986-08-28,,HELSINGBORGS IF,2012-2013,31,6,
7913,"ATTA, WALID",Nej,SWE,,1986-08-28,,BK HÄCKEN,2014,26,0,
7913,"ATTA, WALID",Nej,SWE,,1986-08-28,,ÖSTERSUNDS FK,2016,20,2,
3027,"ATTEMALM, BERNDT",Nej,SWE,,1937-04-28,,IFK GÖTEBORG,1956-1960,22,8,
6160,"AUBYNN , JEFFREY",Nej,SWE,OBENG,1977-05-12,,HALMSTADS BK,1998-2000,35,3,
6160,"AUBYNN , JEFFREY",Nej,SWE,OBENG,1977-05-12,,ÖRGRYTE IS,2001-2003,54,10,
6160,"AUBYNN , JEFFREY",Nej,SWE,OBENG,1977-05-12,,HAMMARBY IF,2005-2007,42,5,
6160,"AUBYNN , JEFFREY",Nej,SWE,OBENG,1977-05-12,,MALMÖ FF,2008-2011,78,6,
6160,"AUBYNN , JEFFREY",Nej,SWE,OBENG,1977-05-12,,GAIS,2012,15,1,
8865,"AUGUSTINSSON, JONATHAN",Nej,SWE,,1996-03-30,,DJURGÅRDENS IF,2017-2020,77,3,
8132,"AUGUSTINSSON, LUDWIG",Nej,SWE,,1994-04-21,,IFK GÖTEBORG,2013-2014,29,1,
2236,"AUGUSTSSON, ALLAN",Nej,SWE,,1912-04-18,1987-08-16,REDBERGSLIDS IK,1931,1,0,FR VIRGO
7953,"AUGUSTSSON, ANDERS",Nej,SWE,,1975-03-04,,PANOS LJUNGSKILE SK,2008,26,0,
6061,"AUGUSTSSON, ANDREAS",Nej,SWE,,1976-11-26,,IF ELFSBORG,2006-2012,114,7,
4365,"AUGUSTSSON, BO",Nej,SWE,,1949-12-28,,ÅTVIDABERGS FF,1968-1974,92,6,
4365,"AUGUSTSSON, BO",Nej,SWE,,1949-12-28,,LANDSKRONA BoIS,1975-1979,102,16,
6757,"AUGUSTSSON, JACOB",Nej,SWE,,1980-10-08,,HELSINGBORGS IF,2004-2006,42,0,
7824,"AUGUSTSSON, JIMMIE",Nej,SWE,,1981-04-13,,TRELLEBORGS FF,2007,19,2,
7824,"AUGUSTSSON, JIMMIE",Nej,SWE,,1981-04-13,,KALMAR FF,2008-2010,27,1,
6142,"AUGUSTSSON, JOHAN",Nej,SWE,,1974-03-07,,LANDSKRONA BoIS,1994,1,0,
4403,"AUGUSTSSON, JÖRGEN",Nej,SWE,,1952-10-28,,ÅTVIDABERGS FF,1972-1982,121,0,
4403,"AUGUSTSSON, JÖRGEN",Nej,SWE,,1952-10-28,,LANDSKRONA BoIS,1976-1980,117,0,
3716,"AUGUSTSSON, SVEN",Nej,SWE,,1941-07-11,,DEGERFORS IF,1963-1966,77,2,FR SVARTÅ
1660,"AUGUSTSSON, TURE",Nej,SWE,,1914-04-28,1957-10-13,GAIS,1936-1938,6,0,
7227,"AVDIC, DENNI",Nej,SWE,,1988-09-05,,IF ELFSBORG,2007-2010,102,26,
7227,"AVDIC, DENNI",Nej,SWE,,1988-09-05,,AIK,2016-2018,55,5,
7227,"AVDIC, DENNI",Nej,SWE,,1988-09-05,,ATHLETIC FC ESKILSTU,2019,16,1,
7528,"AVNSKJOLD, MORTEN",Nej,DAN,,1979-08-26,,LANDSKRONA BoIS,2005,11,0,
8575,"AWAD, AHMED",Nej,SWE,,1992-06-01,,DALKURD FF,2018,22,3,
8575,"AWAD, AHMED",Nej,SWE,,1992-06-01,,ÖSTERSUNDS FK,2020-2021,15,1,
7485,"AWROHUM, NARAMSIN",Nej,SWE,,1985-01-20,,ASSYRISKA FF,2005,1,0,TID.OYAL
6520,"AXBERG, RICKARD",Nej,SWE,,1977-09-13,,ÖSTERS IF,1997-1998,18,1,
3048,"AXBOM, SVEN",Nej,SWE,BOMMEN,1926-10-15,2006-04-08,IFK NORRKÖPING,1953-1960,167,10,
5692,"AXELDAL, JONAS",Nej,SWE,,1970-09-02,,HALMSTADS BK,1990-1991,31,10,
5692,"AXELDAL, JONAS",Nej,SWE,,1970-09-02,,MALMÖ FF,1992-1993,48,9,
5692,"AXELDAL, JONAS",Nej,SWE,,1970-09-02,,ÖSTERS IF,1994-1996,74,15,
1691,"AXELSSON, ALLAN",Nej,SWE,,1913-02-12,1991-03-14,ÖRGRYTE IS,1933,4,0,
6956,"AXELSSON, ANTON",Nej,SWE,,1984-02-28,,ÖSTERS IF,2003,3,0,
2372,"AXELSSON, ARNE",Nej,SWE,LILL-ACKE,1922-08-20,2007-05-25,HELSINGBORGS IF,1941-1946,36,8,
2380,"AXELSSON, BERNT",Nej,SWE,,1926-08-06,2014-12-09,JÖNKÖPINGS SÖDRA IF,1948-1949,14,2,
3743,"AXELSSON, BÖRJE",Nej,SWE,,1937-04-06,,ÖSTERS IF,1968,12,1,"HUSKV IF -62, IFK M 63-"
4399,"AXELSSON, BÖRJE",Nej,SWE,,1950-04-09,,KALMAR FF,1976-1980,126,4,
4357,"AXELSSON, CHRISTER",Nej,SWE,,1948-04-08,1999-09-07,HAMMARBY IF,1967-1971,7,0,
4402,"AXELSSON, KENNETH",Nej,SWE,,1946-02-19,,LANDSKRONA BoIS,1971,5,0,
5226,"AXELSSON, KRISTER",Nej,SWE,,1957-08-15,,TRELLEBORGS FF,1985,10,0,
3729,"AXELSSON, KURT",Nej,SWE,,1941-11-10,1984-12-15,GAIS,1964-1967,49,0,EJ 410110
4420,"AXELSSON, MATS",Nej,SWE,,1954-09-15,,IFK SUNDSVALL,1976-1981,102,6,
1010,"AXELSSON, NILS",Nej,SWE,,1906-01-18,1989-01-18,HELSINGBORGS IF,1929-1944,303,1,
5101,"AXMAN, THOMAS",Nej,SWE,,1965-08-24,,GEFLE IF,1983,3,0,
9792,"AYARI, TAHA",Nej,SWE,,2005-05-10,,AIK,2022-2023,25,1,
9666,"AYARI, YASIN",Nej,SWE,,2003-10-06,,AIK,2020-2022,37,4,
7922,"AYARNA, REUBEN",Nej,GHA,,1985-10-22,,GAIS,2008-2012,94,1,
7922,"AYARNA, REUBEN",Nej,GHA,,1985-10-22,,BK HÄCKEN,2013,5,0,
8576,"AYAZ, FERHAD",Nej,SWE,,1994-10-10,,ÖREBRO SK,2016-2017,19,2,
8576,"AYAZ, FERHAD",Nej,SWE,,1994-10-10,,DALKURD FF,2018,21,3,
8576,"AYAZ, FERHAD",Nej,SWE,,1994-10-10,,DEGERFORS IF,2021,14,1,
9728,"AYER, KEANIN",Nej,RSA,,2000-04-21,,VARBERGS BOIS,2020-2021,26,1,
7112,"AYORINDE, SAMUEL",Nej,NIG,,1974-10-20,,AIK,2002-2003,12,2,
2243,"AYRANCI, SINAN",Nej,SWE,,1990-07-09,,IF BROMMAPOJKARNA,2009-2010,18,2,
8007,"AYUBA, YOSIF",Nej,SWE,,1990-11-30,,DJURGÅRDENS IF,2009-2010,15,1,
9213,"AYUK, ERIC",Nej,KAM,,1997-02-17,,JÖNKÖPINGS SÖDRA IF,2017,12,1,
7353,"AZINOVIC, ZLATAN",Ja,SWE,,1988-01-31,,KALMAR FF,2008-2011,3,0,
7353,"AZINOVIC, ZLATAN",Ja,SWE,,1988-01-31,,TRELLEBORGS FF,2011,3,0,
7353,"AZINOVIC, ZLATAN",Ja,SWE,,1988-01-31,,MALMÖ FF,2014-2015,5,0,
7654,"AZIZ, SAMUEL",Nej,SWE,,1991-07-05,,HELSINGBORGS IF,2009-2010,2,0,
7654,"AZIZ, SAMUEL",Nej,SWE,,1991-07-05,,GIF SUNDSVALL,2017,1,0,
9439,"AZIZI, PESHRAW",Nej,SWE,,1988-01-19,,DALKURD FF,2018,3,0,
8030,"AZRACH-YASSINE, MAHAMAT",Nej,TCH,,1988-03-24,,HALMSTADS BK,2009,8,1,
7868,"AZULAY, JONATHAN",Nej,SWE,,1993-05-05,,IFK GÖTEBORG,2012,1,0,
7486,"BA, IBRAHIM",Nej,FRA,,1973-11-12,,DJURGÅRDENS IF,2005,14,1,
9069,"BACHIROU, FOUAD",Nej,FRA/KOM,,1990-04-15,,ÖSTERSUNDS FK,2016-2017,47,2,
9069,"BACHIROU, FOUAD",Nej,FRA/KOM,,1990-04-15,,MALMÖ FF,2018-2020,58,0,
4440,"BACKE, RUTGER",Nej,SWE,,1951-01-14,,HALMSTADS BK,1972-1981,207,76,
7267,"BACKLUND, EMIL",Nej,SWE,,1983-11-21,,IF ELFSBORG,2003-2004,3,0,
2457,"BACKMAN, GÖSTA",Nej,SWE,,1920-01-13,2011-06-18,ÖREBRO SK,1947,1,0,
1155,"BACKMAN, HARRY",Nej,SWE,,1907-01-01,1985-07-21,GAIS,1928,1,0,
3062,"BACKMAN, LENNART",Nej,SWE,,1934-02-07,,IFK NORRKÖPING,1957-1958,32,6,
3062,"BACKMAN, LENNART",Nej,SWE,,1934-02-07,,AIK,1959-1968,173,34,
8055,"BACKMAN, NIKLAS",Nej,SWE,,1988-11-13,,AIK,2010-2013,92,2,
1197,"BACKMAN, SAMUEL",Nej,SWE,,1899-11-25,1981-01-19,IFK ESKILSTUNA,1928,1,0,
7333,"BACKMAN, TOMAS",Nej,SWE,BACKMAN-SINCLAIR,1980-06-16,,DJURGÅRDENS IF,2004,11,1,
7333,"BACKMAN, TOMAS",Nej,SWE,BACKMAN-SINCLAIR,1980-06-16,,GIF SUNDSVALL,2005,3,0,
7333,"BACKMAN, TOMAS",Nej,SWE,BACKMAN-SINCLAIR,1980-06-16,,ÖSTERS IF,2006,23,1,
9081,"BACKMAN, VICTOR",Nej,SWE,,2001-03-16,,KALMAR FF,2021-2022,23,0,
9183,"BADJI, ALIOU",Nej,SEN,,1997-10-10,,DJURGÅRDENS IF,2017-2018,48,11,
7885,"BAFFO, JOSEPH",Nej,SWE,BAFFOE,1992-11-07,,HELSINGBORGS IF,2011-2013,33,1,TILL SVE SOM 4-ÅRING
7885,"BAFFO, JOSEPH",Nej,SWE,BAFFOE,1992-11-07,,HALMSTADS BK,2014-2023,83,1,
7504,"BAH, ALPHAJOR",Nej,SLE,,1977-01-01,2016-09-21,HALMSTADS BK,2005,9,0,MAHMADU ALPHAJOR
1640,"BAHNE, MAGNUS",Ja,FIN,MANKKO,1979-03-15,,HALMSTADS BK,2007-2009,63,0,
8002,"BAHOUI, NABIL",Nej,SWE,,1991-02-05,,IF BROMMAPOJKARNA,2009-2010,14,2,
8002,"BAHOUI, NABIL",Nej,SWE,,1991-02-05,,AIK,2013-2022,154,51,
9237,"BAHTIJAR, AMARO",Nej,SWE,,1998-08-26,,GIF SUNDSVALL,2017-2018,2,0,
7553,"BAHTIRI, JETULLAH",Nej,SWE,TONI,1988-01-30,,TRELLEBORGS FF,2007,5,0,
9949,"BAIDOO, MICHAEL",Nej,GHA,,1999-05-14,,IF ELFSBORG,2022-2023,49,13,
7614,"BAJRAMI, EMIR",Nej,SWE,,1988-03-07,,IF ELFSBORG,2006-2018,128,16,
5384,"BAKAOU, SAMIR",Nej,TUN,,1954-10-17,,VÄSTRA FRÖLUNDA IF,1987,13,0,
5384,"BAKAOU, SAMIR",Nej,TUN,,1954-10-17,,GAIS,1988-1990,58,13,
6405,"BAKIRCIOGLÜ, KENNEDY",Nej,SWE,,1980-11-02,,HAMMARBY IF,1999-2018,209,50,
7967,"BAKIU, NUREDIN",Ja,SWE,,1982-01-19,,IFK NORRKÖPING,2008,29,0,
6715,"BAKKERUD, LARS",Nej,NOR,,1971-06-01,,HELSINGBORGS IF,1999-2003,63,5,
8027,"BALA, KUJTIM",Nej,SWE,,1990-05-24,,HALMSTADS BK,2009-2011,20,1,
5600,"BALDEBO, STEFAN",Nej,SWE,,1965-04-09,,VÄSTRA FRÖLUNDA IF,1989-1992,32,4,
8011,"BALDVINSSON, GUDJON",Nej,ISL,GUJJI,1986-02-15,,GAIS,2009,5,0,
8011,"BALDVINSSON, GUDJON",Nej,ISL,GUJJI,1986-02-15,,HALMSTADS BK,2014,23,4,
8500,"BALDVINSSON, GUDJON",Nej,ISL,,1986-02-15,,HALMSTADS BK,2013,29,5,
5230,"BAMBER, DAVID",Nej,ENG,,1959-02-01,,TRELLEBORGS FF,1985,4,1,
7969,"BAMBERG, DANIEL",Nej,BRA,,1984-04-23,,IFK NORRKÖPING,2008,28,5,
7969,"BAMBERG, DANIEL",Nej,BRA,,1984-04-23,,ÖREBRO SK,2012,21,2,
7030,"BANACZEK, DAWID",Nej,POL,,1979-06-03,,IFK NORRKÖPING,2001-2002,18,3,
9624,"BANCE, IBRAHIM",Nej,BURK,,2001-01-15,,HELSINGBORGS IF,2019,6,0,
6079,"BANDA, CARLOS",Nej,SWE,,1977-08-23,,DJURGÅRDENS IF,1996,3,0,
9670,"BANDA, EMMANUEL",Nej,ZAM,,1997-09-27,,DJURGÅRDENS IF,2020-2022,57,9,
6435,"BANGURA, GBASSAY",Nej,SLE,BICHY,1974-01-30,2009-12-23,DEGERFORS IF,1997,24,3,
6435,"BANGURA, GBASSAY",Nej,SLE,BICHY,1974-01-30,2009-12-23,IF ELFSBORG,1998,7,0,
8318,"BANGURA, IBRAHIM",Nej,SLE,TETEH,1989-12-27,,AIK,2011,17,15,
8205,"BANGURA, MOHAMED",Nej,SLE,,1989-07-27,,AIK,2010-2015,73,25,
8205,"BANGURA, MOHAMED",Nej,SLE,,1989-07-27,,IF ELFSBORG,2013,27,6,
6729,"BANK, CHRISTIAN",Nej,DAN,,1974-04-25,,MALMÖ FF,1999,1,0,
7114,"BAPUPA, YANNICK NGABU",Nej,C,,1982-01-21,,DJURGÅRDENS IF,2002-2004,42,3,COD=KONGO DEM RER
7114,"BAPUPA, YANNICK NGABU",Nej,C,,1982-01-21,,GEFLE IF,2006-2009,92,12,
8229,"BAQAJ, GURI",Nej,SWE,,1990-09-12,,HALMSTADS BK,2010,5,0,
5872,"BARIN, JOACHIM",Nej,SWE,,1968-12-31,,GAIS,1991,1,0,
7210,"BARJAKTAROVIC, MILAN",Ja,SWE,,1987-06-12,,KALMAR FF,2007,1,0,
9082,"BARK, ADAM",Nej,SWE,,2000-09-26,,ÖREBRO SK,2019,1,0,
6851,"BARKEMO, MATS",Nej,SWE,,1972-09-17,,GIF SUNDSVALL,2000-2003,96,2,
7532,"BARLAY, SAMUEL",Nej,SLE,,1986-09-15,,MALMÖ FF,2005,4,0,
8950,"BARNY, JUNES",Nej,SWE/MAR,,1989-11-04,,HALMSTADS BK,2015,30,4,
8950,"BARNY, JUNES",Nej,SWE/MAR,,1989-11-04,,HAMMARBY IF,2018,13,1,
8950,"BARNY, JUNES",Nej,SWE/MAR,,1989-11-04,,IFK GÖTEBORG,2019,9,0,
8950,"BARNY, JUNES",Nej,SWE/MAR,,1989-11-04,,VARBERGS BOIS,2020,14,3,
8445,"BARROW, MODOU",Nej,SWE,,1992-10-13,,IFK NORRKÖPING,2012,7,0,
6073,"BARSOM, ABGAR",Nej,SWE,,1977-09-04,,DJURGÅRDENS IF,2001-2006,77,8,
6073,"BARSOM, ABGAR",Nej,SWE,,1977-09-04,,ÖREBRO SK,2007,6,1,
6073,"BARSOM, ABGAR",Nej,SWE,,1977-09-04,,SYRIANSKA FC,2011,23,1,
3754,"BARTHOLDSON, WIGAR",Nej,SWE,,1938-05-07,,IF ELFSBORG,1961-1967,152,17,
6248,"BARTHOLDSSON, JONUS",Nej,SWE,,1972-09-17,,ÖRGRYTE IS,1995,2,0,
7994,"BASSOMBENG, ERIC",Nej,KAM,,1983-11-02,,ÖREBRO SK,2008-2010,44,5,ERIC MAGLOIRE
7994,"BASSOMBENG, ERIC",Nej,KAM,,1983-11-02,,GAIS,2011-2012,42,6,
7470,"BATAN, STEFAN",Nej,SWE,,1985-03-20,,ASSYRISKA FF,2005,22,2,
7470,"BATAN, STEFAN",Nej,SWE,,1985-03-20,,DJURGÅRDENS IF,2006-2008,41,2,
7470,"BATAN, STEFAN",Nej,SWE,,1985-03-20,,HAMMARBY IF,2015-2017,31,0,
9240,"BATANERO, DAVID",Nej,SPA,,1988-09-27,,GIF SUNDSVALL,2017-2019,69,7,
9240,"BATANERO, DAVID",Nej,SPA,,1988-09-27,,MJÄLLBY AIF,2020,19,1,
5912,"BAUER, JOHAN",Nej,SWE,,1970-04-17,,TRELLEBORGS FF,1992,1,0,
6581,"BAXTER, LEE",Ja,SKO,,1976-06-17,,AIK,1998-2000,8,0,
6581,"BAXTER, LEE",Ja,SKO,,1976-06-17,,MALMÖ FF,2001-2003,17,0,
5163,"BAXTER, STUART",Nej,SKO,,1953-08-16,,LANDSKRONA BoIS,1980,25,1,
6788,"BAYAT, ARASH",Nej,SWE,,1983-07-19,,VÄSTRA FRÖLUNDA IF,2000,1,0,
6788,"BAYAT, ARASH",Nej,SWE,,1983-07-19,,GIF SUNDSVALL,2008,6,0,
9881,"BAYÉRÉ, LOUÉ",Nej,ELF,,2001-01-14,,HAMMARBY IF,2021,5,0,
9169,"BAZOUKOU, AARON",Nej,SWE,,1996-06-15,,ATHLETIC FC ESKILSTU,2017,3,0,
7531,"BECH, JESPER",Nej,DAN,,1982-05-25,,MALMÖ FF,2005-2006,24,1,
1736,"BECKMAN, BERNDT",Nej,SWE,,1918-06-26,2005-11-10,ÖRGRYTE IS,1939-1940,10,0,
8315,"BECKMANN, MIKKEL",Nej,DAN,,1983-10-24,,IF ELFSBORG,2013-2014,29,3,
8060,"BEDOYA, ALEJANDRO",Nej,USA,,1987-04-29,,ÖREBRO SK,2009-2011,65,8,
8060,"BEDOYA, ALEJANDRO",Nej,USA,,1987-04-29,,HELSINGBORGS IF,2012-2013,21,6,
1156,"BEHMER, LARS",Nej,SWE,,1901-01-01,1984-07-30,LANDSKRONA BoIS,1925,1,1,
8578,"BEIJMO, FELIX",Nej,SWE,,1998-01-31,,DJURGÅRDENS IF,2017-2018,37,3,
8578,"BEIJMO, FELIX",Nej,SWE,,1998-01-31,,MALMÖ FF,2019-2022,52,2,
6147,"BEKIROVSKI, EROL",Nej,SWE,BEKIR,1974-01-25,,MALMÖ FF,1994,1,0,
5675,"BELIN, ANDERS",Nej,SWE,,1966-12-15,,IK BRAGE,1990-1993,34,0,
1697,"BELIN, HOLGER",Nej,SWE,,1913-12-08,1997-10-04,AIK,1935-1942,27,10,
8492,"BELLANDER, EMIL",Nej,SWE,,1994-01-05,,GEFLE IF,2013-2016,36,2,
8579,"BELLMAN, HENRIK",Nej,SWE,,1999-03-24,,ÖSTERSUNDS FK,2018-2021,42,1,
7160,"BELOTTE, WYN",Nej,KAN,,1984-05-06,,IFK NORRKÖPING,2002,1,0,
1102,"BELOUFA, SAMIR",Nej,ALG/FRA,,1979-08-27,,HELSINGBORGS IF,2007,15,1,
6912,"BENCHENAA, NADIR",Nej,SWE,,1984-02-02,,HAMMARBY IF,2003-2004,18,0,
6912,"BENCHENAA, NADIR",Nej,SWE,,1984-02-02,,ÖRGRYTE IS,2005,10,0,
9011,"BENDIXEN, THOMAS",Nej,NOR,,1989-08-08,,IF ELFSBORG,2016,9,0,
5876,"BENDZ, DAVID",Nej,SWE,,1966-08-31,,GAIS,1992,9,0,
5876,"BENDZ, DAVID",Nej,SWE,,1966-08-31,,VÄSTRA FRÖLUNDA IF,1993,2,0,
9873,"BENEDIKTSSON, ADAM INGI",Ja,SWE,,2002-01-28,,IFK GÖTEBORG,2021-2023,9,0,*ISL*
3105,"BENGMARK, BENGT",Nej,SWE,,1931-03-21,2023-12-09,RÅÅ IF,1952,10,1,
1018,"BENGTSON, YNGVE",Nej,SWE,SPRALLIS,1909-01-06,2004-10-30,ÖRGRYTE IS,1927,3,0,FR VIRGO
1018,"BENGTSON, YNGVE",Nej,SWE,SPRALLIS,1909-01-06,2004-10-30,IS HALMIA,1933-1934,37,15,
3085,"BENGTSSON, ALLAN",Nej,SWE,HOLMSTEDT,1930-03-17,1984-06-14,IFK GÖTEBORG,1950,4,1,
1157,"BENGTSSON, ANDERS",Nej,SWE,HACKE,1906-01-18,1967-08-25,STATTENA IF,1928-1930,42,4,
6319,"BENGTSSON, ANDERS",Nej,SWE,,1969-10-03,,DJURGÅRDENS IF,1996,1,0,
8580,"BENGTSSON, ANDREAS",Nej,SWE,,1996-02-22,,HALMSTADS BK,2015-2021,64,1,
2446,"BENGTSSON, ARNE",Nej,SWE,BERTINI,1920-12-13,1991-03-10,LANDSKRONA BoIS,1940,2,0,ARTIST
1158,"BENGTSSON, ARTHUR",Nej,SWE,ALGOT,1900-09-16,1987-12-07,IFK GÖTEBORG,1925-1932,149,1,
4939,"BENGTSSON, BENGT-ARNE",Nej,SWE,,1955-05-18,,IS HALMIA,1979,26,1,
2437,"BENGTSSON, CARL-AXEL",Nej,SWE,,1919-03-17,2009-02-14,HALMSTADS BK,1943-1946,11,0,S/T KRISTINEDALS IF 50-TL
8067,"BENGTSSON, CHRISTOFER",Nej,SWE,,1980-11-16,,ÖRGRYTE IS,2009,6,0,
3101,"BENGTSSON, EGON",Ja,SWE,,1932-08-25,1989-02-21,MOTALA AIF,1958,33,0,
1714,"BENGTSSON, GUNNAR",Nej,SWE,PÅSKET,1912-09-18,1988-03-14,ÖRGRYTE IS,1937-1939,36,17,HALLSTAH II 35/36
1714,"BENGTSSON, GUNNAR",Nej,SWE,PÅSKET,1912-09-18,1988-03-14,HAMMARBY IF,1940,15,4,
1714,"BENGTSSON, GUNNAR",Nej,SWE,PÅSKET,1912-09-18,1988-03-14,GÅRDA BK,1941-1943,40,10,
1727,"BENGTSSON, HELGE",Ja,SWE,GRIPEN,1916-12-19,2001-02-10,MALMÖ FF,1938-1951,265,0,
1159,"BENGTSSON, HENRY",Nej,SWE,,1906-10-07,1955-10-08,LANDSKRONA BoIS,1927,1,1,
1160,"BENGTSSON, HILBERT",Nej,SWE,HIBBE,1903-01-06,1972-03-13,STATTENA IF,1928-1930,35,5,LAGL IFK KRIST
1715,"BENGTSSON, HOLGER",Nej,SWE,PROPPEN BENNHOV,1912-11-03,1980-04-23,GÅRDA BK,1937-1939,36,24,
1715,"BENGTSSON, HOLGER",Nej,SWE,PROPPEN BENNHOV,1912-11-03,1980-04-23,IFK GÖTEBORG,1940-1950,208,99,
3063,"BENGTSSON, INGE",Nej,SWE,,1934-04-08,2005-01-26,AIK,1958-1965,101,13,
3774,"BENGTSSON, JAN",Nej,SWE,,1946-04-22,,MALMÖ FF,1966,12,4,SEN TRELL FF
0669,"BENGTSSON, JESPER",Nej,SWE,,1971-09-02,,IF ELFSBORG,1998-2002,109,2,
9501,"BENGTSSON, JOHAN",Nej,SWE,,2004-01-01,,GIF SUNDSVALL,2022,4,0,
3746,"BENGTSSON, JÖRGEN",Nej,SWE,,1943-10-02,,AIK,1969-1973,100,4,
2318,"BENGTSSON, KARL",Nej,SWE,ANTON,1909-03-13,1979-04-05,LANDSKRONA BoIS,1935,6,0,
3089,"BENGTSSON, LARS",Nej,SWE,,1924-12-21,,IS HALMIA,1950,2,0,
3753,"BENGTSSON, LARS",Nej,SWE,,1950-01-04,,IF ELFSBORG,1969,3,0,LEDARE HELS
4942,"BENGTSSON, LEIF",Nej,SWE,KOLA,1953-03-18,,IS HALMIA,1979,21,0,
9083,"BENGTSSON, LEO",Nej,SWE,,1998-05-26,,HAMMARBY IF,2017-2019,34,0,
9083,"BENGTSSON, LEO",Nej,SWE,,1998-05-26,,BK HÄCKEN,2020-2022,66,15,
6699,"BENGTSSON, MARCUS",Nej,SWE,,1979-01-29,,AIK,1999,1,0,
7074,"BENGTSSON, MARTIN",Nej,SWE,,1986-03-14,,ÖREBRO SK,2003,1,0,
4946,"BENGTSSON, MICHAEL",Nej,SWE,,1956-07-28,,IS HALMIA,1979,19,0,
4946,"BENGTSSON, MICHAEL",Nej,SWE,,1956-07-28,,ÅTVIDABERGS FF,1980-1981,26,7,
7822,"BENGTSSON, MIKAEL",Nej,SWE,,1981-12-05,,TRELLEBORGS FF,2007-2009,45,0,
1017,"BENGTSSON, OLLE",Ja,SWE,OLOF,1908-02-28,1974-02-18,GAIS,1927-1933,122,0,
0378,"BENGTSSON, PATRIK",Nej,SWE,PADDE THÖRNQVIST,1971-03-09,,IFK GÖTEBORG,1992-1994,34,3,
0378,"BENGTSSON, PATRIK",Nej,SWE,PADDE THÖRNQVIST,1971-03-09,,VÄSTRA FRÖLUNDA IF,1995,14,4,
2421,"BENGTSSON, PER",Nej,SWE,PÄRA,1922-07-21,2007-10-23,HALMSTADS BK,1943-1946,66,18,
2421,"BENGTSSON, PER",Nej,SWE,PÄRA,1922-07-21,2007-10-23,IF ELFSBORG,1947-1950,59,37,
7234,"BENGTSSON, PIERRE",Nej,SWE,NEURATH+,1988-04-12,,AIK,2006-2009,43,0,
7234,"BENGTSSON, PIERRE",Nej,SWE,NEURATH+,1988-04-12,,DJURGÅRDENS IF,2022-2023,21,0,
7476,"BENGTSSON, PIERRE",Nej,SWE,,1979-05-01,,ASSYRISKA FF,2005,11,0,
7829,"BENGTSSON, RASMUS",Nej,SWE,,1986-06-26,,TRELLEBORGS FF,2007-2009,54,8,
7829,"BENGTSSON, RASMUS",Nej,SWE,,1986-06-26,,MALMÖ FF,2015-2020,80,4,
4444,"BENGTSSON, ROLF",Nej,SWE,,1939-05-16,2013-07-26,LANDSKRONA BoIS,1971,10,0,"FR ASMUNDSTORP, GUNNARST"
1161,"BENGTSSON, SAMUEL",Nej,SWE,SAMPO,1897-09-26,1963-01-21,HAMMARBY IF,1925,9,0,
9502,"BENGTSSON, SIMON",Nej,SWE,,2004-04-23,,HELSINGBORGS IF,2022,3,0,
2435,"BENGTSSON, SYLVE",Nej,SWE,BAGARN,1930-07-02,2005-04-30,HALMSTADS BK,1948-1959,130,75,
2435,"BENGTSSON, SYLVE",Nej,SWE,BAGARN,1930-07-02,2005-04-30,HELSINGBORGS IF,1951-1965,79,33,
3070,"BENGTSSON, URBAN",Nej,SWE,,1925-11-08,1989-09-03,IF ELFSBORG,1952,5,1,
2429,"BENGTSSON, VILGOT",Nej,SWE,,1916-03-25,1990-05-07,GAIS,1942,6,1,"TID VIRGO,SEN ÖIS 43"
3762,"BENGTSSON, ÅKE",Nej,SWE,,1940-03-31,,IFK GÖTEBORG,1960,6,0,T VFRÖL 63-
5597,"BENGTSSON BÄRKROT, ROBERT",Nej,SWE,BENGTSSON TID.,1968-06-04,,VÄSTRA FRÖLUNDA IF,1988-2000,179,12,
5597,"BENGTSSON BÄRKROT, ROBERT",Nej,SWE,BENGTSSON TID.,1968-06-04,,ÖRGRYTE IS,2001-2003,50,3,
2320,"BENJAMINSSON, BENGT",Nej,SWE,BEBE,1916-02-05,2009-01-27,GÅRDA BK,1939-1940,28,5,"FR JANNELUND, DEGERFORS"
2320,"BENJAMINSSON, BENGT",Nej,SWE,BEBE,1916-02-05,2009-01-27,DEGERFORS IF,1941-1944,52,15,
7734,"BENNETT, TEAFORE",Nej,JAM,,1980-09-02,,ÖSTERS IF,2006,16,4,SKV
9894,"BENSHI, MOUSTAFA",Nej,SWE,,2002-01-07,,KALMAR FF,2021,2,0,
7766,"BENYAHIA, DALIL",Nej,SWE,,1990-04-21,,IF BROMMAPOJKARNA,2009-2010,47,3,
9616,"BENYU, KUNDAI",Nej,ZIM/ENG,,1997-12-12,,HELSINGBORGS IF,2019,10,1,
8835,"BEQAJ, PERPARIM",Nej,SWE,PEPPI,1995-08-03,,HALMSTADS BK,2014-2015,3,0,
3775,"BERG, BENGT",Nej,SWE,,1938-02-18,1989-04-13,MALMÖ FF,1960-1961,8,1,
2454,"BERG, ERIK",Nej,SWE,,1926-11-26,2003-01-24,SANDVIKENS IF,1944,1,0,
8331,"BERG, ERIK",Nej,SWE,FD JOHANSSON,1988-12-30,,GAIS,2011-2012,34,5,NAMNBYTE 2019
8331,"BERG, ERIK",Nej,SWE,FD JOHANSSON,1988-12-30,,MALMÖ FF,2013-2015,55,2,
8331,"BERG, ERIK",Nej,SWE,FD JOHANSSON,1988-12-30,,DJURGÅRDENS IF,2018-2020,43,5,
1717,"BERG, FRITZ",Nej,SWE,,1909-11-03,1974-11-21,IFK GÖTEBORG,1932-1944,169,1,
1720,"BERG, GUSTAV",Nej,SWE,"GUSTEN""GURRA",1906-01-18,1990-06-23,HALLSTAHAMMARS SK,1932-1939,40,3,
2444,"BERG, GÖRAN",Nej,SWE,,1924-04-10,2004-01-02,JÖNKÖPINGS SÖDRA IF,1948-1952,58,2,
3068,"BERG, GÖSTA",Nej,SWE,,1926-07-27,2007-04-03,DEGERFORS IF,1952,1,0,
0875,"BERG, JAN-ERIK",Nej,SWE,,1979-11-01,,IF BROMMAPOJKARNA,2007,19,1,
7502,"BERG, JONATHAN",Nej,SWE,,1985-05-09,,IFK GÖTEBORG,2005-2008,26,3,
7502,"BERG, JONATHAN",Nej,SWE,,1985-05-09,,GAIS,2006,15,1,
7502,"BERG, JONATHAN",Nej,SWE,,1985-05-09,,TRELLEBORGS FF,2007,11,1,
7502,"BERG, JONATHAN",Nej,SWE,,1985-05-09,,GEFLE IF,2009-2010,31,3,
4915,"BERG, KARL",Nej,SWE,,1952-12-21,,AIK,1979,12,0,
3768,"BERG, KENNETH",Nej,SWE,,1944-01-24,,HELSINGBORGS IF,1964-1968,58,8,
3768,"BERG, KENNETH",Nej,SWE,,1944-01-24,,LANDSKRONA BoIS,1971-1972,33,0,
3106,"BERG, LARS",Nej,SWE,,1923-04-26,1997-10-24,VÄSTERÅS SK,1956,5,1,FR HALLSTAH
7341,"BERG, MARCUS",Nej,SWE,,1986-08-17,,IFK GÖTEBORG,2005-2023,118,51,EJ ALLSV 09-20
9431,"BERG, OLIVER",Nej,NOR,,1993-08-28,,DALKURD FF,2018,13,1,
9431,"BERG, OLIVER",Nej,NOR,,1993-08-28,,GIF SUNDSVALL,2018-2019,36,2,
9431,"BERG, OLIVER",Nej,NOR,,1993-08-28,,KALMAR FF,2021-2022,59,21,
9431,"BERG, OLIVER",Nej,NOR,,1993-08-28,,DJURGÅRDENS IF,2023,19,3,
9431,"BERG, OLIVER",Nej,NOR,,1993-08-28,,MALMÖ FF,2023,6,2,
3079,"BERG, PER-OLOF",Nej,SWE,,1932-07-08,2023-10-06,GAIS,1958,1,0,
3090,"BERG, RUNE",Nej,SWE,,1932-04-06,2004-09-14,HALMSTADS BK,1956-1959,41,5,
5251,"BERG, STIG-OLOF",Nej,SWE,,1957-04-01,,ÖRGRYTE IS,1981-1983,36,7,
1162,"BERG, VALDEMAR",Nej,SWE,VALLE,1900-04-06,1987-02-14,VÄSTERÅS IK,1925,14,0,
8848,"BERGDAHL, HAMPUS",Nej,SWE,,1995-02-05,,MJÄLLBY AIF,2014,1,0,
6283,"BERGDAHL, KARL",Nej,SWE,,1979-09-13,,VÄSTRA FRÖLUNDA IF,1998-2000,23,0,
7281,BERGER,Nej,BRA,M.ROSEMBERGER ESPIRITO S,1979-01-10,,ENKÖPINGS SK,2003,14,2,
8384,"BERGER, EMIL",Nej,SWE,,1991-05-23,,ÖREBRO SK,2011-2012,25,1,
3759,"BERGER, GÖRAN",Nej,SWE,,1943-09-03,,GAIS,1964,3,0,"FR BENGTSFORS, GAIS 61-64"
5993,"BERGER, HENRIK",Nej,SWE,,1969-05-16,,DEGERFORS IF,1993-1996,88,7,
7163,"BERGERSEN, TOMMY",Nej,NOR,,1972-10-16,,GIF SUNDSVALL,2002-2005,92,13,
8971,"BERGET, JO INGE",Nej,NOR,,1990-09-11,,MALMÖ FF,2015-2022,173,40,
3112,"BERGFELDT, YNGVE",Ja,SWE,,1927-04-17,2006-12-24,ÖRGRYTE IS,1959,2,0,"TOLLEREDS IF-45,SÄVED5459"
2441,"BERGGREN, ERIC",Nej,SWE,,1923-01-01,1995-10-09,HELSINGBORGS IF,1942-1944,32,11,
2441,"BERGGREN, ERIC",Nej,SWE,,1923-01-01,1995-10-09,RÅÅ IF,1951-1952,7,1,
8582,"BERGGREN, GUSTAV",Nej,SWE,,1997-09-07,,BK HÄCKEN,2016-2022,126,8,
6596,"BERGGREN, HANS",Nej,SWE,,1973-02-18,,HAMMARBY IF,1998-1999,51,19,
6596,"BERGGREN, HANS",Nej,SWE,,1973-02-18,,IF ELFSBORG,2002-2005,97,39,
6596,"BERGGREN, HANS",Nej,SWE,,1973-02-18,,BK HÄCKEN,2006,24,6,
6596,"BERGGREN, HANS",Nej,SWE,,1973-02-18,,GEFLE IF,2008-2011,63,20,
3749,"BERGGREN, KARL-ERIK",Nej,SWE,,1932-02-25,2015-10-29,DEGERFORS IF,1960-1962,59,0,
3081,"BERGGREN, LEIF",Nej,SWE,,1924-01-16,1991-11-03,GAIS,1955,1,0,"FÄRGENÄS IF,IFKG, IFKM 50"
2237,"BERGGREN, NILS",Nej,SWE,,1907-10-20,1967-09-02,HALLSTAHAMMARS SK,1932,22,0,
6100,"BERGGREN, PETER",Nej,SWE,,1968-11-30,,HAMMARBY IF,1994-1998,77,6,
6100,"BERGGREN, PETER",Nej,SWE,,1968-11-30,,ENKÖPINGS SK,2003,21,3,
4432,"BERGGREN, TOMMY",Nej,SWE,BALOO,1950-04-20,2012-12-04,DJURGÅRDENS IF,1970-1981,268,49,
4434,"BERGGREN, TOMMY",Nej,SWE,,1953-03-03,,IF ELFSBORG,1975-1979,60,3,
4434,"BERGGREN, TOMMY",Nej,SWE,,1953-03-03,,KALMAR FF,1979-1984,58,1,
5645,"BERGGREN, TOMMY",Nej,SWE,,1962-03-04,,ÖSTERS IF,1982-1988,79,4,
6103,"BERGH, HANS",Nej,SWE,,1970-06-06,,HAMMARBY IF,1994-1995,44,2,
6103,"BERGH, HANS",Nej,SWE,,1970-06-06,,DEGERFORS IF,1996-1997,45,2,
6103,"BERGH, HANS",Nej,SWE,,1970-06-06,,HELSINGBORGS IF,1998,9,0,
6103,"BERGH, HANS",Nej,SWE,,1970-06-06,,AIK,1998-2000,34,1,
6103,"BERGH, HANS",Nej,SWE,,1970-06-06,,GIF SUNDSVALL,2001-2005,99,2,
7172,"BERGH, NICKLAS",Ja,SWE,,1982-09-06,,AIK,2008,7,0,
6108,"BERGH, NICLAS",Nej,SWE,,1972-01-20,,HAMMARBY IF,1994-1995,28,0,
1705,"BERGH, SIGVARD",Nej,SWE,SIGGE,1912-08-17,1994-12-22,DJURGÅRDENS IF,1937,16,1,
3077,"BERGHAMN, NILS",Nej,SWE,,1933-01-14,2017-02-20,GAIS,1959,2,0,
7909,"BERGHOLTZ, MARCUS",Nej,SWE,,1989-12-15,,HELSINGBORGS IF,2008-2012,35,0,
7909,"BERGHOLTZ, MARCUS",Nej,SWE,,1989-12-15,,ÖSTERS IF,2013,13,0,
6135,"BERGHULT, ESBJÖRN",Nej,SWE,,1971-09-16,,LANDSKRONA BoIS,1994,13,0,
1740,"BERGHULT, GUNNAR",Ja,SWE,,1913-05-17,1994-01-24,ÖRGRYTE IS,1936-1937,28,0,
1163,"BERGLIND, ERIK",Ja,SWE,BERLA,1903-12-03,1988-08-20,IK CITY,1926,12,0,
3783,"BERGLING, ÅKE",Ja,SWE,,1943-02-04,,ÖRGRYTE IS,1966-1968,54,0,
3073,"BERGLUND, ERIK",Nej,SWE,LILL-BISSEN,1930-02-17,,VÄSTERÅS SK,1956-1957,38,8,
3073,"BERGLUND, ERIK",Nej,SWE,LILL-BISSEN,1930-02-17,,IFK ESKILSTUNA,1964,9,0,
6176,"BERGLUND, FREDRIK",Nej,SWE,BELLA,1979-03-21,,IF ELFSBORG,1997-2010,166,54,
2430,"BERGLUND, GEORG",Nej,SWE,BAGGEN,1920-05-13,1986-12-05,GÅRDA BK,1941-1943,35,2,
1164,"BERGLUND, GÖSTA",Nej,SWE,LULLE,1905-05-30,1959-05-09,IFK NORRKÖPING,1928-1930,61,1,
2238,"BERGLUND, IVAR",Nej,SWE,SKRUVEN,1902-01-07,1969-04-26,SANDVIKENS IF,1930,20,0,
3777,"BERGLUND, LARS",Nej,SWE,,1944-05-13,,IFK NORRKÖPING,1964-1970,117,35,
6909,"BERGLUND, OSCAR",Ja,SWE,,1984-04-13,,HELSINGBORGS IF,2007-2010,3,0,
6909,"BERGLUND, OSCAR",Ja,SWE,,1984-04-13,,GIF SUNDSVALL,2012,29,0,
3078,"BERGLUND, ROLF",Nej,SWE,,1931-08-29,,GAIS,1959,1,0,FR FORSHAGA
6502,"BERGLUND, STEFAN",Ja,SWE,,1969-03-18,,VÄSTERÅS SK,1997,18,0,
2645,"BERGLUND, YNGVE",Nej,SWE,KAGGEN,1919-10-19,2006-07-12,SANDVIKENS IF,1940-1954,69,12,
2432,"BERGLÖW, ROLAND",Nej,SWE,,1926-01-21,1983-06-17,GÅRDA BK,1943,1,0,"ÖIS 47-50,SÄVED 52-54"
2456,"BERGMAN, ARNE",Ja,SWE,,1920-09-13,1981-03-31,ÖREBRO SK,1947,1,0,
1165,"BERGMAN, EVERT",Nej,SWE,,1909-12-02,1975-12-30,IFK GÖTEBORG,1928,1,0,SAKNAS I BRFO(28:1-0)
6177,"BERGMAN, FILIP",Nej,SWE,,1979-03-13,,HAMMARBY IF,1998-1999,36,0,
8583,"BERGMAN, JAKOB",Nej,SWE,,1996-01-02,,IK SIRIUS,2017,6,0,
6437,"BERGMAN, JONAS",Nej,SWE,,1980-07-21,,DEGERFORS IF,1997,3,0,
2239,"BERGMAN, MARTIN",Nej,SWE,RULLE,1908-11-25,1976-07-12,HALLSTAHAMMARS SK,1932,4,0,SEN IFK VÄSTERÅS
2447,"BERGMAN, OTTO",Nej,SWE,,1919-09-10,2007-01-20,LANDSKRONA BoIS,1945,4,0,
5181,"BERGMAN, SVEN-OLOF",Nej,SWE,BERKA,1962-11-27,,MJÄLLBY AIF,1980-1985,41,2,
5181,"BERGMAN, SVEN-OLOF",Nej,SWE,BERKA,1962-11-27,,IFK NORRKÖPING,1982,22,0,
5273,"BERGMAN, THOMAS",Nej,SWE,,1960-02-09,,AIK,1982-1988,147,12,
6836,"BERGMAN, TRYM",Nej,NOR,,1969-01-24,,HAMMARBY IF,2000-2002,58,4,
1718,"BERGMAN, UNO",Nej,SWE,,1909-07-01,1993-11-30,IFK GÖTEBORG,1932-1936,17,3,
9634,"BERGMANN JOHANNESSON, ISAK",Nej,ISL,,2003-03-23,,IFK NORRKÖPING,2019-2021,44,5,
9333,"BERGMARK, NICLAS",Nej,SWE,,2002-01-07,,ÖREBRO SK,2019-2021,17,0,
2406,"BERGMARK, ORVAR",Nej,SWE,,1930-11-16,2004-05-10,ÖREBRO SK,1949-1965,147,3,
2406,"BERGMARK, ORVAR",Nej,SWE,,1930-11-16,2004-05-10,AIK,1955-1956,17,0,
8478,"BERGMARK WIBERG, ADAM",Nej,SWE,,1997-05-07,,DJURGÅRDENS IF,2019,5,0,
5328,"BERGORT, GÖRAN",Nej,SWE,,1968-02-14,,IK BRAGE,1988-1990,53,11,
5328,"BERGORT, GÖRAN",Nej,SWE,,1968-02-14,,IFK NORRKÖPING,1991-1996,130,6,
3096,"BERGQVIST, ARTHUR",Nej,SWE,TIMPA JÖNSSON TID.,1930-06-18,1993-08-28,MALMÖ FF,1951-1958,158,5,
6853,"BERGQVIST, CHRISTER",Nej,SWE,,1973-02-26,,GIF SUNDSVALL,2000,1,0,
9002,"BERGQVIST, DOUGLAS",Nej,SWE,,1993-03-29,,ÖSTERSUNDS FK,2016-2018,56,1,
9002,"BERGQVIST, DOUGLAS",Nej,SWE,,1993-03-29,,KALMAR FF,2020-2022,45,1,
9002,"BERGQVIST, DOUGLAS",Nej,SWE,,1993-03-29,,DEGERFORS IF,2023,10,0,
2431,"BERGQVIST, ERIK",Nej,SWE,,1922-03-05,1999-08-23,GÅRDA BK,1941-1943,42,11,
2431,"BERGQVIST, ERIK",Nej,SWE,,1922-03-05,1999-08-23,IFK GÖTEBORG,1943-1955,190,42,
2436,"BERGQVIST, ERNST",Nej,SWE,,1922-07-29,2004-08-31,HALMSTADS BK,1943-1948,8,0,
1179,"BERGQVIST, HJALMAR",Nej,SWE,HJALLE,1896-01-27,1964-05-01,VÄSTERÅS IK,1925,22,1,
3787,"BERGQVIST, JAN-IVAR",Nej,SWE,JIE,1947-10-12,,ÖSTERS IF,1968-1980,193,5,
5681,"BERGQVIST, KENNETH",Nej,SWE,,1968-09-02,,DJURGÅRDENS IF,1990-1996,48,1,
1016,"BERGQVIST, KNUT",Nej,SWE,,1905-08-04,1984-08-22,IF ELFSBORG,1927-1933,148,1,
2438,"BERGQVIST, SVEN",Ja,SWE,SVENNE BERKA,1914-08-20,1996-12-16,HAMMARBY IF,1940,22,0,
8584,"BERGQVIST, TEDDY",Nej,SWE,,1999-03-16,,MALMÖ FF,2016,1,0,
3751,"BERGQVIST, TONY",Nej,SWE,THONNY,1944-12-20,2023-06-20,DJURGÅRDENS IF,1968,3,0,
2240,"BERGSTEN, ARVID",Nej,SWE,PJODD,1912-02-15,1985-11-19,HELSINGBORGS IF,1932,1,0,
1724,"BERGSTEN, GUNNAR",Nej,SWE,,1910-02-28,1985-09-27,LANDSKRONA BoIS,1931-1941,171,0,
1725,"BERGSTEN, KURT",Nej,SWE,,1912-06-24,1987-07-21,LANDSKRONA BoIS,1932-1942,160,58,
3067,"BERGSTEN, SVEN",Nej,SWE,,1926-04-28,1990-03-31,DEGERFORS IF,1950-1955,101,2,
3067,"BERGSTEN, SVEN",Nej,SWE,,1926-04-28,1990-03-31,SANDVIKENS IF,1956-1958,66,0,
3113,"BERGSTEN, SVEN-INGE",Nej,SWE,NINNI,1931-11-30,2003-11-07,SANDVIKENS IF,1954,11,3,FR BRAGE
5277,"BERGSTRAND, KIM",Nej,SWE,,1968-04-18,,AIK,1986-1994,167,31,
5277,"BERGSTRAND, KIM",Nej,SWE,,1968-04-18,,HAMMARBY IF,1995-1998,48,10,
4959,"BERGSTRAND, KURT-ARNE",Nej,SWE,NANNE  NANNE,1956-04-28,,HALMSTADS BK,1978,3,0,
4959,"BERGSTRAND, KURT-ARNE",Nej,SWE,NANNE  NANNE,1956-04-28,,KALMAR FF,1981-1982,30,0,
3779,"BERGSTRAND, LARS-ERIK",Nej,SWE,KEK,1942-01-06,,IFK NORRKÖPING,1962-1964,39,12,
3779,"BERGSTRAND, LARS-ERIK",Nej,SWE,KEK,1942-01-06,,ÖSTERS IF,1968-1970,53,1,
1174,"BERGSTRÖM, ALGOT",Nej,SWE,NALLE,1909-12-23,2002-12-13,IFK GÖTEBORG,1929-1932,43,14,
2423,"BERGSTRÖM, ARNE",Nej,SWE,,1919-07-27,1992-03-16,IFK ESKILSTUNA,1943,1,0,
2422,"BERGSTRÖM, BIRGER",Nej,SWE,,1916-07-24,1997-07-26,IFK ESKILSTUNA,1943,22,2,
1730,"BERGSTRÖM, EDVIN",Nej,SWE,HINDEN,1916-06-25,1993-10-20,SANDVIKENS IF,1935-1944,142,60,
8188,"BERGSTRÖM, EMIL",Nej,SWE,,1993-05-19,,DJURGÅRDENS IF,2011-2015,129,7,
1699,"BERGSTRÖM, GUNNAR",Nej,SWE,,1915-05-07,1968-03-18,IK BRAGE,1938-1944,93,41,
1175,"BERGSTRÖM, HUGO",Ja,SWE,,1898-06-15,1968-12-22,HAMMARBY IF,1925,2,0,
9706,"BERGSTRÖM, JACOB",Nej,SWE,,1995-04-26,,MJÄLLBY AIF,2020-2023,87,22,
9706,"BERGSTRÖM, JACOB",Nej,SWE,,1995-04-26,,DJURGÅRDENS IF,2023,6,0,
1701,"BERGSTRÖM, JOHN",Nej,SWE,JOCKE,1913-06-26,1979-04-15,DEGERFORS IF,1939-1944,60,9,
1176,"BERGSTRÖM, KARL-ARTHUR",Nej,SWE,,1904-08-13,1970-10-19,HAMMARBY IF,1925,5,0,SEN ARTHUR
6621,"BERGSTRÖM, KRISTIAN",Nej,SWE,PLIGG,1974-01-08,,IFK NORRKÖPING,1998-2002,129,21,
6621,"BERGSTRÖM, KRISTIAN",Nej,SWE,PLIGG,1974-01-08,,MALMÖ FF,2003,14,1,
6621,"BERGSTRÖM, KRISTIAN",Nej,SWE,PLIGG,1974-01-08,,ÅTVIDABERGS FF,2010-2015,149,13,
2450,"BERGSTRÖM, LARS",Nej,SWE,SVARVARN,1918-02-03,2007-06-05,IFK NORRKÖPING,1943,1,0,
1700,"BERGSTRÖM, MAGNUS",Ja,SWE,SKJORTA,1915-08-19,2000-12-01,DEGERFORS IF,1939-1953,237,0,TILLAGT 1 M 41/42
2407,"BERGSTRÖM, NILS",Nej,SWE,NICKE,1921-03-28,2001-12-27,AIK,1942-1943,5,1,
3103,"BERGSTRÖM, OLLE",Nej,SWE,OLOF,1928-11-06,2015-07-11,IFK NORRKÖPING,1956-1960,5,0,FR SEGELTORPS IF+GRÖNDAL
3761,"BERGSTRÖM, RALPH",Nej,SWE,,1946-02-19,2021-07-11,IFK GÖTEBORG,1965-1966,2,0,SEN KULLEN
5366,"BERGSTRÖM, ROGER",Nej,SWE,,1960-06-08,2021-08-11,IF ELFSBORG,1981-1987,92,2,FR KINNA IF
4447,"BERGSTRÖM, ROY",Nej,SWE,,1952-03-14,,IFK NORRKÖPING,1972-1974,11,0,
1177,"BERGSTRÖM, RUNE",Nej,SWE,SPELA-PÅ-RUNE,1891-09-05,1964-05-07,AIK,1925-1926,31,2,
1178,"BERGSTRÖM, SVEN",Nej,SWE,SVARVARN,1902-02-21,1977-11-01,IFK NORRKÖPING,1927,3,1,
3095,"BERGSTRÖM, SVEN-ERIK",Ja,SWE,JOHAN,1933-02-07,1995-09-07,KALMAR FF,1955,2,0,
3095,"BERGSTRÖM, SVEN-ERIK",Ja,SWE,JOHAN,1933-02-07,1995-09-07,HÖGADALS IS,1962,16,0,
5391,"BERGSTRÖM, TORBJÖRN",Nej,SWE,,1962-09-11,,GAIS,1988,1,0,
7007,"BERGTOFT, STEFAN",Nej,SWE,,1979-03-24,,DJURGÅRDENS IF,2001-2006,45,1,
9832,"BERGVALL, LUCAS",Nej,SWE,,2006-02-02,,DJURGÅRDENS IF,2023,25,2,
8239,"BERISHA, ETRIT",Ja,KOS,TITTI,1989-03-10,,KALMAR FF,2010-2013,90,3,
8474,"BERISHA, ILIR",Nej,KOS,,1991-06-25,,ÖREBRO SK,2012-2014,24,3,
8474,"BERISHA, ILIR",Nej,KOS,,1991-06-25,,GEFLE IF,2015,7,2,
9970,"BERISHA, VETON",Nej,NOR,,1994-04-13,,HAMMARBY IF,2022,14,4,
1732,"BERLIN, NILS",Ja,SWE,,1917-10-08,1982-11-01,SANDVIKENS IF,1939,4,0,
3084,"BERNDTSSON, BENGT",Nej,SWE,FÖLET,1933-01-26,2015-06-04,IFK GÖTEBORG,1952-1967,349,69,ÄNDR MÅL FR 76 TILL 69
1180,"BERNDTSSON, ELIS-B/MV",Nej,SWE,,1902-06-30,1982-06-10,IFK GÖTEBORG,1927,7,0,ÄV KVAL RIK 28
3102,"BERNDTSSON, GERHARD",Nej,SWE,,1937-09-21,1995-06-13,NORRBY IF,1956,3,0,EJ 310804
5617,"BERNDTSSON, HANS",Nej,SWE,PLUTTEN,1956-03-05,,ÖRGRYTE IS,1982-1990,154,1,
1716,"BERNDTSSON, HARRY-CF",Nej,SWE,SNEPPARN,1906-02-11,1981-06-25,IFK GÖTEBORG,1934,2,0,FR SKOGEN
1710,"BERNDTSSON, THORSTEN",Nej,SWE,PAJEN,1913-01-02,1991-03-13,GAIS,1935-1937,17,3,FR FÄSSBERG
8251,"BERNER, ADAM",Nej,SWE,,1987-01-25,,MJÄLLBY AIF,2010-2012,27,1,
9866,"BERNHARDSSON, ALEXANDER",Nej,SWE,,1998-09-08,,IF ELFSBORG,2021-2023,65,17,
7493,"BERNHARDSSON, DANIEL",Nej,SWE,,1978-01-31,,GEFLE IF,2005-2013,226,16,
1712,"BERNKERT, NILS ERIK",Nej,SWE,,1909-07-21,1979-09-23,GEFLE IF,1934-1935,20,5,
4446,"BERNSTEN, CURT",Nej,SWE,,1951-12-31,,IFK NORRKÖPING,1976-1980,92,10,
8931,"BERNTSEN, DANIEL",Nej,NOR,,1993-04-04,,DJURGÅRDENS IF,2015-2016,54,8,
8587,"BERNTSSON, ALEXANDER",Nej,SWE,,1996-03-30,,HALMSTADS BK,2014-2021,50,1,
6805,"BERNTSSON, BILLY",Nej,SWE,,1984-01-06,,MALMÖ FF,2002,4,0,
6805,"BERNTSSON, BILLY",Nej,SWE,,1984-01-06,,GIF SUNDSVALL,2008,24,0,
1709,"BERNTSSON, ERIK",Nej,SWE,,1909-03-21,1990-11-11,GAIS,1937,5,2,FR VARBERGS BOIS 36
1739,"BERNTSSON, HARRY-VY",Nej,SWE,,1915-01-09,1986-11-04,ÖRGRYTE IS,1939,6,0,FR/T WARTA 39
1738,"BERNTSSON, HILDING",Nej,SWE,,1913-06-19,1989-11-26,ÖRGRYTE IS,1937-1940,12,3,FR ELISEDAL 3608
4436,"BERTHAGEN, MICHAEL",Nej,SWE,,1954-11-05,,GAIS,1975,17,0,FR ÖSTER
3755,"BERTILSKÖLD, ULF",Ja,SWE,,1941-07-28,,IF ELFSBORG,1961-1962,5,0,T SIFHÄLLA 63
3760,"BERTILSSON, BENGT",Ja,SWE,,1949-01-14,,IFK GÖTEBORG,1967-1970,33,0,
6002,"BERTILSSON, HENRIK",Nej,SWE,,1969-10-16,,HALMSTADS BK,1993-2001,97,48,
6002,"BERTILSSON, HENRIK",Nej,SWE,,1969-10-16,,ÖRGRYTE IS,1995-1998,72,15,
4435,"BERTILSSON, JAN",Nej,SWE,,1957-03-17,,IF ELFSBORG,1976-1977,2,0,
7232,"BERTILSSON, JOHAN",Nej,SWE,,1988-02-15,,KALMAR FF,2010-2012,28,2,
7232,"BERTILSSON, JOHAN",Nej,SWE,,1988-02-15,,GEFLE IF,2014-2016,71,17,
7232,"BERTILSSON, JOHAN",Nej,SWE,,1988-02-15,,ÖSTERSUNDS FK,2017,19,7,
7232,"BERTILSSON, JOHAN",Nej,SWE,,1988-02-15,,DALKURD FF,2018,5,0,
7232,"BERTILSSON, JOHAN",Nej,SWE,,1988-02-15,,ÖREBRO SK,2018-2019,40,6,
7232,"BERTILSSON, JOHAN",Nej,SWE,,1988-02-15,,DEGERFORS IF,2021-2022,58,9,
7764,"BESARA, NAHIR",Nej,SWE,,1991-02-25,,HAMMARBY IF,2015-2023,74,25,
7764,"BESARA, NAHIR",Nej,SWE,,1991-02-25,,ÖREBRO SK,2016-2021,119,35,
6326,"BEUKEN, BERNARD",Nej,BEL,BEN,1971-02-08,,MALMÖ FF,1996,10,0,
5477,"BIBEZIC, ERNAD",Nej,JUG,,1966-09-11,,HAMMARBY IF,1988,1,0,
8207,"BILADAMA, YASAAR",Nej,SWE,,1991-04-10,,IF BROMMAPOJKARNA,2010,1,0,
0379,"BILD, ANDREAS",Nej,SWE,,1971-10-03,,ÖSTERS IF,1991-1998,174,29,
0379,"BILD, ANDREAS",Nej,SWE,,1971-10-03,,HAMMARBY IF,1999-2001,54,3,
6048,"BILD, FREDRIK",Nej,SWE,,1974-06-25,,ÖSTERS IF,1993-2006,152,9,
6048,"BILD, FREDRIK",Nej,SWE,,1974-06-25,,IFK NORRKÖPING,1999-2002,101,9,
3104,"BILD, HARRY",Nej,SWE,,1936-12-18,,IFK NORRKÖPING,1957-1964,175,120,
3104,"BILD, HARRY",Nej,SWE,,1936-12-18,,ÖSTERS IF,1968-1973,113,42,
3785,"BILD, PER-OLOF",Nej,SWE,,1949-12-13,,ÖSTERS IF,1968-1983,328,24,
1021,"BILLING, ALLAN",Nej,SWE,ROVERN,1901-07-12,1978-04-04,ÖRGRYTE IS,1925-1933,122,8,
3745,"BILLMAN, SVEN",Nej,SWE,,1945-12-21,,AIK,1967,6,0,
1731,"BILLNER, ÅKE",Nej,SWE,,1916-12-24,1993-07-29,SANDVIKENS IF,1937-1944,9,0,
1182,"BILLSTEN, ERIK",Nej,SWE,,1900-07-22,1983-12-28,IFK MALMÖ,1925-1926,9,1,
1723,"BILLSTRÖM, HARRY",Nej,SWE,BILL,1911-12-08,1996-03-31,HELSINGBORGS IF,1934,4,0,
2411,"BILLSTRÖM, INGVAR",Nej,SWE,,1917-01-01,2001-01-19,IK BRAGE,1944,18,3,
8588,"BINAKU, EGZON",Nej,SWE,,1995-08-27,,BK HÄCKEN,2015-2017,43,1,OFF BINAK
8588,"BINAKU, EGZON",Nej,SWE,,1995-08-27,,MALMÖ FF,2018,18,0,
8588,"BINAKU, EGZON",Nej,SWE,,1995-08-27,,IFK NORRKÖPING,2019-2022,26,0,
8589,"BINDELÖV, FELIX",Nej,SWE,,1997-02-23,,HELSINGBORGS IF,2016,11,0,
4433,"BINGESTAM, DAN",Nej,SWE,,1951-03-02,,DJURGÅRDENS IF,1972-1973,8,1,
6374,"BINKOVSKI, PETER",Nej,SLN,,1972-06-28,,ÖSTERS IF,1996,14,0,
1737,"BIRGERSSON, JOHN",Nej,SWE,,1913-01-08,1978-11-17,ÖRGRYTE IS,1939,6,0,"FD SURTE IS, LANDALA IF"
6239,"BIRGISSON, HLYNUR",Nej,ISL,,1968-01-22,,ÖREBRO SK,1995-1998,65,2,
8590,"BIRKFELDT, JON",Nej,SWE,,1996-06-03,,VARBERGS BOIS,2020-2023,65,4,
9897,"BIRMANCEVIC, VELJKO",Nej,SER,,1998-05-03,,MALMÖ FF,2021-2022,46,14,
9048,"BISKUPOVIC, MARKO",Nej,CHI,,1989-06-30,,KALMAR FF,2016-2017,46,0,
8538,"BISSE, KEVIN",Nej,SWE,,1995-07-21,,SYRIANSKA FC,2013,11,0,
9615,"BJARNASON, ANDRI",Nej,ISL,,1990-11-12,,HELSINGBORGS IF,2019,8,3,
9919,"BJARNASON, ARON",Nej,ISL,,1995-10-14,,IK SIRIUS,2021-2023,60,6,
8026,"BJARNASON, ELMAR",Nej,ISL,TEDDY,1987-03-04,,IFK GÖTEBORG,2009-2011,60,4,
9911,"BJARNASON, JOHANNES",Nej,ISL,,2005-02-24,,IFK NORRKÖPING,2021,1,0,
6617,"BJARNASSON, OLAFUR ÖRN",Nej,ISL,OLLIE,1975-05-15,,MALMÖ FF,1998-1999,23,2,
2427,BJELKHOLM,Nej,SWE,CARL-ISIDOR ISSE,1924-04-15,2003-06-19,GAIS,1946-1947,3,0,
9506,"BJERKEBO, ISAK",Nej,SWE,,2003-01-19,,KALMAR FF,2022-2023,12,1,
1166,"BJUHR, RAGNAR",Nej,SWE,,1898-01-06,1982-06-20,IK SLEIPNER,1925,6,0,
5411,"BJUHR, SAM",Nej,SWE,,1966-09-12,,IFK GÖTEBORG,1986,3,1,
1167,"BJURSTRÖM, ARVID",Nej,SWE,SKINNA,1897-08-07,1965-07-02,IK SLEIPNER,1926,2,0,
6622,"BJURSTRÖM, JONAS",Nej,SWE,,1979-03-24,,IFK NORRKÖPING,1998-2002,76,5,
6622,"BJURSTRÖM, JONAS",Nej,SWE,,1979-03-24,,TRELLEBORGS FF,2007-2008,32,0,
6622,"BJURSTRÖM, JONAS",Nej,SWE,,1979-03-24,,BK HÄCKEN,2009-2013,48,5,
4437,"BJÄLKENBORN, ULF",Nej,SWE,,1955-02-15,,GAIS,1974,2,0,
5018,"BJÄRBO, PER",Nej,SWE,,1948-12-18,,VÄSTERÅS SK,1978,6,0,SEN SKILJEBO
3094,"BJÄREBO, VERNE",Nej,SWE,SVENSSON TID.,1928-08-16,,HELSINGBORGS IF,1950-1958,68,15,
5257,"BJÄRNLIND, MIKAEL",Nej,SWE,,1959-01-09,,ÖRGRYTE IS,1983-1984,3,0,
7200,"BJÄRSMYR, MATTIAS",Nej,SWE,,1986-01-03,,IFK GÖTEBORG,2005-2022,288,12,
5098,"BJÖRCK, BERNT",Nej,SWE,,1955-10-07,,GEFLE IF,1983-1984,26,0,
6865,"BJÖRCK, FREDRIK",Nej,SWE,,1979-10-22,,VÄSTRA FRÖLUNDA IF,2000,13,0,
6865,"BJÖRCK, FREDRIK",Nej,SWE,,1979-10-22,,AIK,2003-2004,44,4,
6865,"BJÖRCK, FREDRIK",Nej,SWE,,1979-10-22,,HELSINGBORGS IF,2005-2007,49,0,
6865,"BJÖRCK, FREDRIK",Nej,SWE,,1979-10-22,,IF ELFSBORG,2007,9,1,
6865,"BJÖRCK, FREDRIK",Nej,SWE,,1979-10-22,,BK HÄCKEN,2013-2014,28,0,
3776,"BJÖRCK, HÅKAN",Nej,SWE,,1942-12-18,2017-09-06,IFK MALMÖ,1961,1,0,SEN MBI
9186,"BJÖRDAL, HENRIK",Nej,NOR,,1997-02-04,,IFK GÖTEBORG,2017,14,0,
5684,"BJÖRK, ANDERS",Nej,SWE,,1968-02-16,,GAIS,1990-1992,17,1,
1168,"BJÖRK, ARVID",Nej,SWE,,1900-07-10,1957-11-25,GAIS,1925-1927,9,11,
1170,"BJÖRK, CARL",Nej,SWE,JUDEN,1901-06-02,1978-05-26,VÄSTERÅS IK,1925,20,2,
8322,"BJÖRK, CARL",Nej,SWE,,1992-02-04,,DJURGÅRDENS IF,2011,6,1,
9255,"BJÖRK, CARL",Nej,SWE,,2000-01-19,,IFK NORRKÖPING,2020-2023,39,8,
1169,"BJÖRK, GUSTAF",Nej,SWE,MÅSEN,1900-07-10,1928-05-12,HAMMARBY IF,1925,10,3,
2442,"BJÖRK, JOHN",Nej,SWE,,1917-11-11,1983-04-02,HELSINGBORGS IF,1942,3,1,
2442,"BJÖRK, JOHN",Nej,SWE,,1917-11-11,1983-04-02,RÅÅ IF,1951,4,0,
1711,"BJÖRK, OSKAR",Nej,SWE,,1901-07-06,1947-10-10,GEFLE IF,1935,15,0,
8851,"BJÖRKANDER, ERIC",Nej,SWE,,1996-06-11,,MJÄLLBY AIF,2014-2021,36,2,
8851,"BJÖRKANDER, ERIC",Nej,SWE,,1996-06-11,,GIF SUNDSVALL,2016-2019,77,1,
9232,"BJÖRKEBAUM, ANTE",Nej,SWE,,1988-04-14,,IK SIRIUS,2017,5,0,
9256,"BJÖRKENGREN, JOHN",Nej,SWE,,1998-12-09,,FALKENBERGS FF,2019-2020,49,3,
9420,"BJÖRKÉN, FRITJOF",Nej,SWE,,1991-01-03,,IF BROMMAPOJKARNA,2018,29,2,
3100,"BJÖRKLUND, BERTIL",Nej,SWE,,1933-12-05,2006-12-11,IFK MALMÖ,1957,5,1,
3778,"BJÖRKLUND, BILL",Nej,SWE,,1941-12-24,2018-07-19,IFK NORRKÖPING,1961-1968,148,24,
2413,"BJÖRKLUND, GUNNAR",Nej,SWE,,1922-01-31,2001-04-19,IK BRAGE,1944,9,2,
5663,"BJÖRKLUND, JOACHIM",Nej,SWE,,1971-03-15,,ÖSTERS IF,1988,6,0,
5663,"BJÖRKLUND, JOACHIM",Nej,SWE,,1971-03-15,,IFK GÖTEBORG,1993-1995,47,0,
7138,"BJÖRKLUND, JON",Nej,SWE,,1978-03-16,,KALMAR FF,2002-2004,24,0,
9257,"BJÖRKLUND, KALLE",Nej,SWE,,1999-05-31,,HAMMARBY IF,2020,14,1,
4458,"BJÖRKLUND, KARL-GUNNAR",Nej,SWE,,1953-12-02,,ÖSTERS IF,1973-1983,215,25,
6067,"BJÖRKLUND, KRISTOFFER",Ja,SWE,POPPEN,1978-04-19,,IF BROMMAPOJKARNA,2007,20,0,
6067,"BJÖRKLUND, KRISTOFFER",Ja,SWE,POPPEN,1978-04-19,,HAMMARBY IF,2008-2009,40,0,
6512,"BJÖRKLUND, MARKUS",Nej,SWE,,1976-05-29,,ÖRGRYTE IS,1997,1,0,
4456,"BJÖRKLUND, MATS",Nej,SWE,,1954-04-08,,ÖRGRYTE IS,1975,2,0,
3773,"BJÖRKLUND, ROLF",Nej,SWE,TEJPEN,1938-10-02,,MALMÖ FF,1960-1970,192,1,
3091,"BJÖRKLUND, RUNE",Nej,SWE,GÖSEN,1929-04-17,2000-02-26,HAMMARBY IF,1955-1957,52,8,
1702,"BJÖRKMAN, BO",Nej,SWE,,1916-04-20,2002-07-12,DJURGÅRDENS IF,1937-1948,24,9,VARA SK
9641,"BJÖRKMAN, DANIEL",Nej,SWE,,1993-09-11,,ÖREBRO SK,2019-2020,13,0,
4441,"BJÖRKMAN, HANS-ERIK",Ja,SWE,,1954-03-25,,HAMMARBY IF,1974-1975,17,0,
8423,"BJÖRKMAN, JESPER",Nej,SWE,,1993-04-29,,HELSINGBORGS IF,2012-2016,24,1,
8423,"BJÖRKMAN, JESPER",Nej,SWE,,1993-04-29,,ATHLETIC FC ESKILSTU,2019,26,0,
2433,"BJÖRKMAN, LEIF",Nej,SWE,,1924-10-11,1995-06-11,IFK GÖTEBORG,1948-1952,44,0,
2420,"BJÖRKMAN, OLLE",Nej,SWE,OLOF,1920-01-22,1991-09-19,DJURGÅRDENS IF,1946,1,0,
5012,"BJÖRKMAN, PER",Nej,SWE,,1949-04-24,,VÄSTERÅS SK,1978,25,3,"VSK 70, ESK 75"
3080,"BJÖRKMAN, STIG",Nej,SWE,VICKE,1924-11-17,1984-01-26,GAIS,1950-1955,79,0,
3107,"BJÖRKMAN, SVEN",Nej,SWE,,1924-05-21,2015-07-29,ÅTVIDABERGS FF,1952,4,0,
9508,"BJÖRKQVIST, MARKUS",Nej,SWE,,2003-09-04,,MALMÖ FF,2021,4,0,
6631,"BJÖRKQVIST, MIKAEL",Nej,SWE,,1972-08-28,,VÄSTRA FRÖLUNDA IF,1998-2000,72,7,
6631,"BJÖRKQVIST, MIKAEL",Nej,SWE,,1972-08-28,,ÖRGRYTE IS,2001-2003,18,1,
1171,"BJÖRKQVIST, OSCAR",Nej,SWE,TJOSKAR,1897-02-02,1967-01-25,IFK NORRKÖPING,1926,9,0,
7646,"BJÖRKSTRÖM, TIM",Nej,SWE,,1991-01-08,,IF BROMMAPOJKARNA,2009-2014,87,2,
7646,"BJÖRKSTRÖM, TIM",Nej,SWE,,1991-01-08,,DJURGÅRDENS IF,2015-2016,47,0,
7646,"BJÖRKSTRÖM, TIM",Nej,SWE,,1991-01-08,,ÖSTERSUNDS FK,2017,11,1,
7646,"BJÖRKSTRÖM, TIM",Nej,SWE,,1991-01-08,,IK SIRIUS,2018-2022,129,2,
2241,"BJÖRNBERG, TORE",Nej,SWE,,1911-02-28,1995-02-27,SANDVIKENS IF,1931,11,2,
9740,"BJÖRNDAHL, ERIK",Nej,SWE,,1990-07-13,,ÖREBRO SK,2020-2021,30,3,
8856,"BJÖRNKVIST, DANIEL",Nej,SWE,,1989-01-08,,ÖREBRO SK,2014-2021,156,2,
8856,"BJÖRNKVIST, DANIEL",Nej,SWE,,1989-01-08,,ATHLETIC FC ESKILSTU,2017,30,0,
8823,"BJÖRNSSON, HALLDOR ORRI",Nej,I,,1987-03-02,,FALKENBERGS FF,2014,11,0,
6602,"BJÖRNSSON, HILMAR",Nej,ISL,,1969-05-13,,HELSINGBORGS IF,1998,1,0,
2440,"BJÖRNSTEDT, ARNE",Nej,SWE,NANA,1918-08-04,2003-12-28,HELSINGBORGS IF,1944-1945,8,0,
9465,"BJÖRNSTRÖM, AXEL",Nej,SWE,,1995-09-10,,IK SIRIUS,2018-2021,79,6,
9465,"BJÖRNSTRÖM, AXEL",Nej,SWE,,1995-09-10,,AIK,2022-2023,40,0,
1722,"BJÖRSELL, GUNNAR",Nej,SWE,TOMTEN,1912-05-07,1994-04-21,HELSINGBORGS IF,1932-1939,54,23,
5444,"BLACKBURN, EDDIE",Ja,ENG,,1957-04-18,2018-04-20,HALMSTADS BK,1987,7,0,EG EDWIN
9067,"BLACKMAN, JAMAL",Ja,ENG,,1993-10-27,,ÖSTERSUNDS FK,2016,12,0,
1734,"BLADH, NILS",Nej,SWE,,1911-08-25,1993-08-26,IK SLEIPNER,1936,1,0,
3092,"BLADH, RUNE",Ja,SWE,,1927-05-18,2020-02-16,HAMMARBY IF,1957,5,0,
8103,"BLAZEVIC, DAVOR",Ja,SWE,,1993-02-07,,IF BROMMAPOJKARNA,2014,18,0,
8103,"BLAZEVIC, DAVOR",Ja,SWE,,1993-02-07,,HAMMARBY IF,2018-2023,39,0,
3764,"BLIXT, BÖRJE",Nej,SWE,,1944-08-03,,IS HALMIA,1963,1,0,"FR OSKARSSTRÖM,SEN NYHEM"
5910,"BLIXT, LARS",Nej,SWE,,1965-10-13,,TRELLEBORGS FF,1992-1995,75,5,
1706,"BLIXT, RAGNAR",Nej,SWE,,1914-08-08,2003-02-04,IF ELFSBORG,1938-1942,66,0,
5607,"BLOHM, PER",Nej,SWE,,1967-02-10,,ÖREBRO SK,1989-1991,67,6,
5607,"BLOHM, PER",Nej,SWE,,1967-02-10,,IFK NORRKÖPING,1992-1995,84,8,
5607,"BLOHM, PER",Nej,SWE,,1967-02-10,,GAIS,2000,18,1,
5105,"BLOM, BENNY",Nej,SWE,,1959-07-09,,GEFLE IF,1984,11,0,
4449,"BLOM, BERT-OTTAR",Nej,SWE,,1940-06-04,2022-12-21,IFK NORRKÖPING,1959-1969,27,0,"FR STRÖMSUND,BERTIL-OTTAR"
1172,"BLOM, BROR",Nej,SWE,,1901-11-26,1964-05-16,IFK ESKILSTUNA,1925-1929,73,0,FR GUIF
3074,"BLOM, GUNNAR",Nej,SWE,,1927-06-24,2009-08-19,IFK ESKILSTUNA,1958,32,3,
3770,"BLOM, LEIF",Nej,SWE,,1943-12-03,,HÖGADALS IS,1962,5,0,
3770,"BLOM, LEIF",Nej,SWE,,1943-12-03,,ÖSTERS IF,1968-1971,78,3,
2405,"BLOM, RAGNAR",Nej,SWE,RAGGE,1921-02-07,2010-02-10,AIK,1947-1948,3,0,
3072,"BLOM, ÅKE",Nej,SWE,,1931-05-30,2007-06-03,IF ELFSBORG,1952,1,0,FR SKEPPSHULT
1173,"BLOMBERG, ERNST",Nej,SWE,LANTA,1901-03-03,1972-12-10,LANDSKRONA BoIS,1925,1,0,
3098,"BLOMBERG, INGE",Nej,SWE,"KULA""KOLA",1929-10-05,2007-12-24,MALMÖ FF,1951,1,2,
3098,"BLOMBERG, INGE",Nej,SWE,"KULA""KOLA",1929-10-05,2007-12-24,IFK MALMÖ,1953-1962,139,14,
5637,"BLOMBERG, JOHAN",Nej,SWE,,1969-10-27,,ÖRGRYTE IS,1988-1990,23,3,
8497,"BLOMBERG, JOHAN",Nej,SWE,,1987-06-14,,HALMSTADS BK,2013-2014,59,11,
8497,"BLOMBERG, JOHAN",Nej,SWE,,1987-06-14,,AIK,2015-2017,78,9,
8497,"BLOMBERG, JOHAN",Nej,SWE,,1987-06-14,,GIF SUNDSVALL,2019,11,3,
0671,"BLOMBERG, MICHAEL",Nej,SWE,,1974-10-23,,IFK NORRKÖPING,1994-2008,182,5,
0671,"BLOMBERG, MICHAEL",Nej,SWE,,1974-10-23,,KALMAR FF,2005-2006,45,11,
2242,"BLOMBERG, OVE",Nej,SWE,DELLO,1906-09-28,1974-12-22,MALMÖ FF,1932,5,0,
5630,"BLOMBERG, THOMAS",Nej,SWE,,1960-10-19,,IK BRAGE,1982-1990,116,7,
5630,"BLOMBERG, THOMAS",Nej,SWE,,1960-10-19,,ÖRGRYTE IS,1987-1989,65,11,
4457,"BLOMBERG, TOMMY",Ja,SWE,,1955-05-09,,ÖRGRYTE IS,1973,7,0,
3747,"BLOMBERG, ULF",Ja,SWE,,1944-08-29,,IK BRAGE,1966,18,0,
3747,"BLOMBERG, ULF",Ja,SWE,,1944-08-29,,ÅTVIDABERGS FF,1968-1978,179,0,
3082,"BLOMÉN, NILS",Nej,SWE,,1927-08-14,1998-01-15,GAIS,1954,1,0,FR SANDV AIK 1953
3082,"BLOMÉN, NILS",Nej,SWE,,1927-08-14,1998-01-15,SANDVIKENS AIK,1955,4,1,
3772,"BLOMGREN, BÖRJE",Nej,SWE,,1933-06-06,,JÖNKÖPINGS SÖDRA IF,1960,22,0,
7683,"BLOMGREN, DANIEL",Nej,SWE,,1982-08-23,,GAIS,2006,20,1,
1020,"BLOMGREN, EVERT",Nej,SWE,PEVE,1904-01-04,1973-11-11,IK SLEIPNER,1925-1935,174,7,
1733,"BLOMGREN, EVERT",Nej,SWE,BLOMMA,1913-10-18,1981-06-10,SANDVIKENS IF,1937,1,0,ÖRTA
6110,"BLOMGREN, JOHAN",Nej,SWE,,1974-07-19,,HAMMARBY IF,1994-1995,12,0,
2425,"BLOMKVIST, ELLERT",Nej,SWE,,1924-01-19,2009-12-09,IFK ESKILSTUNA,1943,2,0,
2425,"BLOMKVIST, ELLERT",Nej,SWE,,1924-01-19,2009-12-09,ÖREBRO SK,1947-1949,20,0,
8172,"BLOMQVIST, ALEXANDER",Nej,SWE,,1994-08-03,,MALMÖ FF,2013,1,0,
8172,"BLOMQVIST, ALEXANDER",Nej,SWE,,1994-08-03,,TRELLEBORGS FF,2018,29,1,
8172,"BLOMQVIST, ALEXANDER",Nej,SWE,,1994-08-03,,GIF SUNDSVALL,2019-2022,47,1,
5951,"BLOMQVIST, ANDERS",Nej,SWE,,1977-04-28,,ÖSTERS IF,1996-1998,47,0,
8439,"BLOMQVIST, ANDREAS",Nej,SWE,,1992-05-05,,MJÄLLBY AIF,2012-2022,105,10,
8439,"BLOMQVIST, ANDREAS",Nej,SWE,,1992-05-05,,IFK NORRKÖPING,2016-2020,55,4,
2419,"BLOMQVIST, ARNE",Nej,SWE,,1921-07-13,2009-04-22,DJURGÅRDENS IF,1946-1951,52,1,
1189,"BLOMQVIST, ERNST",Nej,SWE,STINSEN,1904-01-13,1967-01-25,AIK,1925-1930,57,10,
6638,"BLOMQVIST, HANS",Nej,SWE,,1975-03-17,,VÄSTRA FRÖLUNDA IF,1998-1999,19,3,
6638,"BLOMQVIST, HANS",Nej,SWE,,1975-03-17,,IFK GÖTEBORG,2003,9,2,
0381,"BLOMQVIST, JESPER",Nej,SWE,,1974-02-05,,IFK GÖTEBORG,1993-1996,73,18,
0381,"BLOMQVIST, JESPER",Nej,SWE,,1974-02-05,,DJURGÅRDENS IF,2003,9,1,
3786,"BLOMQVIST, KARL-AXEL",Nej,SWE,ACKE,1938-11-22,,ÖSTERS IF,1968-1974,152,4,
3109,"BLOMQVIST, KARL-ERIK",Nej,SWE,,1927-08-27,2018-04-16,ÖREBRO SK,1953,9,1,"FD ÖREBRO IK, KARLSLUND"
3083,"BLOMQVIST, KENT",Nej,SWE,,1940-02-19,,GAIS,1959,5,2,
5388,"BLOMQVIST, MIKAEL",Nej,SWE,,1961-04-17,,GAIS,1988,9,0,
5235,"BLOMQVIST, PER-ANDERS",Nej,SWE,PEA,1958-09-08,,ÅTVIDABERGS FF,1980-1982,30,2,
2426,"BLOMQVIST, RUNE",Nej,SWE,,1920-04-18,1987-09-02,IFK ESKILSTUNA,1943,1,0,
2453,"BLOMQVIST, ÅKE",Nej,SWE,LÖPARN,1919-11-06,2002-02-08,REYMERSHOLMS IK,1942,6,1,
8553,"BLOMQVIST-ZAMPI, MATTEO",Nej,SWE,,1990-08-15,,ÖSTERS IF,2013,5,0,
3064,"BLOMSTER, JANNE",Nej,SWE,,1930-04-13,2018-06-11,DEGERFORS IF,1954-1962,54,2,
1704,"BLOMSTRÖM, GUNNAR",Nej,SWE,,1912-01-13,1991-09-07,AIK,1932,2,1,
1704,"BLOMSTRÖM, GUNNAR",Nej,SWE,,1912-01-13,1991-09-07,DJURGÅRDENS IF,1937,21,4,
3756,"BLOMSTRÖM, TOMMY",Nej,SWE,,1946-01-12,,IFK ESKILSTUNA,1964,1,0,
3093,"BLOOM, ERIK",Nej,SWE,,1934-05-01,2007-12-16,HELSINGBORGS IF,1957-1958,16,9,"IFK KRIST,SP/T KRI IS 63"
3757,"BLOOM, THOMAS",Nej,SWE,RIBBAN,1947-09-29,,GAIS,1966-1975,154,17,
4442,"BLUMENBERG, OLA",Nej,SWE,OLOV,1950-12-28,,HAMMARBY IF,1973-1974,49,0,
4442,"BLUMENBERG, OLA",Nej,SWE,OLOV,1950-12-28,,IFK SUNDSVALL,1976-1981,92,3,
9434,"BNOU MARZOUK, YOUNES",Nej,MAR,,1996-03-02,,DALKURD FF,2018,10,1,
8855,"BOAKYE, EMMANUEL",Nej,NED,YMMA,1985-03-25,,ÅTVIDABERGS FF,2014,1,0,
9875,"BOAKYE, THOMAS",Nej,GHA,,1993-05-10,,HALMSTADS BK,2021-2023,43,1,
7258,"BOATENG, DEREK",Nej,GHA,,1983-05-02,,AIK,2003-2006,33,4,
8508,"BOATENG, EMMANUEL",Nej,GHA,EMA,1994-01-17,,HELSINGBORGS IF,2013-2015,37,4,
9869,"BOATENG, EMMANUEL",Nej,GHA,,1997-06-17,,IF ELFSBORG,2021-2023,49,1,
9588,"BOBKO, IVAN",Nej,UKR,,1990-12-10,,ATHLETIC FC ESKILSTU,2019,7,1,
2455,"BODIN, BROR",Nej,SWE,,1919-09-14,2001-08-14,ÖREBRO SK,1949,2,0,
2404,"BODIN, IVAN",Nej,SWE,,1923-07-20,1991-08-29,AIK,1949-1955,107,15,
3758,"BODIN, ROGER",Nej,SWE,,1947-03-13,,GAIS,1967,1,0,
3780,"BODIN, RUNE",Nej,SWE,,1939-05-19,2020-02-27,IK SIRIUS,1969,1,0,
3071,"BODIN, STIG",Nej,SWE,BUDDA,1930-09-04,1988-06-06,IF ELFSBORG,1953-1954,3,0,FR GOTLAND
5280,"BODSTRÖM, THOMAS",Nej,SWE,,1962-04-09,,AIK,1987-1989,48,3,
4445,"BOGREN, RAGNVALD",Nej,SWE,RAGGE,1943-08-01,,IFK LULEÅ,1971,22,0,
0309,"BOGSJÖ, ANDERS",Ja,SWE,,1966-06-16,,IF ELFSBORG,1997-2001,92,0,
3748,"BOHL, JOHN",Nej,SWE,,1944-02-10,,DEGERFORS IF,1964,1,0,
1696,"BOHLIN, EINAR",Nej,SWE,,1911-01-23,1992-03-24,AIK,1934-1940,34,14,
3065,"BOHLIN, ERNST",Nej,SWE,,1928-04-09,1997-02-14,DEGERFORS IF,1950-1956,60,5,
5363,"BOHM, JAN-ERIK",Nej,SWE,,1963-01-19,,IF ELFSBORG,1986-1987,23,0,
8493,"BOHM, KARL",Nej,SWE,,1995-08-24,,IFK GÖTEBORG,2013-2014,2,0,
8493,"BOHM, KARL",Nej,SWE,,1995-08-24,,BK HÄCKEN,2018,6,1,
1719,"BOHMAN, GÖSTA",Nej,SWE,,1911-08-27,1993-06-29,IFK GÖTEBORG,1933-1934,8,5,
8495,"BOJANIC, DARIJAN",Nej,SWE,,1994-12-28,,ÖSTERS IF,2013,14,0,
8495,"BOJANIC, DARIJAN",Nej,SWE,,1994-12-28,,IFK GÖTEBORG,2013-2014,10,2,
8495,"BOJANIC, DARIJAN",Nej,SWE,,1994-12-28,,HELSINGBORGS IF,2014-2016,55,8,
8495,"BOJANIC, DARIJAN",Nej,SWE,,1994-12-28,,ÖSTERSUNDS FK,2017,4,1,
8495,"BOJANIC, DARIJAN",Nej,SWE,,1994-12-28,,HAMMARBY IF,2019-2022,110,9,
4443,"BOJSTEDT, KENNETH",Nej,SWE,BOJAN,1947-05-09,,KALMAR FF,1976-1978,75,11,
1190,"BOKLUND, AGNE",Ja,SWE,,1904-09-29,1949-08-06,IFK MALMÖ,1929-1932,84,0,BRASILIEN
7529,"BOLA, BOBO",Nej,RWA,,1985-10-02,,LANDSKRONA BoIS,2005,7,1,
9509,"BOLIN, HUGO",Nej,SWE,,2003-07-24,,MALMÖ FF,2023,7,0,
9509,"BOLIN, HUGO",Nej,SWE,,2003-07-24,,DEGERFORS IF,2023,9,1,
8019,"BOLIN, LINUS",Nej,SWE,,1984-11-27,,GEFLE IF,2009,3,0,
3771,"BOLMGREN, ERIK",Nej,SWE,,1942-06-06,,HÖGADALS IS,1962,1,0,
1729,"BOLUND, RUNE",Nej,SWE,,1918-12-23,2013-05-13,SANDVIKENS IF,1937-1944,138,12,
9735,"BOMAN, ANDRÉ",Nej,SWE,,2001-11-15,,VARBERGS BOIS,2020-2022,36,0,
9735,"BOMAN, ANDRÉ",Nej,SWE,,2001-11-15,,IF ELFSBORG,2023,7,0,
3766,"BOMAN, GÖTE",Nej,SWE,,1942-09-01,2002-06-24,IFK HOLMSUND,1967,8,0,
3060,"BOMAN, LARS",Nej,SWE,RÅTTAN,1931-03-06,2014-11-18,AIK,1953,2,0,
3060,"BOMAN, LARS",Nej,SWE,RÅTTAN,1931-03-06,2014-11-18,HAMMARBY IF,1955-1962,121,30,
8499,"BOMAN, MIKAEL",Nej,SWE,,1988-07-14,,HALMSTADS BK,2013-2021,82,21,
8499,"BOMAN, MIKAEL",Nej,SWE,,1988-07-14,,IFK GÖTEBORG,2015-2017,71,18,
1191,"BOMAN, WILHELM",Ja,SWE,WILLE,1901-11-02,1984-06-23,WESTERMALMS IF,1927,1,0,
8846,"BONSU, KWAME",Nej,GHA,CONTE,1994-09-25,,MJÄLLBY AIF,2014,24,0,
8846,"BONSU, KWAME",Nej,GHA,CONTE,1994-09-25,,GEFLE IF,2015-2016,37,0,
8357,"BOO WIKLANDER, DAVID",Nej,SWE,,1984-10-03,,IFK NORRKÖPING,2011-2015,111,1,
8357,"BOO WIKLANDER, DAVID",Nej,SWE,,1984-10-03,,HAMMARBY IF,2016,13,0,
8357,"BOO WIKLANDER, DAVID",Nej,SWE,,1984-10-03,,IFK GÖTEBORG,2017-2018,39,1,
8194,"BOOK, ROBIN",Nej,SWE,,1992-04-05,,ÖREBRO SK,2020,16,2,
8194,"BOOK, ROBIN",Nej,SWE,,1992-04-05,,VARBERGS BOIS,2020,11,2,
3099,"BORG, BO",Nej,SWE,,1935-06-14,1981-06-21,IFK MALMÖ,1957-1962,138,17,
7730,"BORG, FREDDY",Nej,SWE,,1983-11-27,,ÖSTERS IF,2006,18,1,
4452,"BORG, HASSE",Nej,SWE,,1953-08-04,,ÖREBRO SK,1974-1976,77,6,
4452,"BORG, HASSE",Nej,SWE,,1953-08-04,,MALMÖ FF,1983-1988,87,10,
2414,"BORG, HENRY",Nej,SWE,KETTY,1925-03-13,2013-11-21,IK BRAGE,1944,8,1,
1707,"BORG, RICKARD",Nej,SWE,JOHANSSON,1908-05-05,1970-12-19,IF ELFSBORG,1931-1938,58,0,
8392,"BORGES, CELSO",Nej,CRC,,1988-05-27,,AIK,2012-2014,79,22,
1192,"BORGH, CARL-FILIP",Nej,SWE,,1905-08-26,1994-05-06,HELSINGBORGS IF,1929,1,0,"FR DROTT, SEN IFK KRIST"
1192,"BORGH, CARL-FILIP",Nej,SWE,,1905-08-26,1994-05-06,AIK,1929,5,2,
1192,"BORGH, CARL-FILIP",Nej,SWE,,1905-08-26,1994-05-06,IFK MALMÖ,1930-1932,41,5,
2434,"BORGLIN, KAJ",Nej,SWE,SNATTE,1918-10-22,2004-07-13,IS HALMIA,1944-1946,47,24,
2434,"BORGLIN, KAJ",Nej,SWE,SNATTE,1918-10-22,2004-07-13,HALMSTADS BK,1948,22,10,
4955,"BORGMAN, KJELL",Nej,SWE,,1951-02-08,,IS HALMIA,1979,2,0,
4952,"BORGMAN, ROGER",Nej,SWE,,1954-03-18,,IS HALMIA,1979,8,0,
1698,"BORGQVIST, JANNE",Nej,SWE,,1914-04-06,2000-11-14,AIK,1938,1,0,FR/T KARLBERG
4431,"BORGQVIST, LARS",Nej,SWE,LALLA,1946-04-05,,AIK,1970,1,0,
0376,"BORGQVIST, MICHAEL",Nej,SWE,BORKEN,1967-12-17,,AIK,1991-1995,110,4,
0376,"BORGQVIST, MICHAEL",Nej,SWE,BORKEN,1967-12-17,,DJURGÅRDENS IF,1999,22,1,
6006,"BORGSTRAND, JOEL",Nej,SWE,JOLLY,1972-11-10,,HALMSTADS BK,1993-2004,124,3,
5649,"BORIERO, LINO",Nej,SWE,,1965-01-24,,ÖSTERS IF,1985-1987,19,0,
5649,"BORIERO, LINO",Nej,SWE,,1965-01-24,,HELSINGBORGS IF,1993,14,0,
3097,"BORNHAGER, STIG",Nej,SWE,,1936-02-24,,MALMÖ FF,1957-1958,3,0,
3097,"BORNHAGER, STIG",Nej,SWE,,1936-02-24,,IFK NORRKÖPING,1961-1962,17,8,
2415,"BORNSTRÖM, GEORG",Nej,SWE,,1921-04-23,1992-04-05,IK BRAGE,1944,4,0,
7309,BOSCO,Nej,BRA,RIC.SALES ALVES DOS SANT,1980-11-16,,ÖRGRYTE IS,2003,7,1,
7162,"BOSEVSKI, NICK",Nej,AUS,BUZZ,1976-12-02,,IFK NORRKÖPING,2002,8,5,
2416,"BOSTRÖM, ERNST",Nej,SWE,,1917-03-27,1991-09-11,IK BRAGE,1940-1944,31,15,
6481,"BOSTRÖM, LARS-OVE",Ja,SWE,,1966-04-19,,PANOS LJUNGSKILE SK,1997,2,0,
5860,"BOSTRÖM, ROGER",Nej,SWE,,1968-03-03,,AIK,1992,1,0,
8233,"BOUAOUZAN, RACHID",Nej,NED/MAR,,1984-02-20,,HELSINGBORGS IF,2010-2013,57,4,
9945,"BOUZAIENE, ELYAS",Nej,SWE,,1997-09-08,,DEGERFORS IF,2022-2023,44,3,
2458,"BOVIN, KARL",Nej,SWE,,1912-11-22,1984-06-01,ÖRGRYTE IS,1940,1,0,LAGL
9486,"BOYE, ISAAC",Nej,NIG,,1997-01-05,,ÖREBRO SK,2018-2020,16,1,
6739,"BOYLAN, LEE",Nej,IRL,,1978-09-02,,TRELLEBORGS FF,1999,5,0,
9446,"BOYSEN, DAVID",Nej,DAN,,1991-04-30,,IF ELFSBORG,2018,3,0,
9446,"BOYSEN, DAVID",Nej,DAN,,1991-04-30,,HELSINGBORGS IF,2019,10,1,
1183,"BRADFIELD, ALLAN",Nej,SWE,,1904-05-07,1988-06-12,IFK ESKILSTUNA,1925-1928,9,5,
9592,"BRAGIN, VLADISLAV",Nej,RYS,,1998-01-25,,ATHLETIC FC ESKILSTU,2019,1,0,
3769,"BRAMSELL, LEIF",Nej,SWE,,1947-06-21,,HELSINGBORGS IF,1968,1,0,
7898,"BRANDEBORN, CHRISTOPHER",Nej,SWE,,1991-03-05,,IF BROMMAPOJKARNA,2018,17,0,
1196,"BRANDELL, GÖSTA",Nej,SWE,GUSTAV,1900-10-31,1984-01-08,IFK NORRKÖPING,1925,1,0,
8868,"BRANNEFALK, JOHAN",Nej,SWE,,1997-12-09,,TRELLEBORGS FF,2018,17,0,
1726,"BRANTING, SVEN",Nej,SWE,BRANTÄNG,1910-08-15,1994-02-07,LANDSKRONA BoIS,1930-1933,58,26,FORM JÖNSSON I ALLSV
2451,"BRASK, HARALD",Nej,SWE,,1916-02-12,2002-12-26,IFK NORRKÖPING,1941,8,0,
3066,"BRASK, ÅKE",Nej,SWE,,1929-02-14,1993-03-02,DEGERFORS IF,1955,5,0,
3782,"BRATT, ÅKE",Nej,SWE,,1943-04-29,2023-03-24,ÖREBRO SK,1961,1,0,SEN STUREHOV
8869,"BRATTBERG, JOHAN",Ja,SWE,,1996-12-28,,FALKENBERGS FF,2019-2020,23,0,
8869,"BRATTBERG, JOHAN",Ja,SWE,,1996-12-28,,BK HÄCKEN,2021-2022,3,0,
5327,"BRCIC, BERNHARD",Nej,SWE,,1968-07-17,,IK BRAGE,1988-1993,74,4,
2428,"BRED, RAGNAR",Nej,SWE,,1923-02-18,2002-10-09,ÖRGRYTE IS,1940,2,0,"ÖIS 39-42,HUNNEBOSTR 5051"
2428,"BRED, RAGNAR",Nej,SWE,,1923-02-18,2002-10-09,GÅRDA BK,1943,8,2,
2428,"BRED, RAGNAR",Nej,SWE,,1923-02-18,2002-10-09,GAIS,1946,3,2,
6498,"BREKKAN, EINAR",Nej,NOR,,1974-06-30,,VÄSTERÅS SK,1997,23,2,
6498,"BREKKAN, EINAR",Nej,NOR,,1974-06-30,,ÖREBRO SK,1999-2002,48,3,
7404,"BREWAH, ALUSPAH",Nej,SLE,,1983-08-24,,HAMMARBY IF,2004,7,1,
3061,"BRICK, BERNT",Nej,SWE,BERNHARD,1926-10-01,2020-02-14,AIK,1951-1953,8,0,TOMELILLA 45-7(73M/74 MÅ)
3061,"BRICK, BERNT",Nej,SWE,BERNHARD,1926-10-01,2020-02-14,DJURGÅRDENS IF,1955,2,0,
1184,"BRICK, MAURITZ",Nej,SWE,MOJE,1905-11-15,1990-04-02,AIK,1925-1929,31,4,
5650,"BRINK, ANDERS",Nej,SWE,,1966-05-18,,ÖSTERS IF,1984-1987,30,1,
8449,"BRINK, CHRISTIAN",Nej,NOR,,1983-03-17,,GIF SUNDSVALL,2012,10,1,
2445,"BRINK, GÖTE",Nej,SWE,,1922-10-02,2003-01-29,JÖNKÖPINGS SÖDRA IF,1948-1952,45,4,
2412,"BRISELL, ANDERS",Nej,SWE,,1915-11-30,1991-12-12,IK BRAGE,1944,15,5,
9481,"BRKIC, HARIS",Nej,SWE,,1999-09-17,,TRELLEBORGS FF,2018,1,0,
6045,"BRNOVIC, DRAGOLJUB",Nej,JUG,,1963-11-02,,ÖRGRYTE IS,1993,5,0,
1728,"BROBECK, STIG",Nej,SWE,,1914-12-30,1995-06-05,MALMÖ FF,1938-1940,21,3,EV BROBÄCK
8398,"BROBERG, MARTIN",Nej,SWE,,1990-09-24,,DJURGÅRDENS IF,2012-2014,60,5,
8398,"BROBERG, MARTIN",Nej,SWE,,1990-09-24,,ÖREBRO SK,2015-2021,69,15,
4448,"BROBERG, STEFAN",Nej,SWE,,1952-04-26,,IFK NORRKÖPING,1973-1974,13,1,
3088,"BRODD, YNGVE",Nej,SWE,,1930-06-09,2016-09-23,ÖREBRO SK,1952-1953,19,6,
3088,"BRODD, YNGVE",Nej,SWE,,1930-06-09,2016-09-23,IFK GÖTEBORG,1962-1964,47,11,
2424,"BRODÉN, KARL-ERIK",Nej,SWE,KAKA,1918-08-16,1986-05-06,IFK ESKILSTUNA,1943,9,1,
7032,"BRODÉN, OLA",Nej,SWE,,1982-05-10,,TRELLEBORGS FF,2001,1,0,
9084,"BROLIN, SAMUEL",Ja,SWE,,2000-09-29,,MJÄLLBY AIF,2021-2022,39,0,
5563,"BROLIN, TOMAS",Nej,SWE,,1969-11-29,,GIF SUNDSVALL,1987-1989,55,13,
5563,"BROLIN, TOMAS",Nej,SWE,,1969-11-29,,IFK NORRKÖPING,1990,9,7,
2443,"BROLING, ALLAN",Nej,SWE,,1919-10-15,2003-04-02,JÖNKÖPINGS SÖDRA IF,1946-1954,168,20,
5560,"BROMAN, URBAN",Nej,SWE,,1962-10-08,,IFK SUNDSVALL,1981,1,0,
5560,"BROMAN, URBAN",Nej,SWE,,1962-10-08,,GIF SUNDSVALL,1987,8,1,
1185,"BROMMESSON, CHARLES",Nej,SWE,"CHALLE""BROMME",1903-08-12,1978-09-01,HELSINGBORGS IF,1925-1931,85,66,
2410,"BROOMS, KARL-ERIK",Nej,SWE,,1920-01-28,1978-05-10,BILLINGSFORS IK,1947,11,0,
9085,"BRORSSON, ARVID",Nej,SWE,,1999-05-08,,ÖREBRO SK,2017-2020,35,0,
9085,"BRORSSON, ARVID",Nej,SWE,,1999-05-08,,MJÄLLBY AIF,2023,29,2,
8594,"BRORSSON, FRANZ",Nej,SWE,,1996-01-30,,MALMÖ FF,2015-2021,118,2,
8595,"BRORSSON, FREDDIE",Nej,SWE,,1997-06-04,,TRELLEBORGS FF,2018,25,1,
5220,"BRORSSON, JONAS",Nej,SWE,,1963-07-12,,TRELLEBORGS FF,1985-1996,129,1,
2439,"BRORSSON, STURE",Nej,SWE,,1922-04-06,1993-00-00,HELSINGBORGS IF,1945-1946,2,0,
1186,"BROST, HEINRICH",Nej,SWE,HANKE,1899-12-16,1960-02-16,IFK MALMÖ,1925-1932,95,49,
1019,"BROST, TORSTEN",Nej,SWE,PUTTE,1911-03-21,1965-03-15,IFK MALMÖ,1929-1932,60,31,
1019,"BROST, TORSTEN",Nej,SWE,PUTTE,1911-03-21,1965-03-15,MALMÖ FF,1933,5,0,
3069,"BROSTRÖM, LARS",Nej,SWE,BROARN,1931-07-26,2013-08-04,DJURGÅRDENS IF,1957-1963,110,0,
4450,"BROTHÉN, JÖRGEN",Nej,SWE,,1949-11-20,,ÖRGRYTE IS,1970-1972,39,4,"FR KINNA IF, HEBE IF (VI)"
4450,"BROTHÉN, JÖRGEN",Nej,SWE,,1949-11-20,,IF SAAB,1973,10,1,
1187,"BROVALL, KURT",Nej,SWE,,1903-10-22,1943-09-18,ÖRGRYTE IS,1926,3,0,
5085,"BRUHN, DONNY",Nej,SWE,,1957-08-06,,IF ELFSBORG,1981-1983,12,1,
3781,"BRUHN, HORST",Nej,SWE,,1943-09-09,,ÖREBRO SK,1967-1970,24,0,
3086,"BRUNBÄCK, HANS",Nej,SWE,,1932-12-17,2007-02-01,IFK GÖTEBORG,1955,2,0,
6591,"BRUNBÄCK, MAGNUS",Nej,SWE,WYGLER,1978-06-05,,IFK GÖTEBORG,1998,1,0,
5552,"BRUNDIN, MICHAEL",Nej,SWE,,1965-10-05,,GIF SUNDSVALL,1987-2001,87,1,
5552,"BRUNDIN, MICHAEL",Nej,SWE,,1965-10-05,,AIK,1996-2000,116,0,
3752,"BRUNDIN, STAFFAN",Nej,SWE,,1949-04-15,,IF ELFSBORG,1968-1973,43,2,ANNELUNDS IF 1981
3744,"BRUSCHI, PAOLO",Nej,SWE,,1945-04-03,,AIK,1969-1971,36,1,"SV 69, FD ITA,SEN ESK 75"
8928,"BRUSTAD, FREDRIK",Nej,NOR,,1989-06-22,,AIK,2015-2016,38,7,
1703,"BRYNGELSSON, ARNE",Nej,SWE,,1915-02-17,1981-02-18,SANDVIKENS IF,1936-1944,180,36,
1703,"BRYNGELSSON, ARNE",Nej,SWE,,1915-02-17,1981-02-18,DJURGÅRDENS IF,1946-1947,25,6,
6614,"BRYNGELSSON, FREDRIK",Nej,SWE,,1975-04-10,,BK HÄCKEN,1998-2000,10,0,
1188,"BRYNOLF, MALTE",Nej,SWE,,1905-03-09,1964-04-14,IFK MALMÖ,1926,3,0,SEN ARLÖV
3750,"BRZOKOUPIL, DAN",Nej,SWE,BRÅSKAN,1947-05-08,,DJURGÅRDENS IF,1967-1971,87,28,
3750,"BRZOKOUPIL, DAN",Nej,SWE,BRÅSKAN,1947-05-08,,LANDSKRONA BoIS,1972-1974,72,13,
3750,"BRZOKOUPIL, DAN",Nej,SWE,BRÅSKAN,1947-05-08,,HAMMARBY IF,1975-1976,44,5,
9086,"BRÅHOLM, ISAK",Nej,SWE,,2000-09-24,,IK SIRIUS,2019-2020,9,0,
9600,"BRÅTVEIT, PER KRISTIAN",Ja,SWE,PK,1996-02-15,,DJURGÅRDENS IF,2019-2020,28,0,*NOR*
7422,"BRÄNNSTRÖM, CHRISTOFFER",Nej,SWE,,1982-07-16,,GIF SUNDSVALL,2004-2005,2,0,
7306,"BUDALIC, NIKOLA",Nej,KAN,NIKKI,1978-08-01,,ÖREBRO SK,2003,5,0,
9058,"BUDKVA, ADIN",Nej,SWE,,1998-01-11,,IFK NORRKÖPING,2016,3,0,
6369,"BUHIC, ALMIR",Nej,BIH,,1975-03-09,,ÖREBRO SK,1996,2,0,
5875,"BULATOVIC, ZORAN",Nej,JUG,,1969-07-29,,GAIS,1992,7,1,
9914,"BULUT, EKIN",Nej,SWE,,1996-09-27,,IK SIRIUS,2021,5,1,
1708,"BUNKE, LENNART",Nej,SWE,LEDDE ANDERSSON TID.,1912-04-03,1988-08-17,HELSINGBORGS IF,1933-1944,81,30,
1708,"BUNKE, LENNART",Nej,SWE,LEDDE ANDERSSON TID.,1912-04-03,1988-08-17,IFK ESKILSTUNA,1935-1936,15,7,
1721,"BUNKE, TORSTEN",Nej,SWE,TOTTE ANDERSSON TID.,1908-09-26,1987-05-02,HELSINGBORGS IF,1933-1938,46,33,
5288,"BURDENSKI, DIETER",Ja,VTY,BUDDE,1950-11-26,,AIK,1988,1,0,
7676,"BURGIC, MILAN",Nej,SLN,,1984-09-25,,AIK,2006-2010,63,16,
7971,"BURKHARDT, MARCIN",Nej,POL,,1983-09-25,,IFK NORRKÖPING,2008,14,1,
8008,"BURLIN, DAN",Nej,SWE,,1980-08-13,,DJURGÅRDENS IF,2009,9,1,
7956,"BURNS, COLIN",Ja,USA,,1982-06-30,,PANOS LJUNGSKILE SK,2008,15,0,
3108,"BURSTRÖM, GUNNAR",Nej,SWE,,1932-08-02,2018-01-20,ÖREBRO SK,1952-1962,63,5,S/T IFK KUMLA 63
5678,"BURWALL, KEN",Nej,SWE,,1966-03-27,,DJURGÅRDENS IF,1990-1992,55,7,
5678,"BURWALL, KEN",Nej,SWE,,1966-03-27,,ÖSTERS IF,1994,19,1,
9164,"BUYA TURAY, MOHAMED",Nej,SLE,,1995-01-10,,ATHLETIC FC ESKILSTU,2017,23,9,
9164,"BUYA TURAY, MOHAMED",Nej,SLE,,1995-01-10,,DALKURD FF,2018,13,9,
9164,"BUYA TURAY, MOHAMED",Nej,SLE,,1995-01-10,,DJURGÅRDENS IF,2019,29,15,
9164,"BUYA TURAY, MOHAMED",Nej,SLE,,1995-01-10,,MALMÖ FF,2022,10,1,
5057,"BYLIN, ANDERS",Nej,SWE,,1964-05-21,,AIK,1984,1,0,
1713,"BYSELL, BERTIL",Ja,SWE,BYSSE,1910-07-10,1995-05-05,GEFLE IF,1934,15,0,
1713,"BYSELL, BERTIL",Ja,SWE,BYSSE,1910-07-10,1995-05-05,SANDVIKENS IF,1936-1939,67,0,
9955,"BÅNGSBO, JOHAN",Nej,SWE,,2003-02-10,,IFK GÖTEBORG,2022-2023,38,1,
2409,"BÅÅTH, GUNNAR",Ja,SWE,,1921-10-30,2007-08-03,BILLINGSFORS IK,1947,3,0,SEN BENGTSFORS IF
2408,"BÅÅTH, TAGE",Nej,SWE,,1921-10-30,2005-11-06,BILLINGSFORS IK,1947,17,1,
7901,"BÅÅTH SJÖBLOM, ANDERS",Nej,SWE,,1991-04-13,,SYRIANSKA FC,2011-2013,58,3,
7901,"BÅÅTH SJÖBLOM, ANDERS",Nej,SWE,,1991-04-13,,GEFLE IF,2014-2016,69,4,
3784,"BÄCK, KENT",Nej,SWE,,1942-03-06,,ÖRGRYTE IS,1966-1967,19,0,
2418,"BÄCKE, ELJON",Ja,SWE,,1916-10-17,1977-10-04,DEGERFORS IF,1943,9,0,
5585,"BÄCKEBO, PETER",Nej,SWE,,1963-04-20,,VÄSTRA FRÖLUNDA IF,1987,6,0,
2448,"BÄCKLIN, ANDERS",Nej,SWE,,1919-07-06,2001-01-15,LUDVIKA FFI,1945,8,0,
2449,"BÄCKLIN, OLLE",Nej,SWE,OLOF,1918-04-07,1980-05-12,LUDVIKA FFI,1945,2,0,
3075,"BÄCKLUND, ROLF",Nej,SWE,,1937-12-13,2000-04-19,IFK ESKILSTUNA,1958,2,0,"INGENJÖR, EGEN PR"
3765,"BÄCKMAN, RONNE",Nej,SWE,,1946-07-15,,IFK HOLMSUND,1967,15,7,
3767,"BÄCKSTRÖM, LENNART",Ja,SWE,HACKE,1943-01-22,,IFK HOLMSUND,1967,6,0,
5016,"BÄCKSTRÖM, PEDER",Nej,SWE,,1954-01-09,,VÄSTERÅS SK,1978,8,1,IFK ESK 75
2452,"BÄCKSTRÖM, ÅKE",Nej,SWE,BÄCKIS,1914-09-09,1997-02-20,REYMERSHOLMS IK,1942,12,1,
2403,"BÄCKVALL, BERTIL",Nej,SWE,BÄCKIS,1923-02-22,2012-10-28,HAMMARBY IF,1940,4,2,
2403,"BÄCKVALL, BERTIL",Nej,SWE,BÄCKIS,1923-02-22,2012-10-28,AIK,1947-1954,115,33,
7790,"BÄRKROTH, NICKLAS",Nej,SWE,,1992-01-19,,IFK GÖTEBORG,2007-2012,54,4,
7790,"BÄRKROTH, NICKLAS",Nej,SWE,,1992-01-19,,IF BROMMAPOJKARNA,2013-2014,51,3,
7790,"BÄRKROTH, NICKLAS",Nej,SWE,,1992-01-19,,IFK NORRKÖPING,2015-2017,53,6,
7790,"BÄRKROTH, NICKLAS",Nej,SWE,,1992-01-19,,DJURGÅRDENS IF,2018-2021,76,8,
6496,"BÄRLIN, STEFAN",Nej,SWE,,1976-05-31,,VÄSTERÅS SK,1997,26,4,
6496,"BÄRLIN, STEFAN",Nej,SWE,,1976-05-31,,IFK GÖTEBORG,1998-1999,40,3,
6496,"BÄRLIN, STEFAN",Nej,SWE,,1976-05-31,,DJURGÅRDENS IF,2001-2002,37,6,
4451,"BÖRJESSON, BO",Nej,SWE,,1949-12-01,,ÖRGRYTE IS,1971-1973,52,4,
4451,"BÖRJESSON, BO",Nej,SWE,,1949-12-01,,IFK SUNDSVALL,1976-1981,130,16,
1193,"BÖRJESSON, ERIK",Nej,SWE,GAMLE BÖRJE,1886-12-01,1983-07-17,ÖRGRYTE IS,1925,12,9,
6333,"BÖRJESSON, FREDRIK",Nej,SWE,,1971-06-09,,IK ODDEVOLD,1996,16,0,
1194,"BÖRJESSON, GUNNAR",Nej,SWE,,1902-10-13,1986-02-10,GAIS,1926,1,0,
3111,"BÖRJESSON, HELGE",Nej,SWE,KVART-I-TVÅ,1931-11-15,2014-07-05,ÖRGRYTE IS,1959-1966,71,0,
3076,"BÖRJESSON, KENNETH",Nej,SWE,KNÄCKEN,1936-05-24,2019-06-07,GAIS,1957-1958,39,0,
4439,"BÖRJESSON, LARS",Nej,SWE,BUFF  BÖRJE,1946-12-25,2018-04-23,GAIS,1970,8,0,
3087,"BÖRJESSON, REINO",Nej,SWE,,1929-02-04,2023-10-21,IFK GÖTEBORG,1952-1953,33,16,
3087,"BÖRJESSON, REINO",Nej,SWE,,1929-02-04,2023-10-21,NORRBY IF,1956,21,5,
1735,"BÖRJESSON, ROLF",Nej,SWE,,1914-11-18,1998-10-27,ÖRGRYTE IS,1939,1,0,
3110,"BÖRJESSON, RUNE",Nej,SWE,,1937-04-05,1996-02-21,ÖRGRYTE IS,1959-1967,125,91,
4455,"BÖRJESSON, STIG",Nej,SWE,,1948-05-15,,ÖRGRYTE IS,1970,2,0,
4454,"BÖRJESSON, SÖREN",Nej,SWE,,1956-03-14,,ÖRGRYTE IS,1973-1985,182,49,
4454,"BÖRJESSON, SÖREN",Nej,SWE,,1956-03-14,,DJURGÅRDENS IF,1986,22,5,
3763,"BÖRJESSON, ÅKE",Nej,SWE,,1940-02-21,2013-02-22,IS HALMIA,1963,3,0,
1195,"BÖÖS, EINAR",Nej,SWE,,1902-12-03,1965-07-08,IFK UDDEVALLA,1927,9,0,GLASÖGON
6024,"CABAN, PETER",Nej,SWE,,1971-08-24,,BK HÄCKEN,1993-1994,17,0,
3117,"CAHLMAN, CURT",Nej,SWE,,1928-11-26,2020-07-06,SANDVIKENS IF,1954-1961,151,0,
8597,"CAJTOFT, ANTON",Ja,SWE,,1994-02-13,,JÖNKÖPINGS SÖDRA IF,2016-2017,26,0,
7636,"CAKIC, RIKI",Nej,SWE,ORHAN,1990-06-17,,IFK NORRKÖPING,2008-2011,12,1,SWE/BIH
9046,CALA,Nej,SPA,SERGIO CALATUYUD LEBRON,1990-03-02,,JÖNKÖPINGS SÖDRA IF,2016-2017,10,1,
8196,"CALISIR, ANDRÉ",Nej,SWE/ARM,,1990-06-13,,DJURGÅRDENS IF,2010-2011,7,0,
8196,"CALISIR, ANDRÉ",Nej,SWE/ARM,,1990-06-13,,JÖNKÖPINGS SÖDRA IF,2016-2017,58,0,
8196,"CALISIR, ANDRÉ",Nej,SWE/ARM,,1990-06-13,,IFK GÖTEBORG,2018-2020,67,2,
8196,"CALISIR, ANDRÉ",Nej,SWE/ARM,,1990-06-13,,IF BROMMAPOJKARNA,2023,14,0,
8833,"CALVO, DIEGO",Nej,CRC,,1991-03-25,,IFK GÖTEBORG,2014,3,0,D.GERARDO C.FONSECA
9584,"CAMARA, OUSMANE",Nej,GUI,,1998-12-28,,ATHLETIC FC ESKILSTU,2019,15,2,
9483,"CAMARA JÖNSSON, SALIF",Nej,SWE,,1983-09-09,,TRELLEBORGS FF,2018,10,2,
5247,"CAMITZ, ULF",Nej,SWE,,1960-10-25,,ÅTVIDABERGS FF,1982,21,6,"VARB GIF 77-81,EM NORGE"
9944,"CAMPOS, DIEGO",Nej,CRI,,1995-10-01,,DEGERFORS IF,2022-2023,56,11,
7924,"CAMPOS, PABLO",Nej,BRA,,1983-01-29,,GAIS,2008,8,0,
3114,"CANDERYD, GILLIS",Nej,SWE,,1931-03-08,1988-12-22,DEGERFORS IF,1950,5,1,
3114,"CANDERYD, GILLIS",Nej,SWE,,1931-03-08,1988-12-22,ÖREBRO SK,1951-1953,38,21,
1198,"CARLANDER, HENRY",Nej,SWE,,1905-10-09,1977-04-01,IFK UDDEVALLA,1926-1927,44,11,"EM USA, DÖD CHICAGO"
1199,"CARLANDER, NORE",Nej,SWE,,1904-09-17,1979-11-21,IFK UDDEVALLA,1926-1927,19,0,
1200,"CARLBERG, BRUNO",Nej,SWE,CHAPLIN,1901-08-10,1977-12-06,IFK NORRKÖPING,1925-1926,25,0,
1743,"CARLBERG, OLOF",Nej,SWE,MICKY,1913-10-20,1990-12-16,IFK NORRKÖPING,1936-1941,55,0,
3788,"CARLBERG, THOMAS",Nej,SWE,,1948-06-14,,DEGERFORS IF,1966,2,0,EM USA
3788,"CARLBERG, THOMAS",Nej,SWE,,1948-06-14,,ÖREBRO SK,1972-1974,62,2,
1744,"CARLBOM, HALVAR",Nej,SWE,SMÄLLA,1917-10-27,2002-11-28,IFK NORRKÖPING,1937-1950,167,60,FR SYLVIA 3608
9338,"CARLÉN, ADAM",Nej,SWE,,2000-06-27,,DEGERFORS IF,2021-2022,57,1,
9338,"CARLÉN, ADAM",Nej,SWE,,2000-06-27,,IFK GÖTEBORG,2023,28,4,
8598,"CARLGREN, PATRIK",Ja,SWE,,1992-01-08,,AIK,2014-2016,75,0,
9337,"CARLIUS, LUDVIG",Nej,SWE,,2001-03-14,,HELSINGBORGS IF,2020,4,0,
9337,"CARLIUS, LUDVIG",Nej,SWE,,2001-03-14,,MJÄLLBY AIF,2021-2023,6,0,
7651,"CARLSÉN, SEBASTIAN",Nej,SWE,,1991-01-09,,HELSINGBORGS IF,2011,3,0,
2687,"CARLSON, BENGT",Nej,SWE,,1929-02-18,1994-01-03,IFK NORRKÖPING,1948,2,0,
1360,"CARLSON, HERMAN",Nej,SWE,LASSE,1906-09-11,1990-02-18,AIK,1926-1927,5,3,
1362,"CARLSON, HUGO",Nej,SWE,,1907-02-12,1985-08-12,IF ELFSBORG,1929,10,0,
1350,"CARLSSON, ALLAN",Nej,SWE,MAC,1899-01-04,1973-02-08,HELSINGBORGS IF,1925,6,0,
5598,"CARLSSON, ANDERS",Nej,SWE,KÖLA,1965-09-16,,ÖRGRYTE IS,1984-1985,11,0,
5598,"CARLSSON, ANDERS",Nej,SWE,KÖLA,1965-09-16,,VÄSTRA FRÖLUNDA IF,1988-1989,13,2,
1934,"CARLSSON, ARTHUR",Nej,SWE,ATTE,1914-06-23,1977-08-30,LANDSKRONA BoIS,1935-1945,186,8,
1352,"CARLSSON, BENGT",Nej,SWE,,1905-02-23,1983-06-19,IFK NORRKÖPING,1925-1928,59,11,F03EJ
4003,"CARLSSON, BJÖRN",Nej,SWE,LILL-GARVIS,1942-06-07,,AIK,1960-1968,140,44,
4003,"CARLSSON, BJÖRN",Nej,SWE,LILL-GARVIS,1942-06-07,,IK SIRIUS,1969-1974,58,1,
4602,"CARLSSON, BJÖRN",Nej,SWE,,1953-12-02,,DJURGÅRDENS IF,1976-1978,23,1,
6453,"CARLSSON, BJÖRN",Nej,SWE,,1977-04-05,,HALMSTADS BK,1997-2002,64,6,
2683,"CARLSSON, BO",Nej,SWE,,1924-04-10,2003-03-13,JÖNKÖPINGS SÖDRA IF,1949-1952,36,8,
4601,"CARLSSON, BO",Nej,SWE,,1956-05-28,,BK DERBY,1977,25,0,
1354,"CARLSSON, BROR",Nej,SWE,BROLLAN,1897-06-28,1986-02-20,GAIS,1925-1926,33,26,
1354,"CARLSSON, BROR",Nej,SWE,BROLLAN,1897-06-28,1986-02-20,IFK UDDEVALLA,1927,3,1,
1354,"CARLSSON, BROR",Nej,SWE,BROLLAN,1897-06-28,1986-02-20,ÖRGRYTE IS,1929-1930,19,23,
4611,"CARLSSON, BÖRJE",Nej,SWE,,1952-09-04,1976-08-26,HALMSTADS BK,1974,5,0,
5871,"CARLSSON, CHRISTIAN",Nej,SWE,VANNERYR,1966-08-20,,GAIS,1991,1,0,
5871,"CARLSSON, CHRISTIAN",Nej,SWE,VANNERYR,1966-08-20,,PANOS LJUNGSKILE SK,1997,24,3,
7369,"CARLSSON, CHRISTOFFER",Nej,SWE,,1989-01-15,,FALKENBERGS FF,2014-2020,127,5,
6342,"CARLSSON, DAVID",Nej,SWE,,1972-04-20,,IK ODDEVOLD,1996,1,0,
6904,"CARLSSON, DAVID",Nej,SWE,TULLE,1983-03-07,,IF BROMMAPOJKARNA,2009,2,0,
2647,"CARLSSON, ELON",Nej,SWE,,1913-12-03,1996-05-19,AIK,1940,9,1,"FR FAGERSTA,SEN IFK V-ÅS"
1930,"CARLSSON, EMIL",Nej,SWE,,1908-03-15,2000-05-21,HALMSTADS BK,1934-1936,56,18,
1936,"CARLSSON, ERIC",Nej,SWE,SOTARN DOCKNER,1920-05-31,1982-04-19,IFK NORRKÖPING,1937,2,0,
1356,"CARLSSON, FRITZ",Nej,SWE,BJÖRK,1893-06-08,1966-01-30,IFK ESKILSTUNA,1925,1,1,FTID ?
1056,"CARLSSON, GOTTFRID",Ja,SWE,,1909-09-10,1994-07-01,ÖRGRYTE IS,1928-1938,154,0,
4629,"CARLSSON, GUNNAR",Nej,SWE,,1951-04-22,,ÖRGRYTE IS,1976-1981,21,2,
1944,"CARLSSON, GUNNAR",Ja,SWE,,1912-01-15,1953-07-18,IK SLEIPNER,1935-1940,26,0,
4033,"CARLSSON, GÖRAN",Nej,SWE,KNORR,1938-01-23,2010-09-12,JÖNKÖPINGS SÖDRA IF,1960,14,2,FR FAGERVIK
4624,"CARLSSON, GÖRAN",Nej,SWE,,1952-07-18,,ÅTVIDABERGS FF,1975-1981,68,5,
2674,"CARLSSON, GÖSTA",Nej,SWE,FISKIS,1918-06-22,1962-07-22,HALMSTADS BK,1943-1948,73,0,
2667,"CARLSSON, GÖTE",Nej,SWE,PILBÅGEN,1921-01-06,1990-06-15,GAIS,1945-1953,121,15,FR HISINGSTADS IS
1359,"CARLSSON, HALVARD",Nej,SWE,HALVAR HAVVE,1902-09-26,1956-10-18,WESTERMALMS IF,1927-1929,27,10,EJ BROR INGVARD
2649,"CARLSSON, HENRY",Nej,SWE,GARVIS,1917-10-29,1999-05-28,AIK,1940-1949,192,97,
1917,"CARLSSON, HERBERT",Nej,SWE,REGEMAR,1908-01-18,1999-10-14,IFK ESKILSTUNA,1932-1936,52,0,
1361,"CARLSSON, HUGO",Nej,SWE,HUGA,1898-03-02,1940-08-19,HELSINGBORGS IF,1925-1928,66,0,
1363,"CARLSSON, INGVARD",Nej,SWE,,1906-12-13,1943-11-27,WESTERMALMS IF,1927,3,0,"EJ BROR, OMKOM TÅGOLYCKA"
4027,"CARLSSON, JAN",Nej,SWE,,1939-10-02,,HAMMARBY IF,1967,4,0,
4610,"CARLSSON, JERRY",Nej,SWE,,1953-11-21,,IFK GÖTEBORG,1977-1986,179,14,
5106,"CARLSSON, JOACHIM",Nej,SWE,,1965-08-07,,GEFLE IF,1984,2,0,
6039,"CARLSSON, JOACIM",Nej,SWE,SEVE,1967-06-27,,ÖRGRYTE IS,1993,19,1,
2686,"CARLSSON, KJELL",Nej,SWE,,1920-04-23,1983-07-04,MALMÖ FF,1940,2,0,
6725,"CARLSSON, KJELL",Nej,SWE,,1969-06-03,,KALMAR FF,1999,10,0,
4020,"CARLSSON, KJELL-ÅKE",Nej,SWE,LEISGÅRD,1946-01-02,,IFK GÖTEBORG,1965-1970,101,3,
2660,"CARLSSON, LARS",Nej,SWE,,1921-03-16,2006-05-31,BILLINGSFORS IK,1947,2,0,
3377,"CARLSSON, LARS",Nej,SWE,,1932-04-09,2024-01-14,NORRBY IF,1956,1,0,
4013,"CARLSSON, LARS",Nej,SWE,HÄLLERYDARN,1947-08-29,2013-06-19,DJURGÅRDENS IF,1968-1970,10,0,SEN OPE 70-
4614,"CARLSSON, LARS",Nej,SWE,,1951-02-28,2021-06-18,HALMSTADS BK,1975-1977,14,4,
4614,"CARLSSON, LARS",Nej,SWE,,1951-02-28,2021-06-18,VÄSTERÅS SK,1978,11,0,
4614,"CARLSSON, LARS",Nej,SWE,,1951-02-28,2021-06-18,IS HALMIA,1979,23,4,
4595,"CARLSSON, LARS I",Nej,SWE,,1955-05-21,,AIK,1976-1978,44,0,
4916,"CARLSSON, LARS II",Nej,SWE,,1958-04-15,,AIK,1979-1982,52,5,
4608,"CARLSSON, LARS-GÖRAN",Nej,SWE,,1944-12-11,,GAIS,1970,20,2,
4612,"CARLSSON, LARS-GÖRAN",Nej,SWE,,1943-08-18,,HALMSTADS BK,1972-1974,31,2,
3387,"CARLSSON, LARS",Ja,SWE,KATTEN,1930-09-02,1976-04-13,ÖREBRO SK,1951-1962,65,0,
4025,"CARLSSON, LEIF",Nej,SWE,HINNERYD,1942-11-30,,IS HALMIA,1963,3,1,
2648,"CARLSSON, LENNART",Nej,SWE,,1929-01-30,2000-08-13,AIK,1948-1959,196,6,FR NYNÄSHAMN
4038,"CARLSSON, LENNART",Nej,SWE,,1946-04-04,,IFK NORRKÖPING,1968-1970,27,0,
5580,"CARLSSON, MARTIN",Nej,SWE,FOLIN,1965-12-27,,VÄSTRA FRÖLUNDA IF,1987-1989,57,6,
5580,"CARLSSON, MARTIN",Nej,SWE,FOLIN,1965-12-27,,GAIS,1991-1992,32,4,
4014,"CARLSSON, MATS",Nej,SWE,CLEVERUP,1942-03-01,,IF ELFSBORG,1962-1964,24,0,
4014,"CARLSSON, MATS",Nej,SWE,CLEVERUP,1942-03-01,,DJURGÅRDENS IF,1966-1967,14,0,
5404,"CARLSSON, MATS-OLA",Nej,SWE,MASSOLA,1961-01-28,,HALMSTADS BK,1984-1985,40,3,
5404,"CARLSSON, MATS-OLA",Nej,SWE,MASSOLA,1961-01-28,,IFK GÖTEBORG,1986-1988,40,1,
7387,"CARLSSON, NICKLAS",Nej,SWE,,1979-11-13,,AIK,2006-2007,38,4,
7387,"CARLSSON, NICKLAS",Nej,SWE,,1979-11-13,,IFK GÖTEBORG,2008-2010,20,0,
1365,"CARLSSON, NILS",Nej,SWE,SPÅNIS,1902-07-15,1981-04-06,WESTERMALMS IF,1927,11,4,FR/T SUNDBYBERG
1367,"CARLSSON, OTTO",Nej,SWE,,1901-12-16,1982-03-01,IFK MALMÖ,1925-1926,14,2,
2665,"CARLSSON, PER",Ja,SWE,,1921-03-14,2018-01-18,IF ELFSBORG,1941-1945,4,0,SEN SKENE IF
9768,"CARLSSON, PONTUS",Nej,SWE,,2004-09-10,,HALMSTADS BK,2023,1,0,
1368,"CARLSSON, RICHARD",Nej,SWE,TIST,1906-10-10,1997-07-03,IFK NORRKÖPING,1927-1928,20,7,
5211,"CARLSSON, ROBIN",Nej,SWE,,1956-06-30,,IFK SUNDSVALL,1980,15,0,
1918,"CARLSSON, ROGER",Nej,SWE,,1911-06-24,1937-06-24,IFK ESKILSTUNA,1931-1936,98,34,
5029,"CARLSSON, ROGER",Nej,SWE,,1957-12-30,,ÅTVIDABERGS FF,1979-1980,15,0,
4017,"CARLSSON, ROLF",Nej,SWE,,1949-01-05,2016-04-15,IF ELFSBORG,1968-1971,78,16,
1942,"CARLSSON, RUDOLF",Nej,SWE,RULLE,1903-12-17,1989-12-21,SANDVIKENS IF,1930-1934,77,0,
1049,"CARLSSON, RUNE",Nej,SWE,WAMME,1909-10-01,1943-09-14,IFK ESKILSTUNA,1928-1934,100,3,
2417,"CARLSSON, RUNE",Nej,SWE,KLEVEFELT,1914-09-07,1990-09-17,IFK ESKILSTUNA,1943,8,3,
3353,"CARLSSON, RUNE",Nej,SWE,PUNNE,1923-09-23,2008-04-04,AIK,1950-1951,11,0,FR DANDERYD
1941,"CARLSSON, SIGURD",Nej,SWE,RÄTTARN,1911-01-10,2001-04-17,SANDVIKENS IF,1933-1939,47,13,FR SAIK
7995,"CARLSSON, STELLAN",Nej,SWE,,1985-03-05,,ÖREBRO SK,2008,1,0,
2650,"CARLSSON, STIG",Nej,SWE,STICKAN,1920-01-29,2000-05-26,AIK,1941-1946,59,7,
2650,"CARLSSON, STIG",Nej,SWE,STICKAN,1920-01-29,2000-05-26,DJURGÅRDENS IF,1947-1951,54,4,
3385,"CARLSSON, STURE",Nej,SWE,ORRESTA,1930-07-17,1990-07-23,VÄSTERÅS SK,1956-1957,21,8,ENKÖPING
2277,"CARLSSON, SVEN",Nej,SWE,,1903-01-16,1970-01-10,REDBERGSLIDS IK,1931,6,0,
0715,"CARLSSON, TOBIAS",Nej,SWE,,1975-02-25,,KALMAR FF,1999-2011,178,10,
9696,"CARLSSON, TOBIAS",Nej,SWE,,1995-07-28,,BK HÄCKEN,2020-2021,22,0,
9696,"CARLSSON, TOBIAS",Nej,SWE,,1995-07-28,,VARBERGS BOIS,2022,14,1,
9696,"CARLSSON, TOBIAS",Nej,SWE,,1995-07-28,,IK SIRIUS,2023,11,1,
1920,"CARLSSON, TORE",Nej,SWE,TORRE,1913-04-22,1996-07-19,GAIS,1937-1938,9,1,"FR LUNDBY, SEN HBK II"
5137,"CARLSSON, ULF",Nej,SWE,,1955-02-13,,BK HÄCKEN,1983,22,0,
6210,"CARLSSON, ULF",Ja,SWE,,1969-08-11,,DEGERFORS IF,1995-1997,30,0,
1937,"CARLSSON, YNGVE",Ja,SWE,,1911-08-05,1954-05-14,IFK NORRKÖPING,1936-1941,41,0,
3364,"CARLSTRAND, GUNNAR",Nej,SWE,KASPER,1928-09-24,1974-10-27,GAIS,1952-1953,8,0,"ÖIS 47-50, SÄVED 54-55"
0674,"CARLSTRAND, LARS-GUNNAR",Nej,SWE,,1973-08-29,,VÄSTRA FRÖLUNDA IF,1992-1995,56,14,
0674,"CARLSTRAND, LARS-GUNNAR",Nej,SWE,,1973-08-29,,IF ELFSBORG,1999-2001,61,12,
9959,"CARLSTRAND, LINUS",Nej,SWE,,2004-08-31,,IFK GÖTEBORG,2022-2023,21,0,
2690,"CARLSTRÖM, GÖRAN",Nej,SWE,,1921-07-28,1993-02-11,SANDVIKENS IF,1940,1,0,
3792,"CARLSWÄRD, BJÖRN",Nej,SWE,,1946-04-02,,HAMMARBY IF,1967-1973,67,1,
1022,"CARLUND, VICTOR",Nej,SWE,,1906-02-05,1985-02-22,ÖRGRYTE IS,1929-1939,167,6,
9957,"CARNEIL, HUSSEIN",Nej,SWE,,2003-05-09,,IFK GÖTEBORG,2022-2023,36,1,
9261,"CARSTRÖM, JESPER",Nej,SWE,,2002-05-18,,GIF SUNDSVALL,2019-2022,4,0,"FAR FREDRIK,3J"
8974,"CARVALHO, FELIPE",Nej,POR,,1993-09-18,,MALMÖ FF,2015-2017,17,4,
8974,"CARVALHO, FELIPE",Nej,POR,,1993-09-18,,FALKENBERGS FF,2016,14,0,
1201,"CASPARSSON, GUNNAR",Nej,SWE,CASPAR,1893-02-20,1973-02-22,AIK,1926-1927,25,0,
6816,"CASSERLY, LUKE",Nej,AUS,,1973-12-11,,AIK,2000-2002,52,1,
4925,"CASSLIND, ROGER",Nej,SWE,,1958-02-09,,DJURGÅRDENS IF,1979-1986,56,2,
9057,"CASTEGREN, HENRIK",Nej,SWE,,1996-03-28,,IFK NORRKÖPING,2016-2021,81,3,
9057,"CASTEGREN, HENRIK",Nej,SWE,,1996-03-28,,IK SIRIUS,2023,17,1,
5011,"CASTELLANOS, MILTON",Nej,SWE,,1954-06-13,,VÄSTERÅS SK,1978,25,0,F GUSTAVSSON
7550,"CASTRO-TELLO, SEBASTIAN",Nej,SWE,,1987-03-14,,HAMMARBY IF,2006-2009,61,5,
9512,"CATIC, ADNAN",Nej,SWE,,2000-01-15,,ATHLETIC FC ESKILSTU,2019,5,0,
2461,"CATO, LARS",Nej,SWE,,1925-11-12,2011-11-19,GAIS,1945-1958,36,0,
8203,"CATOVIC, ADMIR",Nej,SWE,,1987-09-05,,AIK,2010-2011,23,1,
8245,"CEDERBERG, ROBIN",Nej,SWE,,1983-02-25,,MJÄLLBY AIF,2010-2013,84,0,
2460,"CEDERBORG, NILS",Nej,SWE,,1925-11-15,2001-05-21,DJURGÅRDENS IF,1946-1952,102,42,FR NYNÄSHAMN
4461,"CEDERFALK, HANS",Nej,SWE,,1949-01-03,,HAMMARBY IF,1971-1974,35,0,
6710,"CEDERGREN, JOEL",Nej,SWE,,1974-07-22,,HALMSTADS BK,1999,3,0,
6710,"CEDERGREN, JOEL",Nej,SWE,,1974-07-22,,GIF SUNDSVALL,2000-2008,128,1,
1202,"CEDERHOLM, KALLE",Nej,SWE,,1907-03-17,1963-01-15,HELSINGBORGS IF,1929,5,2,
1741,"CEDERLUND, STEN",Nej,SWE,STESSE,1910-05-17,1977-09-15,AIK,1938-1939,9,2,
7262,"CEDERQVIST, PÄR",Nej,SWE,,1980-03-10,,DJURGÅRDENS IF,2003-2004,8,0,
7262,"CEDERQVIST, PÄR",Nej,SWE,,1980-03-10,,ÖSTERS IF,2006,12,1,
9936,"CEESAY, JESPER",Nej,SWE,,2001-10-20,,AIK,2022,8,0,
9936,"CEESAY, JESPER",Nej,SWE,,2001-10-20,,IFK NORRKÖPING,2023,22,0,
9087,"CEESAY, JOSEPH",Nej,SWE,,1998-06-03,,HELSINGBORGS IF,2020,19,0,
9087,"CEESAY, JOSEPH",Nej,SWE,,1998-06-03,,MALMÖ FF,2022-2023,29,0,
7608,"CEESAY, KEBBA",Nej,SWE,,1987-11-14,,DJURGÅRDENS IF,2007-2016,115,1,
7608,"CEESAY, KEBBA",Nej,SWE,,1987-11-14,,DALKURD FF,2018,24,1,
7608,"CEESAY, KEBBA",Nej,SWE,,1987-11-14,,IK SIRIUS,2019-2020,31,1,
7608,"CEESAY, KEBBA",Nej,SWE,,1987-11-14,,HELSINGBORGS IF,2020,12,0,
7905,"CELIK, MERVAN",Nej,SWE,,1990-05-26,,GAIS,2008-2012,82,20,
7905,"CELIK, MERVAN",Nej,SWE,,1990-05-26,,BK HÄCKEN,2017-2019,33,2,
4462,"CERVIN, TORE",Nej,SWE,JOKERN,1950-08-02,,MALMÖ FF,1972-1980,126,55,
6162,"CETINKAYA, HASAN",Nej,SWE,,1977-01-27,,IFK NORRKÖPING,1995-1998,46,4,
6162,"CETINKAYA, HASAN",Nej,SWE,,1977-01-27,,LANDSKRONA BoIS,2002-2004,63,2,
6162,"CETINKAYA, HASAN",Nej,SWE,,1977-01-27,,ASSYRISKA FF,2005,12,2,
6162,"CETINKAYA, HASAN",Nej,SWE,,1977-01-27,,TRELLEBORGS FF,2007,10,0,
9913,"CHAIBO, EMANUEL",Nej,SWE,,2002-09-27,,IFK NORRKÖPING,2021,1,0,
9997,"CHALUS, MATEJ",Nej,TJE,,1998-02-02,,MALMÖ FF,2022,10,0,
7008,"CHANKO, LOUAY",Nej,SWE,LOLO,1979-11-29,,DJURGÅRDENS IF,2001-2002,45,10,
7008,"CHANKO, LOUAY",Nej,SWE,LOLO,1979-11-29,,MALMÖ FF,2003-2005,60,2,
7008,"CHANKO, LOUAY",Nej,SWE,LOLO,1979-11-29,,HAMMARBY IF,2006-2009,72,7,
7008,"CHANKO, LOUAY",Nej,SWE,LOLO,1979-11-29,,SYRIANSKA FC,2012-2013,53,4,
7814,"CHANSA, ISAAC",Nej,ZAM,,1984-03-23,,HELSINGBORGS IF,2007-2009,40,3,
8044,"CHATTO, DOMINIC",Nej,NIG,,1985-12-07,,BK HÄCKEN,2009-2013,121,1,
8044,"CHATTO, DOMINIC",Nej,NIG,,1985-12-07,,FALKENBERGS FF,2019,1,0,
5886,"CHEDIA, SOSO",Nej,SOV/GEO,,1965-10-06,,GIF SUNDSVALL,1991,13,0,EG BESSARION
7722,"CHEKROUN, SIMON",Nej,SWE,,1986-11-08,,ÖRGRYTE IS,2006,12,0,
8473,"CHENCINSKI, TOMER",Ja,KAN/P,,1984-12-01,,ÖREBRO SK,2012,14,0,
8473,"CHENCINSKI, TOMER",Ja,KAN/P,,1984-12-01,,HELSINGBORGS IF,2016,19,0,
8975,"CHENNOUFI, ADAM",Nej,SWE,,1988-07-04,,GIF SUNDSVALL,2015,26,2,
1464,"CHHADEH, IMAD",Nej,SYR,,1979-10-12,,IF BROMMAPOJKARNA,2007-2010,50,4,
7927,"CHIBSAH, YUSSIF",Nej,GHA,,1983-12-30,,GEFLE IF,2008-2011,104,5,
7927,"CHIBSAH, YUSSIF",Nej,GHA,,1983-12-30,,DJURGÅRDENS IF,2012-2014,57,0,
8050,"CHIBUIKE, JOHN",Nej,NIG,,1988-10-10,,BK HÄCKEN,2009-2011,70,16,
8050,"CHIBUIKE, JOHN",Nej,NIG,,1988-10-10,,AIK,2016,7,0,
8050,"CHIBUIKE, JOHN",Nej,NIG,,1988-10-10,,FALKENBERGS FF,2019-2020,44,6,
9328,"CHILUFYA, EDWARD",Nej,ZAM,,1999-09-17,,DJURGÅRDENS IF,2018-2021,62,11,
9328,"CHILUFYA, EDWARD",Nej,ZAM,,1999-09-17,,BK HÄCKEN,2023,8,5,
5398,"CHLUS, VIKTOR",Nej,SOV,SLUSK,1958-02-12,,GAIS,1989,11,1,
6821,"CHMAJ, LUCASZ",Nej,POL,,1979-12-12,,GAIS,2000,12,1,
7929,"CHRISTENSEN, KIM",Ja,DAN,,1979-07-16,,IFK GÖTEBORG,2008-2010,74,0,
8468,"CHRISTENSEN, MARTIN",Nej,DAN,,1987-12-23,,ÅTVIDABERGS FF,2012-2015,91,2,
8468,"CHRISTENSEN, MARTIN",Nej,DAN,,1987-12-23,,HELSINGBORGS IF,2016,22,0,
2463,"CHRISTENSSON, HENRY",Ja,SWE,CHRISCHAN,1926-01-02,2017-04-30,HELSINGBORGS IF,1949-1953,5,0,
2463,"CHRISTENSSON, HENRY",Ja,SWE,CHRISCHAN,1926-01-02,2017-04-30,IFK MALMÖ,1957-1962,131,0,
1927,"CHRISTENSSON, ROLF",Nej,SWE,ROTA,1912-12-26,1990-11-18,ÖRGRYTE IS,1935-1937,42,6,
1927,"CHRISTENSSON, ROLF",Nej,SWE,ROTA,1912-12-26,1990-11-18,IFK GÖTEBORG,1937-1938,21,2,
1376,"CHRISTENSSON, VALTER",Nej,SWE,JÄGER,1903-12-12,1986-01-14,LANDSKRONA BoIS,1925-1929,11,0,
9053,"CHRISTIANSEN, ANDERS",Nej,DAN,,1990-06-08,,MALMÖ FF,2016-2023,161,44,
8216,"CHRISTIANSEN, JESPER",Ja,DAN,,1978-04-24,,IF ELFSBORG,2010-2011,26,0,
7512,"CHRISTIANSEN, PETER",Nej,DAN,,1975-01-30,,HELSINGBORGS IF,2005-2006,13,0,
2673,"CHRISTIANSSON, ARNE",Nej,SWE,,1926-02-21,1984-06-15,IS HALMIA,1948,1,0,
3791,"CHRISTIANSSON, GERT",Nej,SWE,,1944-11-15,,IF ELFSBORG,1963-1974,221,27,FR VARBERGS BOIS 63
5126,"CHRISTIANSSON, MIKAEL",Nej,SWE,,1961-03-08,,HALMSTADS BK,1983,4,1,
1742,"CHRISTOFFERSSON, ALGOT",Nej,SWE,LJUSING,1903-07-30,1986-12-18,MALMÖ FF,1932-1933,26,0,
2244,"CHRISTOFFERSSON, GÖTE",Nej,SWE,FRÄS,1906-06-08,1955-11-02,IFK MALMÖ,1931-1932,15,7,FR ENIGHET
4933,"CHRISTOFFERSSON, TAGE",Ja,SWE,,1952-07-26,,IFK GÖTEBORG,1978,3,0,FR STENUNGSUND
7447,"CHRISTOFORIDIS, CHRISTOS",Nej,SWE,,1981-12-31,,GAIS,2007-2008,11,3,
7428,"CHRISTOPHER, JUSTICE",Nej,NIG,,1981-12-24,2022-03-09,TRELLEBORGS FF,2004,13,0,LONGS CHRISTOPHER
5294,"CIARDI, MARCO",Nej,ITA,,1969-07-25,,AIK,1989-1996,73,2,
8524,"CIBICKI, PAWEL",Nej,SWE,,1994-01-09,,MALMÖ FF,2013-2017,57,11,
8524,"CIBICKI, PAWEL",Nej,SWE,,1994-01-09,,JÖNKÖPINGS SÖDRA IF,2016,26,10,
8524,"CIBICKI, PAWEL",Nej,SWE,,1994-01-09,,IF ELFSBORG,2019,14,5,
9469,"CIERCOLES, JUAN",Nej,SPA,,1988-05-27,,GIF SUNDSVALL,2018-2019,53,0,
8603,"CIRAK, HARIS",Nej,SWE,,1995-03-14,,ATHLETIC FC ESKILSTU,2017,4,0,
6700,"CISTERNAS, PATRICIO",Nej,SWE,,1969-04-25,,DJURGÅRDENS IF,1999,14,0,
8535,"CITAKU, GENTRIT",Nej,SWE,,1996-02-25,,IFK NORRKÖPING,2013-2016,12,0,
3119,"CLACK, CONNY",Nej,SWE,,1940-06-06,2011-02-25,SANDVIKENS IF,1959-1961,42,1,
3119,"CLACK, CONNY",Nej,SWE,,1940-06-06,2011-02-25,GIF SUNDSVALL,1965,22,2,
3119,"CLACK, CONNY",Nej,SWE,,1940-06-06,2011-02-25,IFK SUNDSVALL,1976,22,3,
3116,"CLAESSON, CARL-OLOV",Nej,SWE,,1924-05-07,2009-02-10,JÖNKÖPINGS SÖDRA IF,1952-1954,39,10,FR/T NORRAH 55
7495,"CLAESSON, JOHAN",Nej,SWE,,1981-08-12,,GEFLE IF,2005-2008,97,3,
5357,"CLAESSON, JONAS",Nej,SWE,,1967-07-29,,DJURGÅRDENS IF,1989-1992,22,0,
3790,"CLAESSON, LEIF",Nej,SWE,SKARA,1940-12-17,2021-11-29,IFK GÖTEBORG,1965-1967,23,13,
3790,"CLAESSON, LEIF",Nej,SWE,SKARA,1940-12-17,2021-11-29,DJURGÅRDENS IF,1969-1970,4,0,
7727,"CLAESSON, MARTIN",Nej,SWE,,1983-09-20,,ÖSTERS IF,2006,3,0,
6356,"CLAESSON, NILS-ÅKE",Nej,SWE,SVINTO,1967-08-17,,UMEÅ FC,1996,24,1,
3115,"CLAESSON, OLLE",Nej,SWE,OLOF,1929-12-02,2012-07-16,IF ELFSBORG,1952-1954,41,9,
4460,"CLAESSON, PETER",Nej,SWE,,1943-03-07,,HAMMARBY IF,1970-1972,52,8,
5594,"CLAESSON, PETER",Nej,SWE,,1965-09-16,,VÄSTRA FRÖLUNDA IF,1988-1992,49,3,
2462,"CLAESSON, RUNE",Ja,SWE,,1924-02-02,2004-03-06,IFK GÖTEBORG,1943-1947,14,0,EJ 220530
1203,"CLAESSON, THURE",Nej,SWE,,1894-02-26,1975-04-24,IF ELFSBORG,1927-1930,86,31,
7883,"CLAESSON, VIKTOR",Nej,SWE,,1992-01-02,,IF ELFSBORG,2012-2016,134,32,
3118,"CLARIN, INGEMAR",Nej,SWE,,1927-12-30,2016-06-25,SANDVIKENS IF,1956-1960,120,6,"ÖIS 50-54,STRAND,IFK GÄVL"
7296,CLAUDINEI,Nej,BRA,C.DUTRA DE RESENDE,1978-05-27,2004-11-06,HELSINGBORGS IF,2003-2004,9,0,
8036,CLAUDIO,Nej,BRA,LUIS CL.CARV.DA SILVA,1987-03-27,,HAMMARBY IF,2009,5,0,
7569,"CLAUSS, MAX",Nej,SWE,,1989-03-31,,IF BROMMAPOJKARNA,2009,1,0,
8201,CLÉCIO,Nej,BRA,CLÉCIO NASCIMENTO SANTOS,1988-05-31,,AIK,2010,3,0,
5441,"CLOSE, SHAUN",Nej,ENG,,1966-09-08,,HALMSTADS BK,1986,13,3,
8069,"COE, NATHAN",Ja,AUS,,1984-06-01,,ÖRGRYTE IS,2009,5,0,
9896,"COLAK, ANTONIO",Nej,KRO,,1993-09-17,,MALMÖ FF,2021,26,14,
9643,"COLKETT, CHARLIE",Nej,ENG,,1993-06-16,,ÖSTERSUNDS FK,2019-2021,64,1,
9263,"COLLANDER, DENNIS",Nej,SWE,,2002-05-09,,ÖREBRO SK,2020-2021,36,2,
9263,"COLLANDER, DENNIS",Nej,SWE,,2002-05-09,,HAMMARBY IF,2022,5,0,
8604,"COLLEY, JOSEPH",Nej,SWE,,1999-04-13,,IK SIRIUS,2021,23,0,
8930,"COLLEY, OMAR",Nej,GAM,,1992-10-24,,DJURGÅRDENS IF,2015-2016,44,5,
9969,"CONCHA, DAVID",Nej,SPA,,1996-11-20,,HAMMARBY IF,2022,13,0,
7027,"CONCHA, MATIAS",Nej,SWE,,1980-03-31,,MALMÖ FF,2001-2014,56,0,
7027,"CONCHA, MATIAS",Nej,SWE,,1980-03-31,,DJURGÅRDENS IF,2004-2007,76,2,
2465,"CONNMAN, ELOV",Ja,SWE,NITTA,1920-12-15,1959-05-29,IK SLEIPNER,1941,2,0,
3794,"CONNMAN, JAN",Ja,SWE,,1942-10-26,,IFK NORRKÖPING,1967,7,0,
9865,"COOPER LOVE, JACK",Nej,SWE,,2001-12-25,,IF ELFSBORG,2021-2023,19,1,
9865,"COOPER LOVE, JACK",Nej,SWE,,2001-12-25,,HALMSTADS BK,2023,16,2,
1204,"CORALL, AXEL",Nej,SWE,,1896-04-09,1975-10-20,IK SLEIPNER,1925-1926,27,0,EM USA
4938,"CORNELIUSSON, DAN",Nej,SWE,,1961-10-02,,IFK GÖTEBORG,1979-1983,62,29,
4938,"CORNELIUSSON, DAN",Nej,SWE,,1961-10-02,,MALMÖ FF,1990-1992,36,9,
5942,"CORNELIUSSON, KARL",Nej,SWE,,1976-11-17,,ÖRGRYTE IS,1996-1998,56,1,
5942,"CORNELIUSSON, KARL",Nej,SWE,,1976-11-17,,AIK,1999-2003,98,7,
5942,"CORNELIUSSON, KARL",Nej,SWE,,1976-11-17,,LANDSKRONA BoIS,2005,7,1,
9861,"CORNIC, LEO",Nej,NOR,,2001-01-02,,DJURGÅRDENS IF,2021-2022,12,0,
8605,"COSIC, MARIJAN",Nej,SWE,,1996-05-31,,IF BROMMAPOJKARNA,2023,24,2,
7308,"COSTA, RICARDO",Nej,BRA,TITI,1982-06-17,,ÖREBRO SK,2003-2004,32,7,R.MION VARELLA COSTA
7736,"COUNTESS, DELVIN",Ja,USA,DJ,1982-01-09,,ÖSTERS IF,2006,3,0,
6637,"COVARRUBIAS, CLAUDIO",Nej,CHI,,1979-12-12,,VÄSTRA FRÖLUNDA IF,1998,4,0,
7130,"COVIC, ANTE",Ja,AUS,,1975-06-13,,HAMMARBY IF,2002-2006,121,0,
7130,"COVIC, ANTE",Ja,AUS,,1975-06-13,,IF ELFSBORG,2009-2011,59,0,
8519,"CRAMER, LARS",Ja,NOR,,1991-05-25,,KALMAR FF,2013-2015,49,0,
1945,"CRATZ, LAGE",Nej,SWE,,1906-03-12,2001-02-18,IK SLEIPNER,1930-1933,19,5,
3793,"CRATZ, THOMAS",Nej,SWE,,1946-08-30,,IFK NORRKÖPING,1969,1,0,
5313,"CRNALIC, ISMET",Nej,JUG,,1962-07-16,,IK BRAGE,1986,4,0,BOSNIER
8877,"CRONA, EDVIN",Nej,SWE,,2000-01-25,,KALMAR FF,2017-2020,28,2,
3789,"CRONQVIST, CLAES",Nej,SWE,,1944-10-15,,DJURGÅRDENS IF,1966-1970,104,30,
3789,"CRONQVIST, CLAES",Nej,SWE,,1944-10-15,,LANDSKRONA BoIS,1971-1980,234,23,
2459,"CRONQVIST, KJELL",Ja,SWE,,1920-12-20,2008-02-09,IK BRAGE,1940-1944,39,0,
2459,"CRONQVIST, KJELL",Ja,SWE,,1920-12-20,2008-02-09,DJURGÅRDENS IF,1946-1953,37,0,
9731,"CRONVALL, RASMUS",Nej,SWE,,2002-03-20,,VARBERGS BOIS,2020,6,0,
7287,"CROSSA, MARTIN",Nej,URU/ARG,,1977-02-02,,IFK GÖTEBORG,2003,10,0,NELSON M.C.SILVEIRA
4980,"CSIRMAZ, PETER",Nej,SWE,,1958-04-15,,LANDSKRONA BoIS,1978,4,0,
6044,"CULA, SLAVISA",Nej,JUG,,1968-11-28,,ÖRGRYTE IS,1993,4,0,SKV
9610,"CURCI, GIANLUCA",Ja,IT,,1985-07-12,,HAMMARBY IF,2019,12,0,
5238,"CURRAN, TERRY",Nej,ENG,,1955-03-20,,ÅTVIDABERGS FF,1980,9,1,EG EDWARD
5865,"CVITKUSIC, IVICA",Nej,BIH,,1964-09-08,,DJURGÅRDENS IF,1992,15,1,
2464,"CÖSTER, INGVAR",Nej,SWE,,1927-01-26,2015-03-15,LANDSKRONA BoIS,1949,4,0,GLASÖGON
8606,"DA GRACA, KRISTOPHER",Nej,SWE,,1998-01-16,,IFK GÖTEBORG,2017-2020,51,0,
8606,"DA GRACA, KRISTOPHER",Nej,SWE,,1998-01-16,,IK SIRIUS,2022-2023,30,0,
8259,"DA SILVA, ALBERIS",Nej,BRA,,1984-12-02,,ÅTVIDABERGS FF,2010-2015,92,1,
6896,"DA SILVA, MARCO",Nej,SWE,,1982-05-08,,ENKÖPINGS SK,2003,26,0,
6896,"DA SILVA, MARCO",Nej,SWE,,1982-05-08,,ÖSTERS IF,2006,25,2,
7937,"DADOMO, CLAUDIO",Nej,URU,,1982-02-10,,HAMMARBY IF,2008,8,1,C.MARTIN D.MINERVINI
8607,"DAGERSTÅL, FILIP",Nej,SWE,,1997-02-01,,IFK NORRKÖPING,2014-2022,143,6,EV GULD 2015
0384,"DAHAN, RICKARD",Nej,SWE,,1967-10-20,,LANDSKRONA BoIS,1994,24,1,
9813,"DAHBO, PONTUS",Nej,SWE,,2005-10-11,,BK HÄCKEN,2023,20,4,
1024,"DAHL, ALBIN",Nej,SWE,ABBE,1900-01-02,1980-02-15,HELSINGBORGS IF,1925-1933,161,107,
6803,"DAHL, ANDREAS",Nej,SWE,,1984-06-06,,HELSINGBORGS IF,2002-2007,111,7,
6803,"DAHL, ANDREAS",Nej,SWE,,1984-06-06,,HAMMARBY IF,2009,15,2,
3124,"DAHL, BERTIL",Nej,SWE,,1930-06-02,2015-05-17,IFK MALMÖ,1953-1962,157,2,S/T TOMELILLA 63
1745,"DAHL, GÖSTA",Nej,SWE,,1914-05-10,1998-08-06,IF ELFSBORG,1936-1943,110,2,SEN IFK VÄSTERÅS 43
1751,"DAHL, GÖTE",Nej,SWE,,1909-01-11,1976-05-25,MALMÖ FF,1932-1938,50,14,
1025,"DAHL, HARRY",Nej,SWE,HACKE,1902-06-25,1986-12-02,LANDSKRONA BoIS,1925-1933,173,90,
6606,"DAHL, HENRIK",Nej,SWE,,1975-05-01,,BK HÄCKEN,1998-2001,70,1,EM NORGE
6606,"DAHL, HENRIK",Nej,SWE,,1975-05-01,,GAIS,2007,3,0,
1752,"DAHL, HENRY",Nej,SWE,,1905-12-05,1962-03-25,MALMÖ FF,1932-1933,31,0,
9514,"DAHL, SAMUEL",Nej,SWE,,2003-03-04,,DJURGÅRDENS IF,2023,13,0,
2474,"DAHL, STEN",Nej,SWE,,1915-10-17,1993-12-25,ÖREBRO SK,1947-1949,23,0,
1746,"DAHL, THURE",Nej,SWE,,1913-07-27,1996-04-10,GÅRDA BK,1938-1940,35,4,FR VIRGO
1205,"DAHLBERG, ERIK",Nej,SWE,BAGARN,1901-12-08,1962-03-27,IFK UDDEVALLA,1926-1927,37,4,
3795,"DAHLBERG, LENNART",Nej,SWE,,1938-05-25,2001-11-20,IFK GÖTEBORG,1960-1963,61,0,
6972,"DAHLBERG, MIKAEL",Nej,SWE,,1985-03-06,,GIF SUNDSVALL,2004-2005,39,7,
6972,"DAHLBERG, MIKAEL",Nej,SWE,,1985-03-06,,DJURGÅRDENS IF,2007-2009,73,6,
6972,"DAHLBERG, MIKAEL",Nej,SWE,,1985-03-06,,GEFLE IF,2010-2013,109,20,
6972,"DAHLBERG, MIKAEL",Nej,SWE,,1985-03-06,,HELSINGBORGS IF,2014-2016,40,11,
8608,"DAHLBERG, PONTUS",Ja,SWE,,1999-01-21,,IFK GÖTEBORG,2017-2023,67,0,
8608,"DAHLBERG, PONTUS",Ja,SWE,,1999-01-21,,BK HÄCKEN,2020-2021,22,0,
1636,"DAHLÉN, ANDREAS",Nej,SWE,,1982-12-11,,GEFLE IF,2007-2009,59,1,
1636,"DAHLÉN, ANDREAS",Nej,SWE,,1982-12-11,,DJURGÅRDENS IF,2012,19,0,
1636,"DAHLÉN, ANDREAS",Nej,SWE,,1982-12-11,,ÅTVIDABERGS FF,2013-2015,65,1,
1747,"DAHLÉN, HANS",Nej,SWE,,1918-05-25,1992-02-27,GÅRDA BK,1939-1940,10,1,FR SKÖVDE 39
2467,"DAHLGREN, EGON",Nej,SWE,,1920-08-24,2001-08-29,IF ELFSBORG,1944-1950,73,2,
4983,"DAHLGREN, GERT",Nej,SWE,,1954-08-02,,LANDSKRONA BoIS,1979,15,0,
2471,"DAHLGREN, GUNNAR",Nej,SWE,BOBBY,1922-09-04,2013-04-01,LANDSKRONA BoIS,1945-1949,17,0,
5452,"DAHLGREN, JONAS",Nej,SWE,,1966-02-17,,HALMSTADS BK,1989,18,6,
5452,"DAHLGREN, JONAS",Nej,SWE,,1966-02-17,,HELSINGBORGS IF,1993-1995,71,18,
5452,"DAHLGREN, JONAS",Nej,SWE,,1966-02-17,,TRELLEBORGS FF,1996,15,2,
4469,"DAHLGREN, KENNETH",Nej,SWE,,1948-09-26,,LANDSKRONA BoIS,1971-1974,44,0,
7302,"DAHLGREN, MIKAEL",Nej,SWE,,1984-07-19,,LANDSKRONA BoIS,2003-2004,3,0,
7302,"DAHLGREN, MIKAEL",Nej,SWE,,1984-07-19,,GAIS,2009,11,0,
3120,"DAHLGREN, OLLE",Nej,SWE,PER-OLOF,1933-11-12,2017-05-02,IF ELFSBORG,1952-1954,10,1,
4467,"DAHLHEILM, BENNY",Nej,SWE,,1950-12-13,,HAMMARBY IF,1970-1973,16,0,
7362,"DAHLIN, ERIK",Ja,SWE,,1989-04-28,,IFK GÖTEBORG,2010-2018,42,0,
3125,"DAHLIN, HANS",Nej,SWE,,1926-12-16,2003-03-18,IFK MALMÖ,1953,15,1,
7604,"DAHLIN, JOHAN",Ja,SWE,,1986-09-08,,TRELLEBORGS FF,2008,14,0,
7604,"DAHLIN, JOHAN",Ja,SWE,,1986-09-08,,MALMÖ FF,2009-2023,250,0,
7037,"DAHLIN, MARCUS",Nej,SWE,,1982-03-16,,ÖRGRYTE IS,2001-2006,79,0,
5507,"DAHLIN, MARTIN",Nej,SWE,DALLE,1968-04-16,,MALMÖ FF,1988-1991,79,39,
6346,"DAHLIN, STEFAN",Ja,SWE,TARZAN,1960-12-10,,IK ODDEVOLD,1996,1,0,
4464,"DAHLKVIST, SVEN",Nej,SWE,DALA,1955-05-30,,AIK,1975-1987,256,38,
4464,"DAHLKVIST, SVEN",Nej,SWE,DALA,1955-05-30,,ÖREBRO SK,1989-1992,79,6,
1753,"DAHLKVIST, TOR",Nej,SWE,TORE BULLEN,1906-03-13,1964-02-24,IFK NORRKÖPING,1936,6,0,"EJ S.DAHLSTRÖM,OLLE"
6341,"DAHLMAN, ANDREAS",Nej,SWE,,1972-07-21,,IK ODDEVOLD,1996,18,1,
5582,"DAHLMAN, PÄR",Nej,SWE,,1961-11-13,,VÄSTRA FRÖLUNDA IF,1987-1989,56,1,
3126,"DAHLQUIST, BENGT",Nej,SWE,,1931-11-13,2020-07-19,NORRBY IF,1956,20,1,
9089,"DAHLQVIST, EDVIN",Nej,SWE,,1999-06-14,,IFK GÖTEBORG,2019,1,0,"BR HAMPUS, ISAK"
9264,"DAHLQVIST, ISAK",Nej,SWE,,2001-09-25,,IFK GÖTEBORG,2020-2021,4,0,"BR HAMPUS, EDVIN"
6043,"DAHLQVIST, MAGNUS",Nej,SWE,,1974-03-12,,ÖRGRYTE IS,1993,5,0,
6043,"DAHLQVIST, MAGNUS",Nej,SWE,,1974-03-12,,VÄSTRA FRÖLUNDA IF,1999-2000,43,0,
4472,"DAHLQVIST, PETER",Nej,SWE,,1956-01-12,,ÖRGRYTE IS,1971-1983,110,21,EM TYSKL
3800,"DAHLQVIST, ROLF",Nej,SWE,DALA,1942-09-26,1996-09-05,SANDVIKENS IF,1960-1961,19,2,T SAIK 63
2469,"DAHLQVIST, TAGE",Nej,SWE,,1922-08-08,1977-03-13,IS HALMIA,1944-1945,6,0,ÖIS 40-47 34/11
1028,"DAHLSKOG, JOHN",Nej,SWE,,1902-07-26,1960-04-19,IK SLEIPNER,1925-1933,144,0,
8353,"DAHLSTRÖM, ANTON",Nej,SWE,,1990-08-27,,MJÄLLBY AIF,2011-2014,30,1,
1206,"DAHLSTRÖM, ERIK",Nej,SWE,,1894-06-26,1953-10-30,IFK ESKILSTUNA,1925-1928,35,8,
3123,"DAHLSTRÖM, EVERT",Nej,SWE,,1932-11-01,2023-09-07,KALMAR FF,1955,6,0,FR KALMAR AIK
5883,"DAHLSTRÖM, FREDRIK",Nej,SWE,,1971-11-01,,MALMÖ FF,1992-1995,60,11,
5883,"DAHLSTRÖM, FREDRIK",Nej,SWE,,1971-11-01,,DJURGÅRDENS IF,1996-1999,41,8,
1207,"DAHLSTRÖM, JOHN",Ja,SWE,,1904-09-13,1990-11-19,HELSINGBORGS IF,1928-1932,14,0,
2466,"DAHLSTRÖM, NILS",Nej,SWE,,1924-11-30,1990-01-02,IK BRAGE,1944,1,0,
5241,"DAHLSTRÖM, TORBJÖRN",Nej,SWE,,1957-06-05,,ÅTVIDABERGS FF,1981-1982,37,2,
9850,"DAHLSTRÖM, VILLIAM",Nej,SWE,,1997-06-30,,DEGERFORS IF,2021,21,2,
9850,"DAHLSTRÖM, VILLIAM",Nej,SWE,,1997-06-30,,HALMSTADS BK,2023,2,0,
3122,"DALENGÅRD, RUNE",Nej,SWE,DALEN,1925-07-19,1991-05-07,JÖNKÖPINGS SÖDRA IF,1952-1954,53,12,
3127,"DAMBERG, HANS",Nej,SWE,DAMPEN,1932-07-29,2020-05-15,VÄSTERÅS SK,1956-1957,35,0,"FRANKE, IFKV, DINGTUNA"
3802,"DAMBERG, ROLF",Ja,SWE,,1938-05-31,2019-05-06,ÖSTERS IF,1968-1969,23,0,
1750,"DAMBERG, SVEN",Nej,SWE,HETTE,1912-12-16,1986-11-19,HELSINGBORGS IF,1935-1945,110,6,
1748,"DANBO, MATS",Nej,SWE,,1909-11-29,1968-08-23,GÅRDA BK,1938,1,0,
7945,DANIEL SOBRALENSE,Nej,BRA,DANIEL LOPES DA SILVA,1983-02-10,,KALMAR FF,2008-2011,92,19,
7945,DANIEL SOBRALENSE,Nej,BRA,DANIEL LOPES DA SILVA,1983-02-10,,IFK GÖTEBORG,2012-2014,43,4,
7945,DANIEL SOBRALENSE,Nej,BRA,DANIEL LOPES DA SILVA,1983-02-10,,ÖREBRO SK,2014,11,3,
7628,"DANIELSON, MARCUS",Nej,SWE,,1989-04-08,,GIF SUNDSVALL,2012-2017,94,6,
7628,"DANIELSON, MARCUS",Nej,SWE,,1989-04-08,,DJURGÅRDENS IF,2018-2023,94,12,
1023,"DANIELSSON, BIRGER",Nej,SWE,BIRRE DANA,1903-12-13,1967-02-14,DJURGÅRDENS IF,1928-1937,23,2,
1023,"DANIELSSON, BIRGER",Nej,SWE,BIRRE DANA,1903-12-13,1967-02-14,WESTERMALMS IF,1929,18,1,
3801,"DANIELSSON, FREDDY",Nej,SWE,,1948-09-30,,ÖRGRYTE IS,1967-1968,7,0,FR KONGAHÄLLA
4470,"DANIELSSON, HANS",Nej,SWE,,1949-12-06,2020-09-05,IF SAAB,1973,2,0,
7725,"DANIELSSON, HELGI",Nej,ISL,,1981-07-13,,ÖSTERS IF,2006,20,1,
7725,"DANIELSSON, HELGI",Nej,ISL,,1981-07-13,,IF ELFSBORG,2008-2009,52,1,
7725,"DANIELSSON, HELGI",Nej,ISL,,1981-07-13,,AIK,2010-2013,75,2,
2468,"DANIELSSON, HILBERTH",Nej,SWE,,1923-11-04,1966-03-18,GÅRDA BK,1943,1,0,ÖIS 46/47 1M
3798,"DANIELSSON, INGE",Nej,SWE,,1941-06-14,2021-06-30,HELSINGBORGS IF,1967,22,11,
3798,"DANIELSSON, INGE",Nej,SWE,,1941-06-14,2021-06-30,IFK NORRKÖPING,1973,6,0,
6490,"DANIELSSON, MIKAEL",Nej,SWE,,1974-07-08,,TRELLEBORGS FF,1997-2001,80,5,
6490,"DANIELSSON, MIKAEL",Nej,SWE,,1974-07-08,,ÖREBRO SK,2002-2004,73,3,
5329,"DANIELSSON, PER-ERIK",Nej,SWE,,1966-10-03,,IK BRAGE,1989-1990,26,2,
3796,"DANIELSSON, SVEN",Nej,SWE,,1934-10-04,2014-12-21,IFK GÖTEBORG,1961,2,0,FR LIDKÖP BK
3128,"DANSSON, OVE",Nej,SWE,,1926-09-24,2021-05-29,VÄSTERÅS SK,1956-1957,38,3,RAMNÄS IF 63
6351,"DASOVIC, NICK",Nej,KAN/KRO,,1968-12-05,,TRELLEBORGS FF,1996,7,0,
7948,"DAUDA, ABIOLA",Nej,NIG,,1988-02-03,,KALMAR FF,2008-2012,129,33,SWE 2013
7679,"DAVIDS, LANCE",Nej,RSA,,1985-04-11,,DJURGÅRDENS IF,2006-2008,64,6,
9972,"DAVIDSEN, VILJORMUR ÄR",Nej,F,,1991-07-19,,HELSINGBORGS IF,2022,28,0,
4465,"DAVIDSSON, TOMMY",Nej,SWE,,1952-09-09,,DJURGÅRDENS IF,1970-1980,168,0,
5372,"DAVIES, BILLY",Nej,SKO,,1964-05-31,,IF ELFSBORG,1987,18,1,EG WILLIAM
4016,"DAVIES, CHARLIE",Nej,USA,,1986-06-25,,HAMMARBY IF,2007-2009,56,21,
4438,"DE BROEN, ERIK",Nej,SWE,,1946-08-31,,GAIS,1972-1973,27,0,
4453,"DE BROEN, LOUIS",Nej,SWE,LOLO,1949-05-16,,ÖRGRYTE IS,1975-1976,44,1,
9430,"DE JOHN, ALEXANDER",Nej,USA,,1991-05-10,,DALKURD FF,2018,18,2,
9490,"DE SOUSA, FABIO",Nej,BRA,,1996-01-30,,ÖREBRO SK,2018-2020,7,0,
6385,"DE STEFANO, DANIEL",Nej,SWE,,1978-12-04,,ÖSTERS IF,2003,9,0,
7834,"DEDAJ, ANTON",Nej,KRO/ALB,,1980-04-14,,ÖREBRO SK,2007,1,0,
7294,DEDÉ,Nej,BRA,ANDERSON DE OLIV.GOMES,1980-05-26,,HAMMARBY IF,2003,13,8,
7294,DEDÉ,Nej,BRA,ANDERSON DE OLIV.GOMES,1980-05-26,,KALMAR FF,2004-2005,35,16,
8878,"DEGERLUND, MARCUS",Nej,SWE,,1998-03-16,,HAMMARBY IF,2017-2019,23,0,
8878,"DEGERLUND, MARCUS",Nej,SWE,,1998-03-16,,IFK GÖTEBORG,2018,4,0,
2473,"DELBORN, OLLE",Nej,SWE,OLOF,1923-02-20,2005-04-26,IFK NORRKÖPING,1948,1,0,
3797,"DELLBRING, INGVAR",Nej,SWE,,1943-05-10,,IFK HOLMSUND,1967,7,2,
6848,"DEMBA-NYRÉN, NJUGO",Nej,SWE/GHA,,1979-06-26,,BK HÄCKEN,2000-2001,29,4,
7783,"DEMIR, ERDIN",Nej,SWE,,1990-03-27,,TRELLEBORGS FF,2011,29,0,
8364,"DEMIR, ISA",Nej,SWE,,1985-08-10,,SYRIANSKA FC,2011-2013,50,3,
7479,"DEMIR, MELKE",Nej,SWE,,1980-10-27,,ASSYRISKA FF,2005,15,0,
9428,"DEMIRCAN, ABDULAZIZ",Ja,T,,1991-02-05,,DALKURD FF,2018,8,0,
9967,"DEMIROL, ALPER",Nej,SWE,,2002-10-01,,HAMMARBY IF,2022-2023,29,0,
8462,"DEMIRTAS, CHRISTIAN",Nej,TYS,,1984-05-25,,SYRIANSKA FC,2012-2013,18,0,
7264,"DEN OUDEN, GEERT",Nej,NED,,1976-07-24,,DJURGÅRDENS IF,2003-2004,23,13,EG GIJSBERTUS
7942,DENILSON,Nej,BRA,D.LUIS MARQUES DE SOUZA,1988-11-25,,HELSINGBORGS IF,2008,1,0,
4466,"DENNERBY, THOMAS",Nej,SWE,,1959-08-13,,HAMMARBY IF,1977-1985,149,8,
9487,"DEPREM, RODIN",Nej,SWE,,1998-05-23,,ÖREBRO SK,2018-2019,13,0,
1208,"DETTER, OLOF",Nej,SWE,KAMPIS,1899-02-01,1979-01-10,IFK UDDEVALLA,1927,20,9,
7288,"DIALLO, MAMADOU",Nej,SEN,BIG MAMA,1971-08-28,,IFK GÖTEBORG,2003,13,3,
9844,"DIAWARA, ISMAEL",Ja,MALI,,1994-11-11,,DEGERFORS IF,2021,13,0,
9844,"DIAWARA, ISMAEL",Ja,MALI,,1994-11-11,,MALMÖ FF,2021-2023,18,0,
8338,"DIAZ, IVAN",Nej,SPA,,1978-07-10,,HALMSTADS BK,2011,6,0,
8450,"DIBBA, PA",Nej,SWE,,1987-10-15,,GIF SUNDSVALL,2012-2016,69,15,
8450,"DIBBA, PA",Nej,SWE,,1987-10-15,,HAMMARBY IF,2016-2018,47,17,
9266,"DICKMAN, JESPER",Nej,SWE,,2001-04-10,,IFK VÄRNAMO,2022-2023,4,0,
8284,"DIMITRIADIS, PANAJOTIS",Nej,SWE,PANOS,1986-08-12,,IF BROMMAPOJKARNA,2013,25,2,
8284,"DIMITRIADIS, PANAJOTIS",Nej,SWE,PANOS,1986-08-12,,AIK,2014-2020,61,1,
7412,DIOGO,Nej,BRA,D.CORREA DE OLIVEIRA,1983-04-08,2021-06-09,KALMAR FF,2004,9,4,
8432,"DIOUF, PAPA",Nej,SEN,,1989-06-22,,KALMAR FF,2012-2022,172,24,
2470,"DIRENIUS, GOTTFRID",Nej,SWE,JOHANSSON TID.,1920-12-24,1999-06-11,HALMSTADS BK,1945-1955,45,7,SEN IFK RONNEBY
9185,"DISKERUD, MIKKEL",Nej,USA/NOR,MIX,1990-10-02,,IFK GÖTEBORG,2017-2018,41,7,
9185,"DISKERUD, MIKKEL",Nej,USA/NOR,MIX,1990-10-02,,HELSINGBORGS IF,2020,28,2,
7513,"DIXON, JIMMY",Nej,LBR,,1981-10-10,,BK HÄCKEN,2005-2012,47,0,
7513,"DIXON, JIMMY",Nej,LBR,,1981-10-10,,MALMÖ FF,2007-2009,53,1,
8433,"DJORDJEVIC, NENAD",Nej,SER,,1979-08-07,,KALMAR FF,2012-2015,48,2,
6666,"DJORDJIC, BOJAN",Nej,SWE,,1982-02-06,,AIK,2008-2010,44,0,
6666,"DJORDJIC, BOJAN",Nej,SWE,,1982-02-06,,IF BROMMAPOJKARNA,2013,17,0,
5526,"DJORDJIC, RANKO",Nej,JUG,,1957-01-01,,IFK NORRKÖPING,1985-1988,70,12,
6510,"DJUKANOVIC, DRAGAN",Nej,JUG,,1969-10-29,,ÖREBRO SK,1997-1998,14,3,
3121,"DJUPMARK, EVERT",Nej,SWE,,1926-05-06,2012-02-07,IFK ESKILSTUNA,1958,6,0,
8425,"DJURDJIC, NIKOLA",Nej,SER,,1986-04-01,,HELSINGBORGS IF,2012,11,10,
8425,"DJURDJIC, NIKOLA",Nej,SER,,1986-04-01,,MALMÖ FF,2015,12,5,
8425,"DJURDJIC, NIKOLA",Nej,SER,,1986-04-01,,HAMMARBY IF,2018-2019,54,26,
8425,"DJURDJIC, NIKOLA",Nej,SER,,1986-04-01,,DEGERFORS IF,2021-2022,30,4,
6957,"DJURIC, DUSAN",Nej,SWE,DOLLE,1984-09-16,,HALMSTADS BK,2003-2021,117,15,EJ ALLSV 08-20
5987,"DJURIC, IVAN",Nej,SWE,,1966-10-24,,DEGERFORS IF,1993-1996,67,0,
5359,"DODD, ALAN",Nej,ENG,,1953-09-20,,IF ELFSBORG,1986,22,0,
5359,"DODD, ALAN",Nej,ENG,,1953-09-20,,GAIS,1988,10,1,
7147,"DODOO, AFO",Nej,GHA,,1973-11-23,,LANDSKRONA BoIS,2002,6,0,
5973,"DOFS, JONAS",Ja,SWE,,1968-03-04,,IK BRAGE,1993,15,0,
6403,"DOGAN, SIMON",Nej,SWE,,1981-02-01,,IFK NORRKÖPING,1999-2000,7,0,
8544,"DOGBE, EMMANUEL",Nej,GHA,,1992-06-06,,ÅTVIDABERGS FF,2013-2014,9,0,
6985,"DOHLSTEN, MARTIN",Nej,SWE,IDOLEN,1986-04-29,,GAIS,2006-2007,26,2,
6985,"DOHLSTEN, MARTIN",Nej,SWE,IDOLEN,1986-04-29,,ÖRGRYTE IS,2009,11,0,
1209,"DOHLWITZ, RUBEN",Nej,SWE,RUBBE,1902-04-22,1964-11-12,IFK ESKILSTUNA,1927-1928,7,2,
5025,"DONNERBORG, FINN",Nej,DAN,,1946-09-13,,ÅTVIDABERGS FF,1978-1979,32,0,AVESTA AIK 138A
8487,"DONYOH, GODSWAY",Nej,GHA,,1994-10-14,,DJURGÅRDENS IF,2013,20,2,
8487,"DONYOH, GODSWAY",Nej,GHA,,1994-10-14,,FALKENBERGS FF,2014-2015,29,6,
6540,"DORSIN, MIKAEL",Nej,SWE,,1981-10-06,,DJURGÅRDENS IF,2001-2003,57,1,
9267,"DOSIS, NIKOLAOS",Nej,SWE,,2001-01-25,,ÖSTERSUNDS FK,2020-2021,33,0,
7586,"DOSLIC, DEJAN",Nej,SWE,,1990-01-24,,ÅTVIDABERGS FF,2010,7,0,
0676,"DOTSON, CAIN",Nej,SWE,,1971-10-17,,GIF SUNDSVALL,2000-2004,100,18,
9948,"DOUMBOUYA, AMADOU",Nej,GUI,,2002-10-12,,DJURGÅRDENS IF,2022,8,0,
4468,"DOVERLIND, CHRISTER",Nej,SWE,,1951-10-24,2006-02-19,KALMAR FF,1976,5,1,
4473,"DOVERLIND, ÅKE",Nej,SWE,,1948-09-29,2015-12-23,ÖSTERS IF,1970-1971,2,0,
7335,"DOVICOVIC, JURAJ",Nej,SVK,,1980-05-27,,DJURGÅRDENS IF,2004,8,1,
9302,"DOVIN, OLIVER",Ja,SWE,,2002-07-11,,HAMMARBY IF,2020-2023,55,0,NNONYELU DOVIN
5722,"DOYLE, JOHN",Nej,USA,,1966-03-16,,ÖRGRYTE IS,1990,4,0,
6316,"DRAGAS, ZARKO",Nej,JUG,,1971-06-16,,DEGERFORS IF,1996,15,3,
9020,"DRAGÉ, THOMAS",Nej,NOR,,1992-02-20,,FALKENBERGS FF,2016,12,0,
8613,"DRESEVIC, IBRAHIM",Nej,SWE,,1997-01-24,,IF ELFSBORG,2016-2018,31,0,
9586,"DRESEVIC, MEHMED",Nej,SWE,MEDI,1992-06-06,,ATHLETIC FC ESKILSTU,2019,6,0,
6493,"DRLJACA, DRAGAN",Ja,JUG,,1970-03-31,2012-05-28,TRELLEBORGS FF,1997,12,0,
7036,"DROBAC, SAVO",Nej,SWE,,1981-05-07,,ÖRGRYTE IS,2001,5,0,
6780,"DRUGGE, ANDREAS",Nej,SWE,,1983-01-20,,IF ELFSBORG,2000-2005,61,6,
6780,"DRUGGE, ANDREAS",Nej,SWE,,1983-01-20,,TRELLEBORGS FF,2008-2010,84,20,
6780,"DRUGGE, ANDREAS",Nej,SWE,,1983-01-20,,IFK GÖTEBORG,2011,23,1,
6780,"DRUGGE, ANDREAS",Nej,SWE,,1983-01-20,,BK HÄCKEN,2012,14,1,
4471,"DUFVA, LENNART",Nej,SWE,,1952-11-05,,IFK SUNDSVALL,1976-1979,8,0,
1749,"DUFVA, TORSTEN",Nej,SWE,,1905-11-04,1997-09-12,IS HALMIA,1934,1,0,"ADVOKAT,MBI"
5614,"DUNBERG, JÖRGEN",Nej,SWE,,1965-02-11,,ÖREBRO SK,1989-1993,38,5,"TID HEIMER, SKÖVDE AIK"
5614,"DUNBERG, JÖRGEN",Nej,SWE,,1965-02-11,,DEGERFORS IF,1994,3,0,
2323,"DUNKER, GÖSTA",Nej,SWE,,1906-09-16,1973-06-04,SANDVIKENS IF,1930-1943,161,51,
2324,"DUNKER, HELGE",Ja,SWE,,1904-05-06,1988-03-14,SANDVIKENS IF,1930-1939,106,0,
2472,"DUNKER, ROLF",Nej,SWE,,1930-12-07,1993-07-14,ÖREBRO SK,1949,1,0,
2472,"DUNKER, ROLF",Nej,SWE,,1930-12-07,1993-07-14,HELSINGBORGS IF,1953,2,0,
7477,"DURMAZ, DAVID",Nej,SWE,,1981-12-21,,ASSYRISKA FF,2005,21,0,
7477,"DURMAZ, DAVID",Nej,SWE,,1981-12-21,,GAIS,2007-2008,32,0,
7477,"DURMAZ, DAVID",Nej,SWE,,1981-12-21,,MALMÖ FF,2009,1,0,
7477,"DURMAZ, DAVID",Nej,SWE,,1981-12-21,,SYRIANSKA FC,2011,21,0,
8880,"DURMAZ, ELIAS",Nej,SWE,,2000-04-21,,AIK,2023,2,0,
7964,"DURMAZ, JIMMY",Nej,SWE,TOUMA TID.,1989-03-22,,MALMÖ FF,2008-2012,91,14,
7964,"DURMAZ, JIMMY",Nej,SWE,TOUMA TID.,1989-03-22,,AIK,2023,19,0,
7515,"DYBENDAHL, EIRIK",Nej,NOR,,1978-04-21,,BK HÄCKEN,2005,12,1,
7515,"DYBENDAHL, EIRIK",Nej,NOR,,1978-04-21,,IFK NORRKÖPING,2008,21,0,
3799,"DYBERG, SVEN",Nej,SWE,-ERIK,1941-07-14,2015-01-09,MALMÖ FF,1961-1963,6,0,
9068,"DYER, ALAN",Nej,ENG/MONS,,1990-06-01,,ÖSTERSUNDS FK,2016,26,9,
9068,"DYER, ALAN",Nej,ENG/MONS,,1990-06-01,,IF ELFSBORG,2017-2019,40,4,
9673,"DYNGELAND, MATHIAS",Ja,NOR,,1995-10-07,,IF ELFSBORG,2020,1,0,
7896,"DYRESTAM, MIKAEL",Nej,SWE,,1991-12-10,,IFK GÖTEBORG,2009-2013,67,1,
7896,"DYRESTAM, MIKAEL",Nej,SWE,,1991-12-10,,KALMAR FF,2017-2018,33,1,
2245,"ECKARD, ERIK",Nej,SWE,,1908-02-01,1980-01-18,MALMÖ FF,1932,16,0,
1776,"ECKERUD, OLLE",Nej,SWE,OLOF,1909-01-04,2000-08-17,IFK NORRKÖPING,1936-1937,22,0,
9163,"EDDAHRI, OMAR",Nej,SWE,,1990-08-30,,ATHLETIC FC ESKILSTU,2017,25,8,
9163,"EDDAHRI, OMAR",Nej,SWE,,1990-08-30,,IK SIRIUS,2018,6,0,
9163,"EDDAHRI, OMAR",Nej,SWE,,1990-08-30,,DJURGÅRDENS IF,2018,6,0,
9163,"EDDAHRI, OMAR",Nej,SWE,,1990-08-30,,GIF SUNDSVALL,2019,13,3,
1210,"EDELIN, SIGURD",Nej,SWE,,1909-02-24,1969-05-08,IFK MALMÖ,1926,1,0,
3805,"EDENVIK, CURT",Nej,SWE,,1942-04-10,,DEGERFORS IF,1964-1966,47,0,
3805,"EDENVIK, CURT",Nej,SWE,,1942-04-10,,AIK,1967-1969,64,0,
6817,"EDENVIK, TOBIAS",Nej,SWE,,1980-05-06,,IF ELFSBORG,2000,2,0,
3830,"EDH, ANDERS",Ja,SWE,,1948-11-13,,ÖREBRO SK,1968-1971,7,0,
2476,"EDHOLT, HENRY",Nej,SWE,PHILIP,1926-06-15,2020-03-12,AIK,1949,4,1,
4477,"EDLIND, JAN-OLOF",Nej,SWE,,1956-02-05,,GAIS,1975,4,0,
1211,"EDLUND, HELMER",Nej,SWE,VALDUS,1900-09-17,1977-08-29,IK SLEIPNER,1925-1926,28,6,
3168,"EDLUND, KJELL",Nej,SWE,,1936-01-30,1987-07-27,SANDVIKENS AIK,1955,7,3,
3139,"EDLUND, OLA",Nej,SWE,,1929-05-23,2013-04-16,DJURGÅRDENS IF,1952-1957,25,2,
3818,"EDLUND, PETER",Nej,SWE,,1949-05-28,2018-03-24,HAMMARBY IF,1967-1974,49,1,
4493,"EDLUND, SÖREN",Nej,SWE,,1955-03-17,2023-03-23,GIF SUNDSVALL,1975,7,0,"FR HÄGGLUNDS,SEN DOMSJÖ"
6179,"EDMAN, ERIK",Nej,SWE,EDDY,1978-11-11,,HELSINGBORGS IF,1997-2012,112,1,
6179,"EDMAN, ERIK",Nej,SWE,EDDY,1978-11-11,,AIK,2000-2001,21,0,
8881,"EDQVIST, ADRIAN",Nej,SWE,,1999-05-20,,KALMAR FF,2017-2020,19,0,
8410,"EDSTRÖM, JOAKIM",Nej,SWE,,1992-11-27,,GAIS,2012,8,0,
4479,"EDSTRÖM, RALF",Nej,SWE,,1952-10-07,,ÅTVIDABERGS FF,1971-1973,52,28,
4479,"EDSTRÖM, RALF",Nej,SWE,,1952-10-07,,IFK GÖTEBORG,1977-1979,37,14,
7506,EDUARDO DELANI,Nej,BRA,E.D.SANTOS LEITE,1981-11-03,,HALMSTADS BK,2005-2006,18,1,
1212,"EDVALL, TORSTEN",Nej,SWE,,1902-06-02,1974-11-25,IFK UDDEVALLA,1926,1,0,
9848,"EDVARDSEN, VICTOR",Nej,SWE,,1996-01-14,,DEGERFORS IF,2021,29,14,
9848,"EDVARDSEN, VICTOR",Nej,SWE,,1996-01-14,,DJURGÅRDENS IF,2022-2023,39,11,
9268,"EDVARDSSON, DAVID",Nej,SWE,,2002-03-05,,IFK VÄRNAMO,2022,7,0,
3144,"EDVARDSSON, REINHOLD",Nej,SWE,,1936-05-11,,IF ELFSBORG,1954,6,2,FÖRS
3144,"EDVARDSSON, REINHOLD",Nej,SWE,,1936-05-11,,IFK ESKILSTUNA,1958-1964,24,5,
3140,"EDVINGER, BERNT",Nej,SWE,,1923-03-31,2002-05-13,DJURGÅRDENS IF,1952-1953,3,0,FR GEFLE
9005,"EDWARDS, CURTIS",Nej,ENG,,1994-01-12,,ÖSTERSUNDS FK,2016-2019,82,14,
9005,"EDWARDS, CURTIS",Nej,ENG,,1994-01-12,,DJURGÅRDENS IF,2019-2021,44,4,
4489,"EEK, PER-OLOF",Nej,SWE,,1951-10-29,2023-11-28,IFK NORRKÖPING,1970-1978,214,6,
5129,"EFRAIMSSON, JONNIE",Nej,SWE,,1958-08-15,,HAMMARBY IF,1980-1983,63,13,
5129,"EFRAIMSSON, JONNIE",Nej,SWE,,1958-08-15,,IFK NORRKÖPING,1984-1985,37,8,
9208,"EGBUCHULAM, CHISOM",Nej,NIG,,1992-02-22,,BK HÄCKEN,2017,10,0,
1780,"EGELIN, OLOF",Nej,SWE,TOLKEN,1907-11-16,1984-05-14,IK SLEIPNER,1933,12,0,
7700,"EGUREN, SEBASTIAN",Nej,URU,,1981-01-08,,HAMMARBY IF,2006-2007,36,13,LEDESMA EGUREN
7700,"EGUREN, SEBASTIAN",Nej,URU,,1981-01-08,,AIK,2010,7,0,
1220,"EHMKE, GEORG",Nej,SWE,,1904-03-16,1992-03-06,DJURGÅRDENS IF,1928,18,1,
3164,"EHRNLUND, NILS",Nej,SWE,SKINNET,1926-01-23,2010-06-23,NORRBY IF,1956,1,0,
9052,"EID, MAHMOUD",Nej,SWE/PA,,1993-06-26,,KALMAR FF,2016-2019,35,3,EG DHADHA
2491,"EIDEFJÄLL, IVAR",Nej,SWE,AUGUSTSSON TID.,1921-10-18,2011-05-23,JÖNKÖPINGS SÖDRA IF,1946-1950,86,30,
3177,"EIDHAGEN, OVE",Nej,SWE,,1927-01-06,1991-12-14,ÖREBRO SK,1952-1953,18,3,
8970,"EIKREM, MAGNUS WOLFF",Nej,N,,1990-08-08,,MALMÖ FF,2015-2017,66,12,
9515,"EILE, NOAH",Nej,SWE,,2002-07-19,,MALMÖ FF,2021,3,0,
9515,"EILE, NOAH",Nej,SWE,,2002-07-19,,MJÄLLBY AIF,2022-2023,46,1,
4490,"EINARSSON, JOHNNY",Nej,SWE,,1954-03-19,,IFK NORRKÖPING,1973-1976,7,0,
7771,"EISWOHLD, JOHAN",Nej,SWE,,1990-06-21,,HELSINGBORGS IF,2008-2011,11,0,
7771,"EISWOHLD, JOHAN",Nej,SWE,,1990-06-21,,IK SIRIUS,2017-2018,29,0,
3835,"EJDERSTEDT, INGE",Nej,SWE,,1946-12-24,,ÖSTERS IF,1968-1976,114,39,
9724,"EJUPI, ALBERT",Nej,SWE,,1992-08-28,,VARBERGS BOIS,2020-2021,48,1,
9724,"EJUPI, ALBERT",Nej,SWE,,1992-08-28,,HELSINGBORGS IF,2022,10,0,
2492,"EK, ALLAN",Nej,SWE,,1922-07-05,2000-08-31,LANDSKRONA BoIS,1942-1945,11,4,
2477,"EK, GUNNAR",Nej,SWE,,1926-10-19,2018-08-09,BILLINGSFORS IK,1947,1,0,
1762,"EK, GÖTE",Nej,SWE,,1913-04-25,1975-11-11,IFK ESKILSTUNA,1934,1,0,EJ GUNNAR
1213,"EK, JOHAN",Ja,SWE,,1899-12-02,1979-11-27,LANDSKRONA BoIS,1926-1927,3,0,
7986,"EK, KRISTIAN",Nej,SWE,,1989-06-18,,GIF SUNDSVALL,2008,1,0,
4474,"EK, TORBJÖRN",Nej,SWE,,1949-06-25,2010-08-18,AIK,1971-1973,54,11,
4474,"EK, TORBJÖRN",Nej,SWE,,1949-06-25,2010-08-18,GIF SUNDSVALL,1975,8,0,
2493,"EK, WALFRID",Nej,SWE,WALLE,1922-07-11,1987-04-25,MALMÖ FF,1947-1953,84,39,
2493,"EK, WALFRID",Nej,SWE,WALLE,1922-07-11,1987-04-25,RÅÅ IF,1951,11,4,
9437,"EKBLAD, ALEXANDER",Nej,SWE,,1987-08-07,,DALKURD FF,2018,9,0,
1757,"EKBLAD, ERIK",Nej,SWE,,1907-05-05,1991-08-15,AIK,1932-1938,49,0,
3146,"EKBLOM, ALLAN",Nej,SWE,,1933-06-01,,IFK ESKILSTUNA,1958,25,5,FR TORSHÄLLA
3173,"EKBLOM, LENNART",Nej,SWE,LEPPE,1927-12-29,2017-11-16,VÄSTERÅS SK,1956-1957,36,4,FR SALA
5720,"EKBLOM, PONTUS",Nej,SWE,,1966-09-20,,ÖRGRYTE IS,1990-1995,11,3,
7382,"EKDAL, ALBIN",Nej,SWE,,1989-07-28,,IF BROMMAPOJKARNA,2007,15,0,
9343,"EKDAL, HJALMAR",Nej,SWE,,1998-10-21,,IK SIRIUS,2020,26,0,
9343,"EKDAL, HJALMAR",Nej,SWE,,1998-10-21,,DJURGÅRDENS IF,2021-2022,50,7,
1214,"EKELIN, BRYNOLF",Nej,SWE,MÅLARN,1897-05-20,1970-01-27,IFK NORRKÖPING,1925-1928,43,37,
2246,"EKELIN, HELMER",Nej,SWE,,1904-05-03,1992-07-07,STATTENA IF,1930,9,0,KORR PGA KROON
3154,"EKENBERG, JAN",Nej,SWE,,1931-09-11,2011-07-12,HELSINGBORGS IF,1957-1962,79,1,
6529,"EKENBERG, MARCUS",Nej,SWE,,1980-06-16,,HELSINGBORGS IF,2000-2002,22,2,
6529,"EKENBERG, MARCUS",Nej,SWE,,1980-06-16,,MJÄLLBY AIF,2010-2014,127,28,
3133,"EKENGREN, JÖRGEN",Ja,SWE,,1934-03-21,2015-06-05,AIK,1957-1959,46,0,
3149,"EKEROTH, NILS",Nej,SWE,,1930-04-28,2021-11-10,IFK GÖTEBORG,1953-1962,139,1,
5512,"EKHEIM, MARCUS",Nej,SWE,,1967-07-12,,MALMÖ FF,1989-1991,25,0,
5512,"EKHEIM, MARCUS",Nej,SWE,,1967-07-12,,LANDSKRONA BoIS,1994,15,1,
1215,"EKHOLM, ELIS",Nej,SWE,,1903-08-24,1978-03-04,AIK,1925-1928,46,1,
0389,"EKHOLM, GÖRAN",Nej,SWE,,1950-09-11,,IFK NORRKÖPING,1970,1,0,
1216,"EKHOLM, JOHN",Nej,SWE,JOHAN JOCKE,1901-07-05,1953-06-17,AIK,1925-1929,26,0,JOSEF JOHAN E.
7520,"EKLIDEN, TOM",Nej,SWE,,1982-04-24,,BK HÄCKEN,2005,9,0,
3138,"EKLUND, BIRGER",Nej,SWE,BIRRE,1929-10-22,2015-12-06,DJURGÅRDENS IF,1953-1960,118,38,
5659,"EKLUND, HANS",Nej,SWE,,1969-04-16,,ÖSTERS IF,1987-1997,238,105,
5659,"EKLUND, HANS",Nej,SWE,,1969-04-16,,HELSINGBORGS IF,2000-2003,79,23,
3813,"EKLUND, HÅKAN",Nej,SWE,,1941-12-18,1995-01-14,IFK GÖTEBORG,1966-1970,98,32,
8448,"EKLUND, JOHAN",Nej,SWE,,1984-05-30,,GIF SUNDSVALL,2012-2016,72,12,
3172,"EKLUND, LARS",Nej,SWE,LATTE,1934-06-02,,SANDVIKENS IF,1958,2,0,
6117,"EKLUND, MATTHIAS",Nej,SWE,ZEKE,1976-07-23,,HELSINGBORGS IF,1994-1997,13,0,
6117,"EKLUND, MATTHIAS",Nej,SWE,ZEKE,1976-07-23,,LANDSKRONA BoIS,2002-2005,60,10,
7408,"EKLUND, MIKAEL",Nej,SWE,,1981-09-14,,KALMAR FF,2004-2009,72,0,
3829,"EKLUND, OVE",Nej,SWE,,1946-01-30,,ÅTVIDABERGS FF,1968-1976,96,47,
3812,"EKLUND, PER-ANDERS",Nej,SWE,,1948-05-19,,DJURGÅRDENS IF,1967,6,3,
2502,"EKLÖF, FRED",Nej,SWE,FREDRIK,1922-06-15,2018-02-16,SANDVIKENS IF,1943-1958,118,1,
5336,"EKLÖF, PATRIK",Nej,SWE,PUTTE,1969-05-01,,DJURGÅRDENS IF,1986-1990,11,0,
3814,"EKLÖF, ROLF",Nej,SWE,,1938-07-24,1997-11-24,IFK GÖTEBORG,1961-1963,41,18,"HUSKV IF, SEN AUSTR"
1029,"EKMAN, GÖSTA",Nej,SWE,,1908-07-09,1989-10-05,IFK ESKILSTUNA,1927-1936,143,3,
9212,"EKMAN, KALLE",Nej,SWE,,1998-04-12,,JÖNKÖPINGS SÖDRA IF,2017,1,0,
3806,"EKMAN, STIG",Nej,SWE,STISSE,1944-07-24,,DEGERFORS IF,1963-1966,26,4,
2488,"EKNER, DAN",Nej,SWE,,1927-07-05,1975-04-17,IS HALMIA,1946-1949,75,16,VFRÖL 63
2488,"EKNER, DAN",Nej,SWE,,1927-07-05,1975-04-17,IFK GÖTEBORG,1950,19,12,
2488,"EKNER, DAN",Nej,SWE,,1927-07-05,1975-04-17,ÖRGRYTE IS,1960,7,1,
7690,"EKONG, PRINCE IKPE",Nej,NI,,1978-10-05,,GAIS,2006-2008,46,1,
7690,"EKONG, PRINCE IKPE",Nej,NI,,1978-10-05,,DJURGÅRDENS IF,2008-2010,53,3,
9455,"EKPOLO, GODSWILL",Nej,NIG,,1995-05-14,,BK HÄCKEN,2018-2021,100,4,
9455,"EKPOLO, GODSWILL",Nej,NIG,,1995-05-14,,IFK NORRKÖPING,2022,28,0,
9845,"EKROTH, OLIVER",Nej,SWE,,1992-01-18,,DEGERFORS IF,2021,26,1,
3819,"EKSTIG, LEIF",Nej,SWE,MYRAN,1943-02-28,,HAMMARBY IF,1963,2,2,
7365,"EKSTRAND, JOEL",Nej,SWE,,1989-02-04,,HELSINGBORGS IF,2008-2010,73,1,
7365,"EKSTRAND, JOEL",Nej,SWE,,1989-02-04,,AIK,2018,1,0,
9064,"EKSTRAND HAMRÉN, CARL",Nej,SWE,,1996-06-17,,ÖREBRO SK,2016,1,0,
3167,"EKSTRÖM, AGNE",Nej,SWE,,1927-02-04,2008-08-15,SANDVIKENS AIK,1955,9,0,
2485,"EKSTRÖM, ERLAND",Nej,SWE,,1918-03-28,1981-09-08,GAIS,1945-1949,85,7,FR ALINGSÅS
3161,"EKSTRÖM, JAN",Nej,SWE,NANA,1937-10-11,,MALMÖ FF,1955-1966,111,38,
5407,"EKSTRÖM, JOHNNY",Nej,SWE,BRÅTTOM,1965-03-05,,IFK GÖTEBORG,1984-1998,98,43,
4484,"EKSTRÖM, LENNART",Nej,SWE,EKEN,1948-12-17,,LANDSKRONA BoIS,1974-1976,18,0,
7017,"EKSTRÖM, MARTIN",Nej,SWE,,1980-03-05,,HALMSTADS BK,2001-2002,32,5,
7017,"EKSTRÖM, MARTIN",Nej,SWE,,1980-03-05,,IF BROMMAPOJKARNA,2007,26,2,
6644,"EKSTRÖM, PÄR",Nej,SWE,,1968-08-17,,ÖREBRO SK,1998-2000,34,9,
3817,"EKSTRÖM, STURE",Nej,SWE,,1936-07-07,,IS HALMIA,1963,1,0,
2496,"EKSTRÖM, TAGE",Nej,SWE,HAPGOD,1920-01-08,2017-10-12,IFK NORRKÖPING,1943,1,0,FR GOTLAND
1217,"EKSTRÖM, THORE",Nej,SWE,TORVALD TOSSE,1896-12-06,1952-12-07,IFK NORRKÖPING,1926,1,0,
7684,"EKUNDE, RICHARD",Nej,COD,,1982-08-04,,GAIS,2006-2012,151,0,
2490,"EKVALL, ALLAN",Nej,SWE,,1921-01-01,1985-07-24,HELSINGBORGS IF,1943-1949,27,1,SKROMBERGA GIF 51
1775,"EKVALL, KJELL",Nej,SWE,,1911-01-22,1981-09-06,LANDSKRONA BoIS,1935-1939,63,35,
8617,"EKVALL, MÅNS",Nej,SWE,,1995-01-04,,HELSINGBORGS IF,2014,2,0,
7268,"EL ASMAR, DRISS",Ja,MAR,,1975-12-04,,ENKÖPINGS SK,2003,4,0,
8247,"EL KABIR, MOESTAFA",Nej,NED/M,,1988-10-05,,MJÄLLBY AIF,2010-2012,38,16,NED/MAR
8247,"EL KABIR, MOESTAFA",Nej,NED/M,,1988-10-05,,BK HÄCKEN,2013-2018,41,21,
8247,"EL KABIR, MOESTAFA",Nej,NED/M,,1988-10-05,,KALMAR FF,2019,8,0,
9009,"EL KABIR, OTHMAN",Nej,NED,,1991-07-17,,DJURGÅRDENS IF,2016-2017,42,5,
7022,"ELANGA, JOSEPH",Nej,KAM,,1979-05-02,,MALMÖ FF,2001-2010,131,5,
9843,"ELBOUZEDI, ZACHARY",Nej,IRL,ZAC,1998-04-05,,AIK,2021-2023,52,2,
3156,"ELF, OLA",Nej,SWE,,1937-04-25,2016-04-26,MOTALA AIF,1958,23,4,
3156,"ELF, OLA",Nej,SWE,,1937-04-25,2016-04-26,JÖNKÖPINGS SÖDRA IF,1960,19,3,
2232,"ELFSBERG, STURE",Nej,SWE,,1909-06-01,2000-03-19,SANDVIKENS IF,1931,1,0,SVEN ENL AGT
5236,"ELFVING, LEIF",Nej,SWE,,1957-12-23,,ÅTVIDABERGS FF,1980-1982,58,6,
8076,"ELFVING, NICLAS",Nej,SWE,,1986-02-06,,ÖRGRYTE IS,2009,1,0,
6777,"ELGSTRÖM, FREDRIK",Nej,SWE,,1983-02-10,,ENKÖPINGS SK,2003,7,0,
4485,"ELGSTRÖM, KENNETH",Nej,SWE,KECKA,1956-05-25,,LANDSKRONA BoIS,1977-1979,42,1,
8365,"ELIA, RABI",Nej,SWE,,1987-04-19,,SYRIANSKA FC,2011-2013,63,3,
3157,"ELIASSON, BENGT",Nej,SWE,,1923-05-07,2013-11-30,KALMAR FF,1951,4,1,
3807,"ELIASSON, BERT",Nej,SWE,,1943-02-04,,DEGERFORS IF,1966,1,0,
2494,"ELIASSON, BROR",Nej,SWE,,1915-02-09,1996-01-23,MALMÖ FF,1940-1946,10,0,
1218,"ELIASSON, ERNST",Nej,SWE,FLISA,1896-05-24,1976-08-15,ÖRGRYTE IS,1925,1,0,
1778,"ELIASSON, HUGO",Nej,SWE,,1900-11-28,1972-12-17,SANDVIKENS IF,1930-1934,81,15,
1766,"ELIASSON, KARL-ERIK",Nej,SWE,,1916-04-22,1996-03-10,IFK GÖTEBORG,1936-1941,22,1,
8620,"ELIASSON, NICLAS",Nej,SWE,,1995-12-07,,AIK,2014-2016,31,1,
8620,"ELIASSON, NICLAS",Nej,SWE,,1995-12-07,,IFK NORRKÖPING,2016-2017,30,4,
6611,"ELIASSON, PER-ANDERS",Nej,SWE,,1973-10-26,,BK HÄCKEN,1998,9,0,
3143,"ELIASSON, ROLF",Nej,SWE,,1926-06-26,2015-05-16,IF ELFSBORG,1951-1952,25,1,
6497,"ELISON, MATHIAS",Nej,SWE,,1973-04-09,,VÄSTERÅS SK,1997,21,3,
1782,"ELLSTRÖM, GÖTE",Nej,SWE,,1916-08-27,2010-04-19,ÖRGRYTE IS,1939-1940,36,1,FR/T SURTE 4007
7818,"ELM, DAVID",Nej,SWE,,1983-01-10,,KALMAR FF,2007-2017,140,26,
7818,"ELM, DAVID",Nej,SWE,,1983-01-10,,IF ELFSBORG,2011-2013,60,12,
7236,"ELM, RASMUS",Nej,SWE,,1988-03-17,,KALMAR FF,2005-2019,168,19,
7606,"ELM, VIKTOR",Nej,SWE,,1985-11-13,,KALMAR FF,2006-2020,229,35,
6543,"ELMANDER, JOHAN",Nej,SWE,,1981-05-27,,ÖRGRYTE IS,1999-2000,39,4,
6543,"ELMANDER, JOHAN",Nej,SWE,,1981-05-27,,DJURGÅRDENS IF,2002-2003,19,12,
6825,"ELMANDER, PATRICK",Nej,SWE,,1978-11-26,,GAIS,2000,12,1,
6825,"ELMANDER, PATRICK",Nej,SWE,,1978-11-26,,ÖRGRYTE IS,2001-2009,33,4,
6825,"ELMANDER, PATRICK",Nej,SWE,,1978-11-26,,KALMAR FF,2002,10,1,
1772,"ELMBERG, STURE",Nej,SWE,,1916-04-20,1967-01-10,HALMSTADS BK,1936,4,0,"FR FINSPÅNG, BR EVERT HBK"
4481,"ELMGREN, STELLAN",Nej,SWE,,1958-11-21,,HALMSTADS BK,1977-1981,43,0,
4481,"ELMGREN, STELLAN",Nej,SWE,,1958-11-21,,TRELLEBORGS FF,1985,22,0,
1219,"ELMQVIST, GÖSTA",Nej,SWE,,1899-02-04,1971-12-09,IFK MALMÖ,1925,3,2,
3160,"ELMSTEDT, BERTIL",Nej,SWE,,1937-05-02,,MALMÖ FF,1957-1969,192,36,
2489,"ELOFSSON, BENGT",Nej,SWE,,1928-07-08,2016-12-18,IS HALMIA,1949-1950,18,2,FR STRÖMSNÄSBRUK
2489,"ELOFSSON, BENGT",Nej,SWE,,1928-07-08,2016-12-18,JÖNKÖPINGS SÖDRA IF,1952-1960,60,6,
3163,"ELOFSSON, STIG",Nej,SWE,,1931-07-06,2017-01-13,MOTALA AIF,1958,24,0,
3165,"ELVHAGE, TORSTEN",Nej,SWE,TOTTA,1928-03-08,1987-05-05,IFK NORRKÖPING,1951-1955,12,2,
5237,"ELVINGSSON, JONNY",Nej,SWE,,1956-09-02,,ÅTVIDABERGS FF,1980,10,0,
7293,ELVIS,Nej,BRA,ELVIS DA SILVA SANTANA,1983-07-11,,HAMMARBY IF,2003,2,0,
9416,"ELYOUNOUISSI, TARIK",Nej,NOR,,1988-02-23,,AIK,2018-2019,53,19,
1760,"EMANUELSSON, ARVID",Nej,SWE,BLÄCKFISKEN,1913-12-25,1980-03-19,IF ELFSBORG,1934-1947,270,12,
2487,"EMANUELSSON, RUNE",Nej,SWE,KILLING,1923-10-08,1993-03-21,IFK GÖTEBORG,1942-1955,210,7,
5494,"EMINOVSKI, DEVAL",Nej,SWE,DRZEVAT,1964-10-15,,MALMÖ FF,1984-1988,50,4,
6229,"ENAHALO, FREDERICK",Ja,SWE,,1971-03-12,,TRELLEBORGS FF,1995-1997,10,0,JUGOSLAV
8850,"ENARSSON, JOEL",Nej,SWE,,1993-06-27,,MJÄLLBY AIF,2014,7,2,
8850,"ENARSSON, JOEL",Nej,SWE,,1993-06-27,,IFK NORRKÖPING,2015-2016,15,0,
8850,"ENARSSON, JOEL",Nej,SWE,,1993-06-27,,GIF SUNDSVALL,2016,5,0,
5963,"ENERBY, FREDRIK",Nej,SWE,,1977-05-15,,IFK NORRKÖPING,1994,1,0,
3175,"ENERBY, SVANTE",Ja,SWE,,1923-03-30,2009-01-28,ÅTVIDABERGS FF,1952,22,0,
6826,"ENERED, LARS-HENRIK",Nej,SWE,,1976-11-04,,GAIS,2000,22,0,
3821,"ENG, BJÖRN",Nej,SWE,,1948-03-02,,JÖNKÖPINGS SÖDRA IF,1969,15,0,
3145,"ENGBLOM, BERNTH",Ja,SWE,,1922-01-31,1985-06-02,IFK ESKILSTUNA,1958,31,0,
4494,"ENGBLOM, LARS",Nej,SWE,,1955-04-04,,IFK SUNDSVALL,1976,1,0,
7888,"ENGBLOM, PONTUS",Nej,SWE,,1991-11-03,,AIK,2009-2012,25,1,
7888,"ENGBLOM, PONTUS",Nej,SWE,,1991-11-03,,GIF SUNDSVALL,2022,27,11,
9517,"ENGDAHL, BEN",Nej,SWE,,2003-09-17,,HAMMARBY IF,2021,1,0,
1221,"ENGDAHL, HELGE",Nej,SWE,,1901-06-22,1966-08-16,HAMMARBY IF,1925,17,3,
1222,"ENGDAHL, WILHELM",Nej,SWE,WILLE,1905-01-29,1981-11-04,AIK,1928-1931,55,19,
5006,"ENGEDAL, KNUD",Ja,SWE,,1942-03-18,,VÄSTERÅS SK,1978,26,0,"FD DANM, SV MEDB VÅR 78"
5492,"ENGKVIST, LEIF",Nej,SWE,,1962-07-30,,MALMÖ FF,1985-1991,125,25,
5492,"ENGKVIST, LEIF",Nej,SWE,,1962-07-30,,TRELLEBORGS FF,1992-1994,77,11,
1763,"ENGLUND, HUGO",Nej,SWE,,1907-06-03,1990-12-17,GEFLE IF,1934-1935,5,1,
8977,"ENGLUND, LEO",Nej,SWE,,1991-04-16,,GIF SUNDSVALL,2015,21,1,
5302,"ENGLUND, PATRICK",Nej,SWE,,1965-12-28,,IK BRAGE,1985-1988,69,4,
5302,"ENGLUND, PATRICK",Nej,SWE,,1965-12-28,,AIK,1995-1999,61,7,
3148,"ENGLUND, THOR",Nej,SWE,,1927-05-12,2011-11-01,GAIS,1952,1,0,LED UTBYNÄS SK
7386,"ENGLUND, TOBIAS",Nej,SWE,,1989-02-06,,FALKENBERGS FF,2019-2020,42,4,
4487,"ENGMAN, KURT",Nej,SWE,,1941-07-06,,IFK LULEÅ,1971,1,0,
3162,"ENGQVIST, JÖRGEN",Nej,SWE,,1930-05-19,2004-04-12,MALMÖ FF,1952-1954,11,0,SEN RÅÅ
5024,"ENGQVIST, KARL",Nej,SWE,,1960-05-12,,ÅTVIDABERGS FF,1978-1982,113,1,
5024,"ENGQVIST, KARL",Nej,SWE,,1960-05-12,,ÖRGRYTE IS,1985-1986,23,0,
4491,"ENGQVIST, KURT",Nej,SWE,,1950-01-31,,IK SIRIUS,1973-1974,17,0,
9209,"ENGSTRÖM, DAVID",Nej,SWE,,1990-08-07,,BK HÄCKEN,2017,5,0,
3151,"ENGSTRÖM, ERLAND",Nej,SWE,,1924-01-16,2000-05-30,IS HALMIA,1950,1,0,FR LIMMARED
6032,"ENGSTRÖM, KJELL-ÅKE",Nej,SWE,,1968-07-29,,VÄSTRA FRÖLUNDA IF,1993,8,0,
4480,"ENGSTRÖM, OWE",Nej,SWE,,1947-03-06,,IFK GÖTEBORG,1970,15,1,
4476,"ENGSTRÖM, THOMAS",Nej,SWE,,1957-01-04,,IF ELFSBORG,1976-1984,105,4,
6358,"ENGSTRÖM, ÖRJAN",Nej,SWE,,1965-05-18,,UMEÅ FC,1996,21,1,
8417,"ENGVALL, GUSTAV",Nej,SWE,,1996-04-29,,IFK GÖTEBORG,2013-2018,74,17,
8417,"ENGVALL, GUSTAV",Nej,SWE,,1996-04-29,,DJURGÅRDENS IF,2017,25,8,
8417,"ENGVALL, GUSTAV",Nej,SWE,,1996-04-29,,IFK VÄRNAMO,2023,26,11,
2503,"ENGWALL, ÅKE",Nej,SWE,,1920-01-27,2014-04-06,ÖREBRO SK,1947-1953,50,3,FR KINNA 1945
3808,"ENOCK, STIG",Nej,SWE,,1935-06-07,2018-06-04,DEGERFORS IF,1960-1964,53,14,NÄSSJÖ
6082,"ENQVIST, BJÖRN",Nej,SWE,,1977-10-12,,TRELLEBORGS FF,1996,1,0,
6082,"ENQVIST, BJÖRN",Nej,SWE,,1977-10-12,,MALMÖ FF,1997-1998,28,3,
7681,ENRICO,Nej,BRA,ENRICO CARDOSO NAZARÉ,1984-05-04,,DJURGÅRDENS IF,2006-2008,62,7,
6020,"ENSTRÖM, JAN-ÅKE",Nej,SWE,JONKA,1964-11-13,,BK HÄCKEN,1993-1994,50,16,
3132,"ENSTRÖM, PER-OVE",Nej,SWE,PEO,1930-02-03,1993-11-24,AIK,1954-1960,87,7,
1223,"ENZELL, RAGNAR",Nej,SWE,KOCKA,1904-12-13,1981-04-10,IK SLEIPNER,1929-1931,5,1,
9754,"ERABI, JUSEF",Nej,SWE,,2003-06-08,,HAMMARBY IF,2021-2023,32,7,
1765,"ERANDER, KARL-AXEL",Nej,SWE,LALLE,1918-03-04,2001-04-01,GÅRDA BK,1939-1943,84,13,KINNA IF
1769,"ERICSON, CURT",Nej,SWE,,1917-06-17,1982-04-26,HALLSTAHAMMARS SK,1939,2,1,
2498,"ERICSON, CURT",Nej,SWE,,1918-12-29,1984-12-23,REYMERSHOLMS IK,1942,6,0,
3158,"ERICSON, EVERT",Nej,SWE,,1926-12-14,2000-09-18,KALMAR FF,1950-1955,56,0,
2497,"ERICSON, GEORG",Nej,SWE,"ÅBY""JOJJE",1919-12-18,2002-01-04,IFK NORRKÖPING,1942-1951,89,36,
3159,"ERICSON, GEORG",Nej,SWE,GIRRE,1922-02-16,2009-01-11,KALMAR FF,1950-1955,73,14,
7856,"ERICSON, JACOB",Nej,SWE,,1993-09-17,,GEFLE IF,2015-2016,40,0,
7856,"ERICSON, JACOB",Nej,SWE,,1993-09-17,,FALKENBERGS FF,2019-2020,55,0,
6335,"ERICSON, JÖRGEN",Nej,SWE,,1966-05-06,,IK ODDEVOLD,1996,23,1,
3152,"ERICSON, OLLE",Nej,SWE,OLOF,1928-10-25,2020-05-26,HALMSTADS BK,1955-1959,109,5,
2482,"ERICSON, STIG",Nej,SWE,DIXIE,1919-01-24,1998-11-08,IFK ESKILSTUNA,1943,14,2,
1755,"ERICSON, ÅKE",Nej,SWE,SPARVEN,1913-05-16,1986-11-16,AIK,1938-1939,6,1,
3131,"ERICSSON, AXEL",Nej,SWE,ACKE,1931-03-27,2019-03-03,AIK,1955-1957,28,9,
3131,"ERICSSON, AXEL",Nej,SWE,ACKE,1931-03-27,2019-03-03,HAMMARBY IF,1959-1963,66,16,
1756,"ERICSSON, BERTIL",Nej,SWE,DANSKDÖDAREN,1908-11-06,2002-08-18,AIK,1933,3,1,
1756,"ERICSSON, BERTIL",Nej,SWE,DANSKDÖDAREN,1908-11-06,2002-08-18,SANDVIKENS IF,1933-1944,211,132,
2505,"ERICSSON, GÖSTA",Nej,SWE,,1923-05-02,1975-03-19,ÖREBRO SK,1947,6,0,"F GÄLLIVARE, FR ÖREBRO IK"
4486,"ERICSSON, HÅKAN",Nej,SWE,,1956-10-06,,LANDSKRONA BoIS,1976-1980,54,1,
3822,"ERICSSON, JAN",Ja,SWE,,1944-01-11,,MALMÖ FF,1963,5,0,
7494,"ERICSSON, JOHANNES",Nej,SWE,,1976-07-11,,GEFLE IF,2005-2009,107,6,
6359,"ERICSSON, JON",Nej,SWE,,1974-05-02,,UMEÅ FC,1996,22,3,
6359,"ERICSSON, JON",Nej,SWE,,1974-05-02,,GIF SUNDSVALL,2000-2002,62,5,
6359,"ERICSSON, JON",Nej,SWE,,1974-05-02,,GEFLE IF,2005,17,0,
1770,"ERICSSON, KNUT",Nej,SWE,ELVERBY,1912-03-28,1987-08-17,HALLSTAHAMMARS SK,1932-1939,23,0,
5524,"ERICSSON, KRISTER",Nej,SWE,HÅRDING,1965-09-25,,IFK NORRKÖPING,1986-1988,15,0,
5524,"ERICSSON, KRISTER",Nej,SWE,HÅRDING,1965-09-25,,DEGERFORS IF,1993,24,2,
1759,"ERICSSON, LENNART",Nej,SWE,,1916-08-06,2005-01-27,IK BRAGE,1939-1944,43,0,
6654,"ERICSSON, MARTIN",Nej,SWE,,1980-09-04,,IFK GÖTEBORG,2001-2003,69,13,
6654,"ERICSSON, MARTIN",Nej,SWE,,1980-09-04,,IF ELFSBORG,2009-2011,54,9,
6654,"ERICSSON, MARTIN",Nej,SWE,,1980-09-04,,BK HÄCKEN,2012-2016,109,24,
2495,"ERICSSON, OVE",Nej,SWE,,1921-08-12,1997-05-03,MALMÖ FF,1940-1942,30,11,FR ARLÖV
1774,"ERICSSON, PER",Nej,SWE,,1902-02-20,1963-03-11,HALMSTADS BK,1934-1936,44,27,
8010,"ERICSSON, PÄR",Nej,SWE,PÄRLAN,1988-07-21,,GAIS,2009,30,6,
8010,"ERICSSON, PÄR",Nej,SWE,PÄRLAN,1988-07-21,,IFK GÖTEBORG,2010-2011,17,1,
8010,"ERICSSON, PÄR",Nej,SWE,PÄRLAN,1988-07-21,,MJÄLLBY AIF,2011-2013,57,25,
8010,"ERICSSON, PÄR",Nej,SWE,PÄRLAN,1988-07-21,,KALMAR FF,2014-2016,24,2,
8010,"ERICSSON, PÄR",Nej,SWE,PÄRLAN,1988-07-21,,ÖREBRO SK,2015,13,3,
8010,"ERICSSON, PÄR",Nej,SWE,PÄRLAN,1988-07-21,,JÖNKÖPINGS SÖDRA IF,2016,11,1,
5548,"ERICSSON, RAGNAR",Nej,SWE,BYLÉHN,1965-05-17,,IFK NORRKÖPING,1989-1990,32,4,
3176,"ERICSSON, YNGVE",Nej,SWE,,1921-12-08,2014-08-19,ÅTVIDABERGS FF,1952,17,1,
3825,"ERIKSON, TORBJÖRN",Nej,SWE,,1945-11-08,,IK SIRIUS,1969,2,0,
8072,"ERIKSSON, ADAM",Nej,SWE,,1988-02-02,,ÖRGRYTE IS,2009,7,0,
8818,"ERIKSSON, ADAM",Nej,SWE,,1990-07-13,,FALKENBERGS FF,2014-2015,57,1,
8818,"ERIKSSON, ADAM",Nej,SWE,,1990-07-13,,HELSINGBORGS IF,2016-2020,85,2,
3137,"ERIKSSON, ALDOR",Nej,SWE,,1926-04-28,2007-07-03,DJURGÅRDENS IF,1950,1,0,
3137,"ERIKSSON, ALDOR",Nej,SWE,,1926-04-28,2007-07-03,HAMMARBY IF,1955-1961,93,2,
2481,"ERIKSSON, ALLAN",Nej,SWE,PETTER,1924-03-10,2011-11-20,DEGERFORS IF,1943,1,0,
5578,"ERIKSSON, ANDERS",Nej,SWE,,1963-04-17,,VÄSTRA FRÖLUNDA IF,1987-1988,5,0,
6372,"ERIKSSON, ANDERS",Nej,FIN,,1965-04-19,,ÖSTERS IF,1996,15,0,
7389,"ERIKSSON, ANDREAS",Nej,SWE,,1981-11-03,,AIK,2004,12,1,
7389,"ERIKSSON, ANDREAS",Nej,SWE,,1981-11-03,,IF BROMMAPOJKARNA,2009-2014,74,7,
7389,"ERIKSSON, ANDREAS",Nej,SWE,,1981-11-03,,IK SIRIUS,2017,1,0,
9270,"ERIKSSON, ANTON",Nej,SWE,,2000-03-05,,GIF SUNDSVALL,2022,11,0,
9270,"ERIKSSON, ANTON",Nej,SWE,,2000-03-05,,IFK NORRKÖPING,2022-2023,44,0,
1777,"ERIKSSON, ARNE",Nej,SWE,KNABOT,1912-09-15,1975-08-17,IFK NORRKÖPING,1936,1,1,FR ÅBY IF
2478,"ERIKSSON, ARNE",Nej,SWE,,1916-11-12,2011-02-03,BILLINGSFORS IK,1947,22,0,
3820,"ERIKSSON, BENGT",Nej,SWE,,1936-03-06,2014-03-25,HELSINGBORGS IF,1962,1,0,
3834,"ERIKSSON, BENGT-OWE",Nej,SWE,KRULLIS,1946-08-24,,ÖREBRO SK,1968,1,0,
2501,"ERIKSSON, BERTIL",Nej,SWE,VITEN,1914-06-11,1981-01-01,SANDVIKENS IF,1941-1943,19,5,
3170,"ERIKSSON, BERTIL",Nej,SWE,,1924-06-10,2010-09-08,SANDVIKENS AIK,1955,9,2,
3804,"ERIKSSON, BJÖRN",Nej,SWE,GEIFALK,1947-03-02,,AIK,1966,1,0,FR UPSALA IF
3804,"ERIKSSON, BJÖRN",Nej,SWE,GEIFALK,1947-03-02,,IK SIRIUS,1969,3,0,
3815,"ERIKSSON, BJÖRN",Nej,SWE,NALLE,1943-09-10,2018-03-06,IFK GÖTEBORG,1965-1970,129,20,FR KULLENS BK
2500,"ERIKSSON, BÖRJE",Nej,SWE,STJÄRNA,1920-01-28,1988-02-02,SANDVIKENS IF,1940-1944,11,3,
9702,"ERIKSSON, CARLJOHAN",Ja,F,,1995-04-25,,MJÄLLBY AIF,2020-2021,42,0,
8082,"ERIKSSON, CHRISTOFFER",Nej,SWE,,1990-05-25,,AIK,2010,7,0,
6000,"ERIKSSON, DANIEL",Nej,SWE,KINDFORS,1974-07-09,,DEGERFORS IF,1993,4,0,
3833,"ERIKSSON, DIXIE",Nej,SWE,,1944-05-13,,ÖREBRO SK,1969-1970,22,3,
2504,"ERIKSSON, EINAR",Nej,SWE,FISKEN,1918-09-29,2011-05-30,ÖREBRO SK,1947-1949,11,2,
2247,"ERIKSSON, ELIS-CF",Nej,SWE,,1902-12-10,1997-08-20,IFK GÖTEBORG,1930-1932,3,3,
1224,"ERIKSSON, ERIC",Nej,SWE,,1902-06-18,1973-12-13,IFK MALMÖ,1925,4,0,
1225,"ERIKSSON, ERIK",Nej,SWE,KROTSE,1901-12-30,1982-09-15,IK CITY,1926,3,0,
1758,"ERIKSSON, ERIK",Nej,SWE,,1914-10-28,1990-04-24,IK BRAGE,1938-1944,90,0,
1773,"ERIKSSON, ERIK",Nej,SWE,MÅNS,1915-05-24,1978-05-24,HALMSTADS BK,1935-1945,71,11,
1226,"ERIKSSON, ERNST",Nej,SWE,,1895-11-11,1969-01-07,IK CITY,1926,21,4,
9659,"ERIKSSON, FELIX",Nej,SWE,,2004-05-21,,IFK GÖTEBORG,2022-2023,3,0,
1227,"ERIKSSON, FRANK",Nej,SWE,SVARTE FRANK,1905-03-02,1967-03-20,GAIS,1926,1,0,
2475,"ERIKSSON, FRED",Nej,SWE,,1929-05-06,2009-04-20,AIK,1949-1950,14,8,"FR GRÖNDAL,SEN DERBY"
1228,"ERIKSSON, FRITZ",Nej,SWE,,1906-04-23,1981-05-10,VÄSTERÅS IK,1925,9,0,
1229,"ERIKSSON, GUNNAR",Nej,SWE,SVULL,1903-12-10,1970-03-06,IK SLEIPNER,1926-1927,11,1,
1230,"ERIKSSON, GUNNAR",Nej,SWE,,1901-03-06,1971-10-25,AIK,1925,3,0,
2479,"ERIKSSON, GÖSTA",Nej,SWE,,1920-10-24,2013-02-03,IK BRAGE,1940-1944,20,0,
2486,"ERIKSSON, GÖSTA",Nej,SWE,,1922-01-01,1989-10-21,IFK GÖTEBORG,1942,3,0,
2486,"ERIKSSON, GÖSTA",Nej,SWE,,1922-01-01,1989-10-21,GÅRDA BK,1943,11,2,
1781,"ERIKSSON, GÖSTA",Nej,SWE,EINAR,1905-02-06,1989-08-04,ÖRGRYTE IS,1935,2,1,EINAR FR FÄSSBERG
5005,"ERIKSSON, HANS-GUNNAR",Nej,SWE,,1956-01-11,,IFK SUNDSVALL,1979-1980,18,0,
3828,"ERIKSSON, HANS",Ja,SWE,,1933-09-16,1999-04-14,GIF SUNDSVALL,1965,9,0,FR LJUNGAVERK 63
1231,"ERIKSSON, HELMER",Nej,SWE,SKYLOCK  PETER,1905-04-15,1990-05-27,IFK MALMÖ,1925,5,2,
6828,"ERIKSSON, HÅKAN",Ja,SWE,,1972-03-28,,GAIS,2000,1,0,
3147,"ERIKSSON, INGEMAR",Nej,SWE,ÖGAT,1929-05-09,1997-11-21,GAIS,1950-1955,91,0,
1754,"ERIKSSON, ISIDOR",Nej,SWE,ISSE,1909-11-11,1979-01-21,AIK,1936-1938,44,1,
1232,"ERIKSSON, IVAR",Nej,SWE,,1898-10-19,1979-08-27,IK CITY,1926,21,2,
1779,"ERIKSSON, IVAR",Nej,SWE,,1909-12-25,1997-04-12,SANDVIKENS IF,1934-1944,181,0,
5046,"ERIKSSON, JAN",Nej,SWE,,1962-04-27,,AIK,1981-1982,35,0,
5205,"ERIKSSON, JAN",Nej,SWE,FIMPEN,1957-12-02,,IFK NORRKÖPING,1984-1985,20,1,
5281,"ERIKSSON, JAN",Nej,SWE,,1967-08-24,,AIK,1987-1995,80,2,FR IFK SUNDSV
5281,"ERIKSSON, JAN",Nej,SWE,,1967-08-24,,IFK NORRKÖPING,1991-1992,39,3,
5281,"ERIKSSON, JAN",Nej,SWE,,1967-08-24,,HELSINGBORGS IF,1996,23,2,
4492,"ERIKSSON, JAN-ÅKE",Nej,SWE,PYRET,1944-06-12,2022-07-02,GIF SUNDSVALL,1975,1,0,
1233,"ERIKSSON, JOHN",Nej,SWE,,1905-04-30,1974-01-17,IFK MALMÖ,1926,7,0,FR ARLÖV
3135,"ERIKSSON, JOHN",Nej,SWE,JOMPA,1929-03-12,2020-03-24,DJURGÅRDENS IF,1952-1960,120,69,
3811,"ERIKSSON, JONNY",Nej,SWE,,1941-08-06,,DJURGÅRDENS IF,1963,5,1,FR YTTERHOGDAL
5911,"ERIKSSON, JÖRGEN",Nej,SWE,,1973-01-07,,TRELLEBORGS FF,1992-2001,147,0,
3155,"ERIKSSON, KARL",Nej,SWE,,1932-09-11,2023-04-17,HELSINGBORGS IF,1954-1956,36,16,
3129,"ERIKSSON, KARL-ERIK",Nej,SWE,KLÄCKEN,1928-06-30,1996-04-01,AIK,1953,7,0,
3174,"ERIKSSON, KJELL",Nej,SWE,KAPELLET,1928-06-01,1994-05-31,VÄSTERÅS SK,1956,4,0,
3826,"ERIKSSON, KJELL",Nej,SWE,KAPELLET,1941-03-14,,ÖRGRYTE IS,1960-1961,17,9,SKÄRHAMN 69
3826,"ERIKSSON, KJELL",Nej,SWE,KAPELLET,1941-03-14,,GIF SUNDSVALL,1965,21,9,
3134,"ERIKSSON, LARS",Nej,SWE,HOFORS-LASSE,1926-02-06,1994-01-26,DEGERFORS IF,1952-1954,36,17,
3134,"ERIKSSON, LARS",Nej,SWE,HOFORS-LASSE,1926-02-06,1994-01-26,SANDVIKENS IF,1958-1959,20,1,
5031,"ERIKSSON, LARS",Nej,SWE,,1958-07-18,,ÖREBRO SK,1978,15,0,
3150,"ERIKSSON, LARS-ERIK",Nej,SWE,BACKA,1925-03-06,1978-09-04,IFK GÖTEBORG,1950,5,0,FR GÅRDA
5545,"ERIKSSON, LARS",Ja,SWE,LALA,1965-09-21,,HAMMARBY IF,1986-2001,123,0,
5545,"ERIKSSON, LARS",Ja,SWE,LALA,1965-09-21,,IFK NORRKÖPING,1989-1995,178,0,
3809,"ERIKSSON, LEIF",Nej,SWE,BREMER,1938-04-06,2019-03-12,DEGERFORS IF,1963-1964,6,0,FR GULLSPÅNG
3810,"ERIKSSON, LEIF",Nej,SWE,CHAPPE,1942-03-20,,DJURGÅRDENS IF,1960-1966,103,45,
3810,"ERIKSSON, LEIF",Nej,SWE,CHAPPE,1942-03-20,,ÖREBRO SK,1969-1970,43,15,
3166,"ERIKSSON, LENNART",Nej,SWE,JOCKE,1932-06-11,2019-12-04,IFK NORRKÖPING,1956-1960,44,12,
3824,"ERIKSSON, LENNART",Nej,SWE,,1936-08-16,,SANDVIKENS IF,1961,2,0,
5981,"ERIKSSON, MAGNUS",Nej,SWE,,1974-09-18,,IK BRAGE,1993,3,0,EGEN PR
6323,"ERIKSSON, MAGNUS",Nej,SWE,,1973-11-22,,MALMÖ FF,1996,2,0,
7582,"ERIKSSON, MAGNUS",Nej,SWE,,1990-04-08,,ÅTVIDABERGS FF,2012,20,11,
7582,"ERIKSSON, MAGNUS",Nej,SWE,,1990-04-08,,MALMÖ FF,2013-2014,60,16,
7582,"ERIKSSON, MAGNUS",Nej,SWE,,1990-04-08,,DJURGÅRDENS IF,2016-2023,147,29,
6505,"ERIKSSON, MARTIN",Ja,SWE,,1979-04-02,,VÄSTERÅS SK,1997,1,0,
6013,"ERIKSSON, MATTIAS",Nej,SWE,,1974-05-02,,HELSINGBORGS IF,1993-1994,12,1,
5532,"ERIKSSON, MIKAEL",Nej,SWE,,1966-03-26,,IFK NORRKÖPING,1985-1987,6,0,
1030,"ERIKSSON, NILS",Nej,SWE,BAGARN,1909-02-25,1978-04-24,IFK NORRKÖPING,1929-1930,2,0,
1030,"ERIKSSON, NILS",Nej,SWE,BAGARN,1909-02-25,1978-04-24,IK SLEIPNER,1932-1933,16,4,
1767,"ERIKSSON, NILS",Nej,SWE,,1916-03-02,2000-03-13,IFK GÖTEBORG,1938-1949,138,0,
1768,"ERIKSSON, NILS",Nej,SWE,,1918-01-04,1955-04-04,HALLSTAHAMMARS SK,1939,5,0,
1234,"ERIKSSON, NILS",Ja,SWE,TIPPA,1905-05-18,1968-07-04,WESTERMALMS IF,1929,1,0,HAGALUND
2480,"ERIKSSON, OLLE",Nej,SWE,"OLOF ÖLLEMO""MO",1922-04-13,1992-12-07,DEGERFORS IF,1941-1947,17,0,
2483,"ERIKSSON, OLLE",Ja,SWE,OLOF,1918-12-18,2006-01-04,IFK ESKILSTUNA,1943,4,0,
1235,"ERIKSSON, OSCAR",Nej,SWE,,1907-02-21,1998-02-19,IFK ESKILSTUNA,1927-1928,8,3,FR TORSHÄLLA-NYBY IS
3816,"ERIKSSON, PER-ERIK",Nej,SWE,PERRA,1945-09-15,,IFK GÖTEBORG,1965-1968,31,10,
5070,"ERIKSSON, PER-ÅKE",Nej,SWE,,1964-01-24,,IK BRAGE,1983-1984,20,1,
1236,"ERIKSSON, PERRY",Nej,SWE,PERCY,1904-12-17,1963-06-26,IFK MALMÖ,1925-1926,7,0,
5215,"ERIKSSON, PETER",Nej,SWE,,1958-07-12,,IFK SUNDSVALL,1981,20,0,
5423,"ERIKSSON, PETER",Nej,SWE,ERRA,1969-05-18,,IFK GÖTEBORG,1988-2002,174,28,
5423,"ERIKSSON, PETER",Nej,SWE,ERRA,1969-05-18,,BK HÄCKEN,1998-2001,61,13,
5095,"ERIKSSON, PÄR",Nej,SWE,WENGLE,1952-05-20,,GEFLE IF,1983-1984,21,2,
5683,"ERIKSSON, PÄR",Nej,SWE,,1964-07-27,,GAIS,1990-1991,33,2,
1237,"ERIKSSON, RAGNAR",Nej,SWE,,1904-07-15,1978-11-19,IK CITY,1926,7,2,
1764,"ERIKSSON, RICKARD",Nej,SWE,FISKEN,1908-07-09,1937-01-24,GEFLE IF,1934-1935,21,8,
5866,"ERIKSSON, ROBERT",Nej,SWE,BARKENSJÖ,1968-10-25,,DJURGÅRDENS IF,1992,17,3,
7755,"ERIKSSON, ROBIN",Nej,SWE,,1991-01-05,,BK HÄCKEN,2011,1,0,
6008,"ERIKSSON, ROGER",Nej,SWE,,1968-10-29,,HELSINGBORGS IF,1993,3,0,
3130,"ERIKSSON, ROLAND",Nej,SWE,,1929-09-13,1999-03-05,AIK,1953-1955,14,1,
3823,"ERIKSSON, ROLF",Nej,SWE,,1942-03-09,1984-11-27,MALMÖ FF,1961-1965,69,22,
7631,"ERIKSSON, SEBASTIAN",Nej,SWE,,1989-01-31,,IFK GÖTEBORG,2008-2023,250,13,
3169,"ERIKSSON, STEN",Nej,SWE,SNÄCKAN,1920-11-06,2000-03-27,SANDVIKENS AIK,1955,19,2,
3136,"ERIKSSON, STIG",Nej,SWE,NICOLAI,1928-10-02,2022-11-03,DJURGÅRDENS IF,1952,7,3,
3827,"ERIKSSON, STIG",Ja,SWE,,1933-07-30,2008-11-23,GIF SUNDSVALL,1965,13,0,
1238,"ERIKSSON, SVEN",Nej,SWE,"MOTALA""NENNE",1901-12-19,1985-08-05,AIK,1926-1929,18,4,
2499,"ERIKSSON, SVEN",Nej,SWE,,1924-02-24,2014-12-28,SANDVIKENS IF,1944-1954,23,6,EJ 241016
4482,"ERIKSSON, THOMAS",Ja,SWE,,1946-12-22,,ÖRGRYTE IS,1970,17,0,
4482,"ERIKSSON, THOMAS",Ja,SWE,,1946-12-22,,HALMSTADS BK,1972,7,0,
7062,"ERIKSSON, TOBIAS",Nej,SWE,,1985-03-19,,GIF SUNDSVALL,2004-2019,71,10,
7062,"ERIKSSON, TOBIAS",Nej,SWE,,1985-03-19,,KALMAR FF,2009-2018,214,29,
5471,"ERIKSSON, TORBJÖRN",Nej,SWE,,1967-02-07,,HAMMARBY IF,1988,8,0,
2484,"ERIKSSON, TORE",Nej,SWE,,1918-01-23,1992-02-13,GÅRDA BK,1943,3,0,
2484,"ERIKSSON, TORE",Nej,SWE,,1918-01-23,1992-02-13,GAIS,1945,1,0,
4970,"ERIKSSON, ULF",Nej,SWE,,1958-02-21,,HAMMARBY IF,1979-1988,170,54,
5122,"ERIKSSON, ULF",Nej,SWE,UTTA,1957-11-21,,HALMSTADS BK,1983-1984,14,0,
3171,"ERIKSSON, UNO",Nej,SWE,,1936-09-07,,SANDVIKENS IF,1958-1961,64,0,
3803,"ERIKSSON, YNGVE",Nej,SWE,,1948-03-20,,AIK,1967-1968,3,0,
3831,"ERIKSSON, ÅKE",Nej,SWE,,1940-08-03,2001-03-04,ÖREBRO SK,1961-1968,105,28,
9707,"ERIKSSON IBRAGIC, AMER",Nej,SWE,,1994-10-06,,MJÄLLBY AIF,2020,1,0,
5932,"ERIKSSON-OHLSSON, PATRIK",Nej,SWE,"CARO, OHLSSON TID.",1974-08-09,,VÄSTERÅS SK,1997,15,0,
5932,"ERIKSSON-OHLSSON, PATRIK",Nej,SWE,"CARO, OHLSSON TID.",1974-08-09,,DJURGÅRDENS IF,1999-2003,70,2,
5932,"ERIKSSON-OHLSSON, PATRIK",Nej,SWE,"CARO, OHLSSON TID.",1974-08-09,,GIF SUNDSVALL,2003-2005,47,3,
4475,"ERIXON, PER-OLOF",Nej,SWE,LILL-KRYSS,1952-01-23,,DJURGÅRDENS IF,1973-1977,72,1,
4996,"ERIXON, TOMAS",Nej,SWE,"XET""SPRECH",1955-04-16,,IFK NORRKÖPING,1978-1979,26,3,
5078,"ERLANDSEN, ARNE",Nej,NOR,,1959-12-20,,DJURGÅRDENS IF,1981,18,3,
5324,"ERLANDSSON, ANDERS",Nej,SWE,,1963-11-10,,IK BRAGE,1987-1990,65,19,
4488,"ERLANDSSON, INGEMAR",Nej,SWE,,1957-11-16,2022-08-09,MALMÖ FF,1976-1987,229,14,
4483,"ERLANDSSON, JOHNY",Nej,SWE,,1955-09-11,,KALMAR FF,1976-1986,238,61,
1771,"ERLANDSSON, KARL",Nej,SWE,,1912-09-26,1981-05-13,HALMSTADS BK,1935-1936,16,3,
8623,"ERLANDSSON, TIM",Ja,SWE,,1996-12-25,,ATHLETIC FC ESKILSTU,2017,13,0,
9094,"ERLINGMARK, AUGUST",Nej,SWE,,1998-04-22,,IFK GÖTEBORG,2017-2021,117,8,
5606,"ERLINGMARK, MAGNUS",Nej,SWE,,1968-07-08,,ÖREBRO SK,1989-1992,88,10,
5606,"ERLINGMARK, MAGNUS",Nej,SWE,,1968-07-08,,IFK GÖTEBORG,1993-2004,278,43,
3832,"ERNERVIK, LARS",Ja,SWE,,1941-09-05,,ÖREBRO SK,1961-1964,24,0,
5903,"ERNSTSSON, LUDVIG",Nej,SWE,,1972-04-29,,ÖSTERS IF,1992-2003,82,21,
8068,"ERVIK, DANNY",Nej,SWE,,1989-02-24,,ÖRGRYTE IS,2009,11,0,
8068,"ERVIK, DANNY",Nej,SWE,,1989-02-24,,MJÄLLBY AIF,2014,28,0,
5623,"ESBERG, PITER",Nej,SWE,,1964-08-29,,ÖRGRYTE IS,1984-1986,48,8,
5588,"ESKELINEN, KAJ",Nej,SWE,,1969-02-21,,VÄSTRA FRÖLUNDA IF,1987-1989,46,14,
5588,"ESKELINEN, KAJ",Nej,SWE,,1969-02-21,,IFK GÖTEBORG,1990-1992,61,14,
5588,"ESKELINEN, KAJ",Nej,SWE,,1969-02-21,,DJURGÅRDENS IF,1995-1996,50,12,
5588,"ESKELINEN, KAJ",Nej,SWE,,1969-02-21,,HAMMARBY IF,1998-2000,69,18,
8625,"ESKELINEN, WILLIAM",Ja,SWE,,1996-09-03,,GIF SUNDSVALL,2017-2019,48,0,
1239,"ESKILSSON, ERIC",Nej,SWE,SKOTTEN,1907-01-31,1990-09-07,HELSINGBORGS IF,1926-1928,15,2,
5533,"ESKILSSON, HANS",Nej,SWE,,1966-01-23,,IFK NORRKÖPING,1985-1987,57,7,
5533,"ESKILSSON, HANS",Nej,SWE,,1966-01-23,,HAMMARBY IF,1988-2000,98,11,
5533,"ESKILSSON, HANS",Nej,SWE,,1966-01-23,,AIK,1991,12,1,
3153,"ESPLING, SVEN",Nej,SWE,"BUDDY""BUTTI",1929-03-29,2007-10-27,HELSINGBORGS IF,1950-1963,230,13,
6094,"ESPMARK, FREDRIK",Nej,SWE,,1970-01-29,,AIK,1994-1995,37,0,
1761,"ESSMAN, BENGT",Nej,SWE,,1913-09-24,1990-12-09,IFK ESKILSTUNA,1934-1943,56,1,
7906,"ETÉUS, MATHIAS",Nej,SWE,,1990-06-07,,IFK GÖTEBORG,2008-2009,2,0,
8366,"ETIE, OBIE",Nej,NIG,,1987-01-19,,SYRIANSKA FC,2011,9,0,
8929,"ETUHU, DICKSON",Nej,NIG,,1982-06-08,,AIK,2015-2016,23,2,
8268,"ETUWE, PRINCE",Nej,NIG,,1986-06-01,,ÅTVIDABERGS FF,2010,17,3,PR.EBOAGWU ETUWE
5658,"EUROPAEUS, JARI",Nej,FIN,,1962-12-29,,GEFLE IF,1984,10,0,
5658,"EUROPAEUS, JARI",Nej,FIN,,1962-12-29,,ÖSTERS IF,1987-1988,42,0,
3141,"EVALDSSON, OLA",Nej,SWE,,1931-01-13,2021-03-15,IF ELFSBORG,1952-1954,38,6,EJ 311201
3141,"EVALDSSON, OLA",Nej,SWE,,1931-01-13,2021-03-15,NORRBY IF,1956,21,6,
3142,"EVALDSSON, ÅKE",Nej,SWE,,1932-07-14,2014-10-13,IF ELFSBORG,1954,1,0,
4478,"EVANDER, BO",Ja,SWE,,1948-02-04,,GAIS,1972,1,0,
4495,"EVESSON, TOMMY",Nej,SWE,PENSELN,1953-03-01,,ÖSTERS IF,1975-1983,200,52,
7409,FABIO AUGUSTO,Nej,BRA,F.A. DE CASTRO CARVALHO,1972-05-06,,KALMAR FF,2004-2007,50,8,
8522,"FADI, BENJAMIN",Nej,GHA,,1995-03-16,,MALMÖ FF,2013,2,0,
3851,"FAGERBERG, ROLF",Nej,SWE,,1942-04-10,,JÖNKÖPINGS SÖDRA IF,1960,3,0,
3193,"FAGERBERG, UNO",Nej,SWE,,1932-06-13,1971-11-18,JÖNKÖPINGS SÖDRA IF,1951-1954,37,7,
1240,"FAGERBLOM, GÖSTA",Nej,SWE,,1900-02-16,1974-05-12,IF ELFSBORG,1927,20,1,
1241,"FAGERBLOM, NILS",Nej,SWE,,1902-11-08,1978-03-31,IF ELFSBORG,1927,7,1,
7202,"FAGERCRANTZ, KRISTOFFER",Nej,SWE,,1986-10-09,,HALMSTADS BK,2005-2015,65,2,
7202,"FAGERCRANTZ, KRISTOFFER",Nej,SWE,,1986-10-09,,KALMAR FF,2011-2012,33,3,
3187,"FAGERMAN, BERT",Nej,SWE,,1932-02-20,2021-12-02,IFK GÖTEBORG,1950-1954,13,3,
3187,"FAGERMAN, BERT",Nej,SWE,,1932-02-20,2021-12-02,ÅTVIDABERGS FF,1952,11,3,
4505,"FAGERMAN, KENNETH",Nej,SWE,,1958-05-13,2021-07-19,ÖRGRYTE IS,1976,1,0,
3844,"FAGERSTRÖM, SUNE",Nej,SWE,,1942-10-05,,HAMMARBY IF,1967,10,0,FR AVESTA AIK
7431,"FAHKRO, YOUSEF",Nej,SWE,,1983-05-03,,TRELLEBORGS FF,2004-2010,65,1,
1785,"FAHLBERG, EVERT",Nej,SWE,,1906-11-30,1953-07-16,IFK ESKILSTUNA,1935,5,0,
5609,"FAHLÉN, MIKAEL",Nej,SWE,,1967-07-23,,ÖREBRO SK,1989-1994,50,13,
5703,"FAHLSTRÖM, PER",Ja,SWE,,1967-12-27,,HAMMARBY IF,1990-1998,89,0,
9233,"FAIQI, SHERKO",Nej,SWE,,1999-07-18,,IK SIRIUS,2017-2019,8,0,
3840,"FALK, BO",Nej,SWE,,1942-10-12,,IF ELFSBORG,1966-1971,103,23,
2508,"FALK, BROR",Nej,SWE,,1921-12-29,2003-08-08,IFK ESKILSTUNA,1943,2,0,
7103,"FALK-OLANDER, MARCUS",Nej,SWE,,1987-05-21,,IF ELFSBORG,2005-2006,2,0,
7103,"FALK-OLANDER, MARCUS",Nej,SWE,,1987-05-21,,TRELLEBORGS FF,2009,3,0,
7103,"FALK-OLANDER, MARCUS",Nej,SWE,,1987-05-21,,IFK NORRKÖPING,2011-2017,93,4,
8480,"FALKEBORN, MARTIN",Nej,SWE,,1993-01-08,,IF BROMMAPOJKARNA,2013-2014,20,0,
2506,"FALKMAR, GÖSTA",Nej,SWE,,1921-10-18,2006-08-17,IF ELFSBORG,1946,1,0,
2506,"FALKMAR, GÖSTA",Nej,SWE,,1921-10-18,2006-08-17,BILLINGSFORS IK,1947,19,2,
2506,"FALKMAR, GÖSTA",Nej,SWE,,1921-10-18,2006-08-17,DEGERFORS IF,1948-1950,41,7,
9426,"FALKMAR, JOHAN",Nej,SWE,,1991-11-10,,IF BROMMAPOJKARNA,2018,13,0,
3178,"FALKMER, LARS",Nej,SWE,,1933-09-12,,AIK,1956-1958,28,0,
9347,"FALLENIUS, OSKAR",Nej,SWE,,2001-11-01,,DJURGÅRDENS IF,2023,26,2,
7612,"FALTSETAS, ALEXANDER",Nej,SWE,,1987-07-04,,IFK GÖTEBORG,2010-2011,20,0,
7612,"FALTSETAS, ALEXANDER",Nej,SWE,,1987-07-04,,GEFLE IF,2012-2013,56,6,
7612,"FALTSETAS, ALEXANDER",Nej,SWE,,1987-07-04,,DJURGÅRDENS IF,2014-2016,76,3,
7612,"FALTSETAS, ALEXANDER",Nej,SWE,,1987-07-04,,BK HÄCKEN,2017-2022,112,6,
7612,"FALTSETAS, ALEXANDER",Nej,SWE,,1987-07-04,,HELSINGBORGS IF,2022,13,0,
8626,"FAOUR, ZACKARIAS",Nej,SWE,,1998-01-30,,IK SIRIUS,2017,1,1,
9699,"FARAH SHAHIN, LEONARDO",Nej,SWE,,2003-08-10,,BK HÄCKEN,2020,1,0,
9946,"FARAJ, OMAR",Nej,SWE,,2002-03-09,,DEGERFORS IF,2022,16,4,
9946,"FARAJ, OMAR",Nej,SWE,,2002-03-09,,AIK,2023,24,3,
6797,"FARNERUD, ALEXANDER",Nej,SWE,,1984-05-01,,LANDSKRONA BoIS,2002-2003,51,13,
6797,"FARNERUD, ALEXANDER",Nej,SWE,,1984-05-01,,BK HÄCKEN,2016-2017,24,5,
6797,"FARNERUD, ALEXANDER",Nej,SWE,,1984-05-01,,HELSINGBORGS IF,2019,19,2,
6797,"FARNERUD, ALEXANDER",Nej,SWE,,1984-05-01,,IFK GÖTEBORG,2020,21,4,
6391,"FARNERUD, PONTUS",Nej,SWE,,1980-06-04,,IFK GÖTEBORG,2012-2013,49,5,
6029,"FASHANU, JUSTIN",Nej,ENG,,1961-02-19,1998-05-02,TRELLEBORGS FF,1993,1,0,"EG JUSTINUS,SJÄLVMORD"
5487,"FEDEL, JONNIE",Ja,ITA,,1966-11-22,,MALMÖ FF,1984-2001,268,0,SV MEDB 86
6386,"FEGLER, CHRISTIAN",Ja,SWE,,1980-01-29,,TRELLEBORGS FF,2007,11,0,
9466,"FEGROUCH, KARIM",Ja,MAR,,1982-02-14,,IK SIRIUS,2018,11,0,
7557,"FEJZULLAHU, ERTON",Nej,SWE,,1988-04-09,,MJÄLLBY AIF,2011-2012,21,6,
7557,"FEJZULLAHU, ERTON",Nej,SWE,,1988-04-09,,DJURGÅRDENS IF,2012-2014,53,23,
7557,"FEJZULLAHU, ERTON",Nej,SWE,,1988-04-09,,KALMAR FF,2017-2018,32,4,
3842,"FELDT, REINE",Nej,SWE,,1945-09-29,1986-12-06,IFK GÖTEBORG,1965-1970,107,1,
8367,"FELIC, DINKO",Nej,NOR,,1983-11-10,,SYRIANSKA FC,2011-2013,82,15,
7361,"FENDRICH, FREDRIC",Nej,SWE,,1988-01-27,,JÖNKÖPINGS SÖDRA IF,2016-2017,52,1,
9204,"FENGER, MADS",Nej,DAN,,1990-09-10,,HAMMARBY IF,2017-2023,158,6,
5368,"FERETTI, MATS",Nej,SWE,,1966-05-12,,IF ELFSBORG,1986-1987,4,0,
8554,"FERIZI, BEHAR",Nej,SWE,,1993-01-23,,ÖSTERS IF,2013,3,0,
5862,"FERM, PER",Nej,SWE,,1967-02-11,,DJURGÅRDENS IF,1991-1992,37,6,
1789,"FERM, STEN",Nej,SWE,,1908-01-24,1976-06-24,STATTENA IF,1930,12,3,"FR DROTT, SAMMA NILS STEN"
1789,"FERM, STEN",Nej,SWE,,1908-01-24,1976-06-24,IS HALMIA,1933-1934,37,11,
5382,"FERNANDEZ, GERARDO",Nej,SWE,LALLO,1960-06-06,,GAIS,1988-1989,17,0,
8020,"FERNANDEZ, TOMAS",Nej,SWE,,1990-06-08,,GEFLE IF,2009,1,0,
8243,"FERNANDEZ, YAGO",Nej,POR,,1988-01-05,,MALMÖ FF,2010-2011,23,4,
5325,"FERNER, MATS",Nej,SWE,,1966-08-30,,IK BRAGE,1987-1993,25,1,
3849,"FERNQVIST, JAN-ERIK",Nej,SWE,,1944-10-10,,HELSINGBORGS IF,1966,1,0,
5059,"FERNSTRÖM, ANDERS",Nej,SWE,,1955-11-12,,IK BRAGE,1980-1984,72,2,
8811,"FERREYRA, GABRIEL",Nej,ARG,,1994-02-03,,AIK,2014,2,0,
7733,"FIGUEIREDO, PAULO",Nej,POR/ANG,,1972-11-28,,ÖSTERS IF,2006,13,1,
7672,"FIGUEIREDO, WILTON",Nej,BRA,BATATA,1982-03-17,,AIK,2006-2007,44,17,W.AGUIAR FIGUEIREDO
7672,"FIGUEIREDO, WILTON",Nej,BRA,BATATA,1982-03-17,,MALMÖ FF,2009-2012,97,19,
7894,"FIGUEROA, ERIK",Nej,SWE,,1991-01-04,,IF BROMMAPOJKARNA,2018,26,1,
7894,"FIGUEROA, ERIK",Nej,SWE,,1991-01-04,,HELSINGBORGS IF,2020,10,0,
9904,"FILIPOVIC, JOSIP",Nej,KRO,,1996-05-08,,MJÄLLBY AIF,2021-2022,4,0,
3195,"FILIPPINI, RAMON",Nej,SWE,,1928-11-17,2008-06-22,MALMÖ FF,1951,12,3,
4501,"FINGAL, HANS-GÖRAN",Nej,SWE,,1947-02-27,,IF SAAB,1973,25,0,BK KENTY
8420,"FINNBOGASON, ALFRED",Nej,ISL,,1989-02-01,,HELSINGBORGS IF,2012,17,12,
9427,"FINNBOGASON, KRISTJAN",Nej,ISL,,1995-01-12,,IF BROMMAPOJKARNA,2018,12,2,
8885,"FINNDELL, HAMPUS",Nej,SWE,,2000-06-06,,DJURGÅRDENS IF,2019-2023,80,13,
3182,"FINNHAMMAR, BO",Nej,SWE,,1933-06-05,2013-04-01,ÖREBRO SK,1952,8,4,
3182,"FINNHAMMAR, BO",Nej,SWE,,1933-06-05,2013-04-01,DJURGÅRDENS IF,1954-1958,18,10,
2520,"FINSTRÖM, GÖTE",Nej,SWE,,1916-06-17,1988-04-27,ÖRGRYTE IS,1940,3,1,"FD GFF, LANDALA"
7424,"FISCHBEIN, ERIK",Nej,SWE,,1976-03-11,,TRELLEBORGS FF,2004,25,2,
7424,"FISCHBEIN, ERIK",Nej,SWE,,1976-03-11,,HAMMARBY IF,2005-2006,26,1,
5349,"FJELLSTRÖM, JENS",Nej,SWE,,1966-10-27,,DJURGÅRDENS IF,1988-1992,109,20,
5349,"FJELLSTRÖM, JENS",Nej,SWE,,1966-10-27,,MALMÖ FF,1993-1996,98,19,
8454,"FJOLUSON, JON GUDNI",Nej,ISL,,1989-04-10,,GIF SUNDSVALL,2012-2015,35,1,
8454,"FJOLUSON, JON GUDNI",Nej,ISL,,1989-04-10,,IFK NORRKÖPING,2016-2018,59,3,
8454,"FJOLUSON, JON GUDNI",Nej,ISL,,1989-04-10,,HAMMARBY IF,2021,21,1,
3863,"FJORDESTAM, LARS-GÖRAN",Nej,SWE,ÄLGEN,1944-05-23,,ÖSTERS IF,1968-1975,72,13,
3846,"FJÄLLBY, CLAES-OWE",Nej,SWE,,1948-05-23,,HAMMARBY IF,1967,5,0,"EJ LARS-OVE FALLBY,ISH 63"
7291,"FJÖRTOFT, KARL-OSKAR",Nej,NOR,KAOS,1975-07-26,,HAMMARBY IF,2003-2004,42,4,
2234,"FLAVIO, ANTONIO",Nej,BRA,,1987-01-05,,AIK,2009-2010,39,7,
1791,"FLINK, ERIK",Nej,SWE,,1908-05-07,1986-12-05,IS HALMIA,1934,4,1,
3843,"FLINK, INGVAR",Nej,SWE,,1946-04-03,,IS HALMIA,1963,3,1,
3843,"FLINK, INGVAR",Nej,SWE,,1946-04-03,,IF SAAB,1973,25,1,
3843,"FLINK, INGVAR",Nej,SWE,,1946-04-03,,HALMSTADS BK,1975-1976,29,1,
2510,"FLINK, LENNART",Nej,SWE,,1927-08-31,2006-06-11,IFK GÖTEBORG,1949-1950,11,0,FR HÄCKEN
3850,"FLINK, YNGVE",Nej,SWE,,1936-07-17,,JÖNKÖPINGS SÖDRA IF,1960-1969,22,2,FR ÖDESHÖG
3201,"FLINT, FOLKE",Nej,SWE,,1935-09-18,,VÄSTERÅS SK,1957,1,0,EJ ROLAND FLINK
1242,"FLINTBERG, GERDT",Nej,SWE,,1908-06-16,1956-02-03,IFK MALMÖ,1929-1931,4,0,
1243,"FLINTBERG, TORSTEN",Ja,SWE,,1905-02-09,1972-07-12,IFK MALMÖ,1926,2,0,
1031,"FLISBERG, BENGT",Nej,SWE,BECKA,1907-12-01,1983-09-03,IK SLEIPNER,1926-1931,89,35,
1031,"FLISBERG, BENGT",Nej,SWE,BECKA,1907-12-01,1983-09-03,IFK NORRKÖPING,1936,17,4,
1244,"FLISBERG, SÖLVE",Nej,SWE,,1904-05-27,1990-09-26,IFK NORRKÖPING,1925-1927,41,13,
1245,"FLODIN, GÖSTA",Nej,SWE,,1903-01-17,1977-06-17,IFK ESKILSTUNA,1925,1,0,
1793,"FLODIN, LARS",Nej,SWE,,1912-03-17,1989-10-26,HELSINGBORGS IF,1934-1940,59,1,
6733,"FLODSTRÖM, MATTIAS",Nej,SWE,,1972-04-26,,IFK NORRKÖPING,1999-2002,79,23,
8274,"FLOOD, ANTHONY",Nej,IRL,"ANTO""BISTO",1984-12-31,,ÖREBRO SK,2010,3,0,
7584,"FLORÉN, JESPER",Nej,SWE,,1990-09-11,,IF ELFSBORG,2008-2009,4,0,
7584,"FLORÉN, JESPER",Nej,SWE,,1990-09-11,,GAIS,2010-2012,54,1,
7584,"FLORÉN, JESPER",Nej,SWE,,1990-09-11,,GEFLE IF,2014-2016,80,0,
6380,"FLORÉN, MATHIAS",Nej,SWE,,1976-08-11,,IFK NORRKÖPING,1997-2013,202,4,
6380,"FLORÉN, MATHIAS",Nej,SWE,,1976-08-11,,IF ELFSBORG,2007-2010,93,4,
3838,"FLYGAR, KARL-AXEL",Nej,SWE,,1941-05-10,,DJURGÅRDENS IF,1960,2,0,
6536,"FLYGARE, TONY",Nej,SWE,,1981-01-06,,MALMÖ FF,1999,7,0,
9729,"FOFANA, ADAMA",Nej,ELF,,1999-10-11,,VARBERGS BOIS,2020-2021,42,1,
8374,"FOFANA, MAMADOU",Nej,SLE,,1988-10-06,,SYRIANSKA FC,2011,2,0,EJ 880107
7014,"FOGACA, BRUNO",Nej,BRA,,1981-11-11,,IF ELFSBORG,2001,10,2,BRUNO FRANCA FOGACA
1246,"FOGELBERG, FRANS",Nej,SWE,,1905-05-10,1970-09-09,HELSINGBORGS IF,1927,1,0,DROTT 1928
5378,"FOLLIN, TOMMY",Nej,SWE,,1965-02-11,,IF ELFSBORG,1987,6,0,
3191,"FOLLRUD, BERTIL",Nej,SWE,,1921-11-23,2004-08-23,HELSINGBORGS IF,1951-1952,3,0,
8003,"FONTÉR, TED",Nej,SWE,,1988-06-06,,IF BROMMAPOJKARNA,2009,1,0,
1790,"FORSBERG, AGNE",Nej,SWE,,1911-11-18,1952-01-06,IS HALMIA,1934,5,0,
5286,"FORSBERG, ANDERS",Ja,SWE,,1959-08-31,,HAMMARBY IF,1982-1984,46,0,
5286,"FORSBERG, ANDERS",Ja,SWE,,1959-08-31,,AIK,1988,11,0,
1247,"FORSBERG, ARVID",Nej,SWE,,1908-03-16,1990-08-26,IFK UDDEVALLA,1927,1,0,
2513,"FORSBERG, BERTIL",Nej,SWE,,1925-05-21,2020-10-18,HALMSTADS BK,1945-1946,14,1,
4500,"FORSBERG, BÖRJE",Nej,SWE,,1956-09-26,,HAMMARBY IF,1974-1978,29,4,
4913,"FORSBERG, CLAES-GÖRAN",Nej,SWE,,1953-06-04,1999-08-02,AIK,1978-1979,4,0,
8083,"FORSBERG, EMIL",Nej,SWE,,1991-10-23,,GIF SUNDSVALL,2012,21,6,
8083,"FORSBERG, EMIL",Nej,SWE,,1991-10-23,,MALMÖ FF,2013-2014,57,19,
1788,"FORSBERG, GUNNAR",Nej,SWE,,1911-03-17,1992-01-25,IFK GÖTEBORG,1935-1938,41,19,FR JONSERED
3188,"FORSBERG, GÖRAN",Nej,SWE,,1935-12-04,,HALMSTADS BK,1958-1959,28,2,
3855,"FORSBERG, HÅKAN",Nej,SWE,,1948-02-19,,IFK NORRKÖPING,1969,3,0,
3841,"FORSBERG, KENNETH",Nej,SWE,,1943-04-17,2023-01-07,IF ELFSBORG,1965,1,0,"FR NYKÖP AIK, NBIS 70"
4504,"FORSBERG, KENNETH",Ja,SWE,,1943-12-13,,ÖRGRYTE IS,1970-1971,21,0,IK KONGAHÄLLA
3184,"FORSBERG, LEIF",Nej,SWE,,1932-10-06,2008-05-27,GAIS,1953-1966,141,19,HÄCKEN -51
3189,"FORSBERG, LEIF",Nej,SWE,,1932-04-22,2008-06-23,HAMMARBY IF,1957-1961,4,0,
5422,"FORSBERG, LEIF",Nej,SWE,LILL-FOPPA,1963-04-15,,GIF SUNDSVALL,1987-2001,65,14,
5422,"FORSBERG, LEIF",Nej,SWE,LILL-FOPPA,1963-04-15,,IFK GÖTEBORG,1988-1989,26,2,
3180,"FORSBERG, LENNART",Nej,SWE,FOPPA,1928-03-28,2020-09-06,DJURGÅRDENS IF,1951-1954,28,14,
3181,"FORSBERG, OLA",Nej,SWE,OLAV,1930-12-07,2018-01-17,DJURGÅRDENS IF,1956-1958,38,0,"FR NYLAND, TÄBY IS"
1248,"FORSBERG, PER",Nej,SWE,RÖVARN,1900-08-04,1968-02-14,IK SLEIPNER,1925,3,0,
1248,"FORSBERG, PER",Nej,SWE,RÖVARN,1900-08-04,1968-02-14,IFK NORRKÖPING,1928,3,0,
2509,"FORSBERG, SVEN",Nej,SWE,,1918-04-08,1973-06-02,IFK ESKILSTUNA,1943,1,0,
7517,"FORSELL, DANIEL",Nej,SWE,,1982-01-04,,BK HÄCKEN,2005-2012,88,0,
9245,"FORSELL, PETTERI",Nej,FIN,,1990-10-16,,ÖREBRO SK,2017,8,0,
5462,"FORSÉN, FREDRIK",Nej,SWE,,1965-03-29,,HAMMARBY IF,1986-1988,8,0,
3202,"FORSÉN, GUNNAR",Nej,SWE,,1926-01-03,2008-01-24,ÅTVIDABERGS FF,1952,16,3,
3853,"FORSLAND, FREDDIE",Ja,SWE,,1947-09-23,,MALMÖ FF,1969-1973,36,0,
1250,"FORSLUND, EVERT",Nej,SWE,,1902-01-31,1976-01-11,IFK ESKILSTUNA,1927,1,1,T ÅTVIDABERG 1928
3859,"FORSLUND, LARS-GÖRAN",Ja,SWE,,1941-11-30,,ÖRGRYTE IS,1968,6,0,
5421,"FORTES, JOSÉ",Nej,SWE,,1968-03-20,,IFK GÖTEBORG,1988,1,0,
5421,"FORTES, JOSÉ",Nej,SWE,,1968-03-20,,VÄSTRA FRÖLUNDA IF,1988,3,0,
2519,"FOUCHENETTE, LEIF",Nej,SWE,,1932-01-31,2012-06-06,ÖREBRO SK,1949-1953,23,5,
9177,"FOX, ANDREW",Nej,ENG,,1993-01-15,,ATHLETIC FC ESKILSTU,2017,13,0,
9047,FRAN,Ja,SPA,FRANCISCO MARMOLEJO MA.,1988-01-19,,JÖNKÖPINGS SÖDRA IF,2016-2017,5,0,
2514,"FRANCK, CARL JOHAN",Nej,SWE,,1922-02-21,2014-10-21,HELSINGBORGS IF,1948-1951,50,31,
1251,"FRANK, GUNNAR",Nej,SWE,,1904-09-03,1967-07-22,STATTENA IF,1928,1,1,DROTT 1928
3183,"FRANK, INGVAR",Nej,SWE,MYRAN,1932-03-04,2016-06-17,DJURGÅRDENS IF,1958,1,0,FR ENEBYBERG
3204,"FRANKSSON, SIVE",Nej,SWE,,1931-09-10,1994-10-11,ÅTVIDABERGS FF,1952,4,0,"FD LARSSON,FR HUDDINGE"
8532,"FRANSSON, ALEXANDER",Nej,SWE,,1994-04-02,,IFK NORRKÖPING,2013-2021,174,16,
3200,"FRANSSON, ARNE",Nej,SWE,NAPPE,1932-01-03,2011-06-05,MOTALA AIF,1958,19,3,FR TORD
1786,"FRANSSON, ARVID",Nej,SWE,AVVE,1913-09-07,1999-05-04,IFK ESKILSTUNA,1934,17,6,EV ARNE-AIS
3860,"FRANSSON, GÖRAN",Nej,SWE,,1950-06-13,,ÖRGRYTE IS,1968-1970,2,0,
3862,"FRANSSON, JAN",Nej,SWE,TARZAN,1941-08-31,2022-01-21,ÖSTERS IF,1968-1969,22,0,
3861,"FRANSSON, LEIF",Nej,SWE,BODA,1943-08-26,,ÖSTERS IF,1968-1974,109,13,
5465,"FRANSSON, MARK",Nej,SWE,,1960-07-18,,HAMMARBY IF,1986,4,0,
6046,"FRANSSON, MIKAEL",Nej,SWE,ELLING,1969-05-20,,ÖSTERS IF,1993,9,0,
6360,"FRANSSON, PEDER",Nej,SWE,,1973-08-03,,UMEÅ FC,1996,14,0,
4499,"FRANSSON, ROGER",Nej,SWE,,1948-08-26,,HAMMARBY IF,1972-1975,74,19,FR NYNÄSHAMN
4498,"FRANSSON, ROLAND",Nej,SWE,,1945-10-25,,HALMSTADS BK,1972-1975,70,7,
3839,"FRANSSON, ROLF",Nej,SWE,,1942-10-30,2016-10-20,DJURGÅRDENS IF,1966-1967,17,0,
5208,"FRANSSON, TOMAS",Nej,SWE,,1963-10-04,,IFK NORRKÖPING,1985,20,0,
3179,"FRANSSON, ÅKE",Nej,SWE,FRASSE,1928-10-24,2018-08-07,AIK,1950-1951,21,4,
5203,"FRANTZ, TONY",Nej,SWE,,1965-06-08,,MJÄLLBY AIF,1985,11,1,
3856,"FRANZÉN, BJÖRN",Nej,SWE,,1942-10-05,,IFK NORRKÖPING,1968-1969,14,0,
3858,"FRANZÉN, HÅKAN",Ja,SWE,,1947-04-09,,ÅTVIDABERGS FF,1968,1,0,
3857,"FRANZÉN, LEIF",Nej,SWE,KAGGEN,1945-09-02,,ÅTVIDABERGS FF,1969-1975,106,15,
8369,"FREALDSSON, CHRISTIAN",Ja,SWE,,1980-03-27,,SYRIANSKA FC,2011,7,0,
1784,"FREDBERG, ARNE",Nej,SWE,,1906-10-19,1978-05-02,DJURGÅRDENS IF,1937,16,0,BR HENRY
2248,"FREDENLUND, FOLKE",Nej,SWE,KNOPP,1904-12-08,1965-08-26,IF ELFSBORG,1929-1932,50,4,FD YMER
5525,"FREDHEIM, TOR-ARNE",Nej,SWE,DARRE,1962-11-05,,IFK NORRKÖPING,1984-1992,128,16,
6254,"FREDHOLM, PATRIK",Nej,SWE,,1978-05-10,,AIK,1996-1998,46,7,
6254,"FREDHOLM, PATRIK",Nej,SWE,,1978-05-10,,ÖRGRYTE IS,2001-2003,45,8,
1252,"FREDLUND, GÖSTA",Nej,SWE,GUSTAV,1902-03-14,1969-07-23,HAMMARBY IF,1925,19,0,EJ 020313AIS
1252,"FREDLUND, GÖSTA",Nej,SWE,GUSTAV,1902-03-14,1969-07-23,IFK ESKILSTUNA,1926-1927,9,0,
6439,"FREDRIKSSON, BENNY",Nej,SWE,,1975-04-09,,DEGERFORS IF,1997,1,0,
4497,"FREDRIKSSON, EINE",Nej,SWE,,1950-03-05,,GAIS,1970-1975,101,18,
4497,"FREDRIKSSON, EINE",Nej,SWE,,1950-03-05,,IFK NORRKÖPING,1977-1982,142,14,
1253,"FREDRIKSSON, ERLING",Ja,SWE,,1906-10-11,1984-02-26,GAIS,1926-1930,4,0,
3186,"FREDRIKSSON, FOLKE",Nej,SWE,,1927-06-10,2000-08-13,GAIS,1954-1958,39,0,
1254,"FREDRIKSSON, FRITIOF",Ja,SWE,,1903-02-13,1998-06-11,DJURGÅRDENS IF,1928,8,0,FR MARIEBERG
3203,"FREDRIKSSON, GÖSTA",Nej,SWE,,1931-01-16,,ÅTVIDABERGS FF,1952,13,0,
1783,"FREDRIKSSON, HELGE",Nej,SWE,TJUSARN,1907-05-19,1989-04-02,AIK,1933-1934,9,5,
5899,"FREDRIKSSON, KENNETH",Nej,SWE,,1973-08-30,,ÖREBRO SK,1992,2,0,
5899,"FREDRIKSSON, KENNETH",Nej,SWE,,1973-08-30,,IK BRAGE,1993,4,1,
1255,"FREDRIKSSON, MARTIN",Ja,SWE,,1905-09-15,1983-06-14,WESTERMALMS IF,1929,7,0,"MKL IF NORDEN,FR SUNDBYB."
6824,"FREDRIKSSON, NICLAS",Nej,SWE,,1973-08-24,,GAIS,2000,12,2,
6824,"FREDRIKSSON, NICLAS",Nej,SWE,,1973-08-24,,IFK NORRKÖPING,2002,9,0,
1256,"FREDRIKSSON, NILS",Nej,SWE,MASEN,1905-12-18,1985-08-04,IFK UDDEVALLA,1927,3,0,
3847,"FREDRIKSSON, PERRY",Nej,SWE,MASON,1946-07-01,,IFK HOLMSUND,1967,19,0,SEN GEFLE
5007,"FREDRIKSSON, STIG",Nej,SWE,,1956-03-06,,VÄSTERÅS SK,1978,26,2,
5007,"FREDRIKSSON, STIG",Nej,SWE,,1956-03-06,,IFK GÖTEBORG,1981-1987,151,12,
2516,"FREDRIKSSON, ÅKE",Nej,SWE,PILLA,1929-01-19,2018-07-28,LANDSKRONA BoIS,1949,2,0,
7012,"FREJD, EDIER",Nej,SWE,,1979-12-16,,IF ELFSBORG,2001-2002,2,0,
7012,"FREJD, EDIER",Nej,SWE,,1979-12-16,,GAIS,2006,13,0,
5435,"FREJDH, TOMMY",Nej,SWE,,1958-07-06,,HALMSTADS BK,1982-1990,157,20,2022 THAILAND
2507,"FREMBERG, GUSTAV ADOLF",Ja,SWE,,1918-12-24,2002-10-15,IFK ESKILSTUNA,1943,18,0,
7385,"FREMPONG, JAMES",Nej,SWE,,1989-01-11,,ÖREBRO SK,2007,5,0,
7385,"FREMPONG, JAMES",Nej,SWE,,1989-01-11,,GEFLE IF,2010-2011,31,0,
7385,"FREMPONG, JAMES",Nej,SWE,,1989-01-11,,IFK NORRKÖPING,2011-2014,37,2,
5843,"FRIBERG, ANDERS",Nej,SWE,,1975-08-06,,TRELLEBORGS FF,1995-1999,99,4,
5843,"FRIBERG, ANDERS",Nej,SWE,,1975-08-06,,LANDSKRONA BoIS,2002-2005,85,0,
3848,"FRIBERG, ARNE",Nej,SWE,,1941-04-04,,HELSINGBORGS IF,1966-1968,58,24,
3194,"FRIBERG, BERTIL",Nej,SWE,,1925-11-17,1998-09-02,KALMAR FF,1951,2,0,
3852,"FRIBERG, BJÖRN",Nej,SWE,NALLE,1948-11-17,,MALMÖ FF,1967-1973,64,4,
8046,"FRIBERG, ERIK",Nej,SWE,,1986-02-10,,BK HÄCKEN,2009-2022,193,8,
8046,"FRIBERG, ERIK",Nej,SWE,,1986-02-10,,MALMÖ FF,2012-2013,51,6,
2517,"FRIBERG, GÖSTA",Nej,SWE,,1914-01-17,1967-03-09,MALMÖ FF,1940,10,2,EGENTL SVENSSON
3199,"FRIBERG, KJELL",Nej,SWE,,1926-05-04,2015-05-22,IFK MALMÖ,1953-1958,54,0,
2512,"FRIBERG, LEIF",Nej,SWE,,1928-09-03,2005-11-21,IS HALMIA,1947-1950,4,0,FR JUNIORLAGET
4974,"FRIBERG, LEIF",Ja,SWE,FRIPPE,1956-06-06,,KALMAR FF,1978-1986,132,0,
5583,"FRIBERG, PETER",Nej,SWE,,1957-05-04,,BK HÄCKEN,1983,20,0,
5583,"FRIBERG, PETER",Nej,SWE,,1957-05-04,,VÄSTRA FRÖLUNDA IF,1987-1988,33,1,
6181,"FRIBERG, PETER",Nej,SWE,,1978-08-20,,ÖSTERS IF,1997-1998,6,0,
1257,"FRIBERG, SVEN",Nej,SWE,,1895-02-07,1964-05-26,ÖRGRYTE IS,1925-1931,98,5,
7687,"FRIBERG DA CRUZ, BOBBIE",Nej,SWE/KAP,,1982-02-16,,GAIS,2006-2008,80,6,
7687,"FRIBERG DA CRUZ, BOBBIE",Nej,SWE/KAP,,1982-02-16,,IFK NORRKÖPING,2011-2013,55,4,
7689,"FRIBERG DA CRUZ, JOHAN",Nej,SWE/KAP,,1986-06-04,,GAIS,2006-2007,5,0,
6802,"FRIBROCK, MARTIN",Nej,SWE,,1984-08-28,,HELSINGBORGS IF,2002-2004,46,0,
6802,"FRIBROCK, MARTIN",Nej,SWE,,1984-08-28,,HALMSTADS BK,2006-2008,55,6,
7804,"FRICK, PER",Nej,SWE,,1992-04-14,,IF ELFSBORG,2012-2023,229,53,
9932,"FRIDAY, RICHARD",Nej,NIG,,2000-02-16,,ÖREBRO SK,2021,9,0,
2515,"FRIDÉN, OLOF",Nej,SWE,,1920-04-27,2002-06-15,JÖNKÖPINGS SÖDRA IF,1946-1951,64,1,
8403,"FRIDGEIRSSON, SKULI JON",Nej,ISL,,1988-07-30,,IF ELFSBORG,2012,5,0,
8403,"FRIDGEIRSSON, SKULI JON",Nej,ISL,,1988-07-30,,GEFLE IF,2014,10,1,
5515,"FRIDH, LENNART",Nej,SWE,,1970-05-22,,MALMÖ FF,1989,1,0,
3836,"FRIDLUND, BÖRJE",Ja,SWE,,1940-02-04,,AIK,1960-1964,5,0,
9681,"FRIDOLF, RASMUS",Nej,SWE,,2000-01-18,,FALKENBERGS FF,2020,1,0,
6343,"FRIDOLVSSON, MARCUS",Nej,SWE,,1974-06-01,,IK ODDEVOLD,1996,18,0,
9885,"FRIDRIKSSON, VALGEIR",Nej,ISL,,2001-01-24,,BK HÄCKEN,2021-2023,56,0,
7524,"FRIED, JONAS",Nej,SWE,,1985-03-30,,KALMAR FF,2005-2006,5,0,
9992,"FRIEDRICH, RICARDO",Ja,BRA,,1993-02-18,,KALMAR FF,2022-2023,56,0,
1792,"FRIIS, FOLKE",Ja,SWE,,1912-07-03,1966-06-08,HELSINGBORGS IF,1931-1948,204,0,
3845,"FRIMAN, BO",Nej,SWE,,1934-05-09,2018-07-21,HAMMARBY IF,1961,8,1,
4496,"FRIMAN, KJELL",Nej,SWE,,1951-01-30,2022-07-10,AIK,1971,4,0,
9162,"FRIMPONG, EMMANUEL",Nej,GHA,,1992-01-10,,ATHLETIC FC ESKILSTU,2017,10,0,
2511,"FRISBERG, KNUT",Nej,SWE,,1913-10-02,1983-09-03,IS HALMIA,1944-1945,11,0,KAPTEN
4502,"FRISÉN, ANDERS",Nej,SWE,,1947-04-16,,IF SAAB,1973,15,0,
5651,"FRISK, CHRISTER",Nej,SWE,,1965-09-27,,ÖSTERS IF,1986-1997,133,1,
5677,"FRISK, KJELL",Ja,SWE,,1964-04-27,,DJURGÅRDENS IF,1990-1992,24,0,
3198,"FRITHIOF, BERT-HY",Nej,SWE,,1937-11-13,2014-10-13,IFK MALMÖ,1957,3,1,EJ BERTIL
3197,"FRITIOF, BERTIL-VY",Nej,SWE,,1929-02-04,1998-11-11,MALMÖ FF,1955,2,1,EJ BERT
2249,"FRITZ, BIRGER",Ja,SWE,BIE GRÄNS,1907-06-12,1965-04-04,LANDSKRONA BoIS,1930,13,0,FR IFK LANDSKR 2907
1794,"FRITZ, KNUT",Nej,SWE,KNUDA,1908-03-30,1968-10-12,STATTENA IF,1930,20,0,
1794,"FRITZ, KNUT",Nej,SWE,KNUDA,1908-03-30,1968-10-12,HELSINGBORGS IF,1931-1935,17,0,
8889,"FRITZSON, LUDVIG",Nej,SWE,,1995-08-25,,ÖSTERSUNDS FK,2017-2021,99,7,
8889,"FRITZSON, LUDVIG",Nej,SWE,,1995-08-25,,IF BROMMAPOJKARNA,2023,28,5,
6313,"FROSTVIK, PETER",Ja,SWE,,1972-11-26,,DEGERFORS IF,1996-1997,43,0,
5135,"FRYKMAN, MAGNUS",Nej,SWE,,1963-10-25,,HAMMARBY IF,1985,1,0,
1787,"FRÄNDBERG, JOHN",Nej,SWE,,1911-08-07,1955-05-07,ÖRGRYTE IS,1936,10,0,T LUNDBY 3703
1787,"FRÄNDBERG, JOHN",Nej,SWE,,1911-08-07,1955-05-07,GAIS,1937-1938,20,0,
5413,"FRÖBERG, DAN",Nej,SWE,,1964-08-13,,IFK GÖTEBORG,1987-1988,14,5,
5413,"FRÖBERG, DAN",Nej,SWE,,1964-08-13,,DEGERFORS IF,1993-1994,47,8,
4503,"FRÖBERG, KARL-OLOF",Nej,SWE,,1948-01-14,,IFK SUNDSVALL,1976-1977,25,0,
1258,"FRÖBERG, THURE",Nej,SWE,VALLIS,1903-02-14,1963-04-21,ÖRGRYTE IS,1927-1931,24,1,FR HALLSTAHAMMAR
3196,"FRÖJD, BENGT",Nej,SWE,,1937-02-13,,MALMÖ FF,1957-1963,56,3,
5008,"FRÖJD, PER",Nej,SWE,,1955-10-05,,VÄSTERÅS SK,1978,26,1,
9350,"FRÖLING, NILS",Nej,SWE,,2000-04-20,,KALMAR FF,2018-2021,79,13,
6875,"FRÖLUND, DAVID",Nej,SWE,MAREK TID.,1979-06-04,,ÖRGRYTE IS,2000-2004,103,2,F DOBRZELAK
6875,"FRÖLUND, DAVID",Nej,SWE,MAREK TID.,1979-06-04,,BK HÄCKEN,2005-2015,177,4,
1795,"FUHRE, BJÖRN",Nej,SWE,,1916-10-11,1942-06-12,LANDSKRONA BoIS,1937,2,1,
8957,"FUHRE, LARS",Nej,NOR,,1989-09-29,,HAMMARBY IF,2015,14,0,
9979,"FUMACA, DIEGO",Nej,BRA,,1994-04-02,,HELSINGBORGS IF,2022,10,0,
1259,"FUNKE, EINAR",Nej,SWE,,1905-06-07,1973-12-14,HAMMARBY IF,1925,4,0,EV FUNK
5610,"FURSTH, CHRISTER",Nej,SWE,SIGGE,1970-07-06,,ÖREBRO SK,1989-1994,114,12,
5610,"FURSTH, CHRISTER",Nej,SWE,SIGGE,1970-07-06,,HELSINGBORGS IF,1995-1996,51,7,
5610,"FURSTH, CHRISTER",Nej,SWE,SIGGE,1970-07-06,,HAMMARBY IF,1998-2003,117,6,
3837,"FURUKRANTZ, TORSTEN",Nej,SWE,ORRE,1937-06-21,2019-09-12,DJURGÅRDENS IF,1963-1965,43,0,
3837,"FURUKRANTZ, TORSTEN",Nej,SWE,ORRE,1937-06-21,2019-09-12,IK SIRIUS,1969-1973,45,0,
7405,"FURUSETH-OLSEN, PETTER",Nej,NOR,,1978-08-14,,ÖREBRO SK,2004,16,4,
7405,"FURUSETH-OLSEN, PETTER",Nej,NOR,,1978-08-14,,HAMMARBY IF,2004-2006,57,6,
6928,"FUXBERG, MAX",Nej,SWE,,1985-07-23,,TRELLEBORGS FF,2008-2010,30,1,
6428,"FYHR, PETER",Nej,SWE,,1969-06-27,,IFK NORRKÖPING,1997-1999,44,10,
2518,"FYHRBERG, LENNART",Nej,SWE,"NENNE""PLÄTTA",1921-07-20,1966-11-25,IFK NORRKÖPING,1942,1,0,
5209,"FYHRBERG, MIKAEL",Nej,SWE,,1965-12-22,,IFK NORRKÖPING,1985,2,0,
1261,"FYHRBERG, NILS",Nej,SWE,,1905-08-10,1969-12-24,IFK NORRKÖPING,1929,5,0,
1260,"FYRBERG, HELGE",Nej,SWE,,1902-07-19,1949-08-24,IK SLEIPNER,1925,4,0,EV HARRY OCKSÅ
3185,"FÄHRNSTRÖM, AXEL",Nej,SWE,FALLANDE LÖVET,1925-11-20,2003-07-10,GAIS,1950,3,1,
3185,"FÄHRNSTRÖM, AXEL",Nej,SWE,FALLANDE LÖVET,1925-11-20,2003-07-10,IFK GÖTEBORG,1954-1957,55,12,
8414,"FÄLLMAN, DAVID",Nej,SWE,,1990-02-04,,GEFLE IF,2012-2015,111,1,
8414,"FÄLLMAN, DAVID",Nej,SWE,,1990-02-04,,HAMMARBY IF,2018-2020,70,2,
3192,"FÄLTH, SVEN",Nej,SWE,SLAMPEN,1928-01-01,1986-12-08,HELSINGBORGS IF,1956,1,0,
3190,"FÄRNSTRÖM, GUNNAR",Nej,SWE,,1931-08-02,2015-11-02,HAMMARBY IF,1956-1957,8,0,
7718,GABRIEL,Nej,BRA,G.DE PAULO LIMEIRA,1983-08-20,,MALMÖ FF,2006-2009,76,1,
1811,"GABRIELSSON, BERTIL",Ja,SWE,,1912-02-08,1992-04-08,HALMSTADS BK,1934-1936,36,0,
1811,"GABRIELSSON, BERTIL",Ja,SWE,,1912-02-08,1992-04-08,IS HALMIA,1944-1945,16,0,
6141,"GABRIELSSON, JOAKIM",Nej,SWE,,1972-10-09,,LANDSKRONA BoIS,1994,5,0,
4521,"GABRIELSSON, RONNIE",Nej,SWE,,1943-06-10,,IF SAAB,1973,21,1,BK KENTY
7939,"GAETE, CARLOS",Nej,SWE,,1987-11-04,,HAMMARBY IF,2008-2009,31,1,
9852,"GAL, JEFFREY",Ja,USA,,1993-04-06,,DEGERFORS IF,2021-2022,14,0,
1262,"GALIN, GUNNAR",Nej,SWE,BANDYKERUBEN,1902-04-04,1997-01-21,DJURGÅRDENS IF,1928,13,5,
1262,"GALIN, GUNNAR",Nej,SWE,BANDYKERUBEN,1902-04-04,1997-01-21,AIK,1929,7,1,
9235,"GALL, ROMAIN",Nej,USA,,1995-01-31,,GIF SUNDSVALL,2017-2018,37,9,
9235,"GALL, ROMAIN",Nej,USA,,1995-01-31,,MALMÖ FF,2018-2022,31,7,
9235,"GALL, ROMAIN",Nej,USA,,1995-01-31,,ÖREBRO SK,2020-2021,19,0,
5859,"GALLO, PIERRE",Nej,SWE,,1975-01-24,,AIK,1992-1997,66,5,
5859,"GALLO, PIERRE",Nej,SWE,,1975-01-24,,DJURGÅRDENS IF,1999,21,1,
5859,"GALLO, PIERRE",Nej,SWE,,1975-01-24,,LANDSKRONA BoIS,2004,13,0,
5352,"GALLOWAY, STEVE",Nej,ENG,,1963-02-13,,DJURGÅRDENS IF,1988-1989,41,13,EG STEVEN
5352,"GALLOWAY, STEVE",Nej,ENG,,1963-02-13,,UMEÅ FC,1996,23,12,
7311,"GANEMYR, ROBIN",Nej,SWE,,1983-06-25,,ÖRGRYTE IS,2003-2006,66,2,
7644,"GARACA, DEJAN",Ja,SWE,,1991-07-21,,MALMÖ FF,2010-2011,3,0,
7644,"GARACA, DEJAN",Ja,SWE,,1991-07-21,,SYRIANSKA FC,2012-2013,15,0,
7304,"GARBA, BALA AHMED",Nej,NIG,,1974-08-09,,GIF SUNDSVALL,2003,26,5,
9182,"GARBA, HARUNA",Nej,NIG,,1994-01-17,,DJURGÅRDENS IF,2017,5,0,
9677,"GARBETT, MATTHEW",Nej,NZE,,2002-04-13,,FALKENBERGS FF,2020,13,0,
9761,"GARCIA TSOTIDIS, ALEXANDROS",Nej,SWE,,2004-07-19,,DJURGÅRDENS IF,2022,1,0,
7977,"GARDARSSON, SVERRIR",Nej,ISL,,1984-09-15,,GIF SUNDSVALL,2008,16,0,
5393,"GARDNER, STEVE",Nej,ENG,,1958-10-07,,IFK GÖTEBORG,1983-1984,27,7,EG STEPHEN
5393,"GARDNER, STEVE",Nej,ENG,,1958-10-07,,GAIS,1988,18,0,
2250,"GARDTMAN, ELVE",Nej,SWE,,1910-07-24,1985-12-19,REDBERGSLIDS IK,1931,6,0,EV I ÖIS 33-34(21-7)
1816,"GARDTMAN, ERIK",Nej,SWE,,1904-12-27,1974-11-28,ÖRGRYTE IS,1931-1934,8,1,
1817,"GARDTMAN, ROLF",Nej,SWE,FYLAX,1907-08-18,1934-05-29,REDBERGSLIDS IK,1931,22,7,
1817,"GARDTMAN, ROLF",Nej,SWE,FYLAX,1907-08-18,1934-05-29,ÖRGRYTE IS,1932-1933,33,14,
5080,"GARNHAM, STUART",Ja,ENG,,1955-11-30,,DJURGÅRDENS IF,1981,8,0,
1799,"GARPE, BENGT",Nej,SWE,,1916-03-01,1985-12-04,DJURGÅRDENS IF,1937-1948,41,10,
1797,"GARPE, HANS",Nej,SWE,,1907-05-31,1984-06-10,AIK,1933,3,1,
1797,"GARPE, HANS",Nej,SWE,,1907-05-31,1984-06-10,DJURGÅRDENS IF,1937,14,2,
8232,"GASHI, ARDIAN",Nej,NOR,,1981-06-20,,HELSINGBORGS IF,2010-2014,124,8,
4525,"GAWELIN, LARS-GÖRAN",Nej,SWE,,1951-04-29,,ÖREBRO SK,1974-1978,43,0,
6086,"GAWELIN, PER",Nej,SWE,,1978-01-24,,ÖREBRO SK,1996-2004,112,15,
1810,"GEDDA, HENRY",Nej,SWE,,1908-08-21,1934-10-07,IFK GÖTEBORG,1933,1,1,
9717,"GEFVERT, SIMON",Nej,SWE,,1997-03-28,,IK SIRIUS,2020,6,0,
9701,"GEORGE, MAYRON",Nej,CRIC,,1993-10-23,,KALMAR FF,2020,3,0,
8373,"GEORGE, RABY",Nej,SWE,,1992-02-13,,SYRIANSKA FC,2011,1,0,
8537,"GEORGES, CHARBEL",Nej,SWE,,1993-09-28,,SYRIANSKA FC,2013,13,0,
8537,"GEORGES, CHARBEL",Nej,SWE,,1993-09-28,,IK SIRIUS,2018,11,1,
3878,"GEORGSSON, OVE",Nej,SWE,,1939-05-03,2017-02-13,IS HALMIA,1963,12,5,FR SENNAN
7540,"GERBA, ALI",Nej,KAN,,1982-07-27,,GIF SUNDSVALL,2005,11,5,FD NGON
7540,"GERBA, ALI",Nej,KAN,,1982-07-27,,IFK GÖTEBORG,2006-2007,6,0,
4967,"GERHARDSSON, PETER",Nej,SWE,,1959-08-22,,HAMMARBY IF,1978-1987,136,43,
0281,"GERNDT, ALEXANDER",Nej,SWE,,1986-07-14,,AIK,2007,5,0,
0281,"GERNDT, ALEXANDER",Nej,SWE,,1986-07-14,,GEFLE IF,2008-2010,47,11,
0281,"GERNDT, ALEXANDER",Nej,SWE,,1986-07-14,,HELSINGBORGS IF,2010-2011,31,19,
8555,"GERO, ABDULLAHI",Nej,NIG,ALHAJI,1993-10-10,,ÖSTERS IF,2013,10,1,
8555,"GERO, ABDULLAHI",Nej,NIG,ALHAJI,1993-10-10,,ÖSTERSUNDS FK,2016-2019,68,7,
8555,"GERO, ABDULLAHI",Nej,NIG,ALHAJI,1993-10-10,,HELSINGBORGS IF,2019-2020,30,4,
6841,"GERRBRAND, PATRIK",Nej,SWE,TOTTE,1981-04-27,,HAMMARBY IF,2000-2009,78,5,
8444,"GERSON, LARS",Nej,LUX/NOR,,1990-02-05,,IFK NORRKÖPING,2012-2020,153,17,
8444,"GERSON, LARS",Nej,LUX/NOR,,1990-02-05,,GIF SUNDSVALL,2015-2017,63,6,
3229,"GERTSSON, ERIK",Nej,SWE,,1922-05-18,1996-07-24,ÅTVIDABERGS FF,1952,4,0,SEN IFK TUNA
7833,"GERZIC, NORDIN",Nej,SWE/BIH,,1983-11-09,,ÖREBRO SK,2007-2021,328,23,
7833,"GERZIC, NORDIN",Nej,SWE/BIH,,1983-11-09,,IFK GÖTEBORG,2012-2013,34,2,
8999,"GHODDOS, SAMAN",Nej,SWE,,1993-09-06,,ÖSTERSUNDS FK,2016-2018,65,27,
6461,"GIBSON, NEATHAN",Nej,RSA,,1970-05-14,,IFK NORRKÖPING,1997,12,3,
5618,"GIDEBRATT, JAN",Nej,SWE,,1957-04-28,,ÖRGRYTE IS,1983-1986,54,2,
3880,"GIDEONSSON, BERNDT",Ja,SWE,,1936-12-26,2012-09-01,IFK HOLMSUND,1967,3,0,
0432,"GIESECKE, FREDRIK",Nej,SWE,,1968-04-21,,AIK,1991,9,0,
0432,"GIESECKE, FREDRIK",Nej,SWE,,1968-04-21,,VÄSTERÅS SK,1997,9,0,
9522,"GIGOVIC, ARMIN",Nej,SWE,,2002-04-08,,HELSINGBORGS IF,2019-2022,50,3,
9977,"GIGOVIC, ERVIN",Nej,SWE,,2003-09-16,,HELSINGBORGS IF,2022,4,0,
2523,"GILL, RUNE",Nej,SWE,,1924-07-17,2001-02-01,IF ELFSBORG,1946-1951,6,0,
4918,"GILLBERG, STAFFAN",Ja,SWE,,1960-03-02,,AIK,1979,1,0,
1796,"GILLSTRÖM, STURE",Nej,SWE,STÖTTAN,1908-12-03,1979-01-28,AIK,1934,5,3,
6016,"GISLASON, GUNNAR",Nej,ISL,,1961-01-04,,BK HÄCKEN,1993,16,1,
5217,"GISSBERG, STEFAN",Nej,SWE,,1958-12-14,,IFK SUNDSVALL,1981,14,1,
5906,"GITSELOV, ALEXANDER",Nej,RYS,SASCHA,1963-11-24,,ÖSTERS IF,1992-1993,30,11,
7324,"GITSELOV, PETER",Nej,SWE,,1983-07-18,,ÖSTERS IF,2003,12,1,
7324,"GITSELOV, PETER",Nej,SWE,,1983-07-18,,MJÄLLBY AIF,2010-2011,23,2,
2528,"GLADER, ERIC",Nej,SWE,,1920-02-02,2003-04-07,IFK GÖTEBORG,1942-1943,4,0,"ÖIS 49/50 7/0,RIK"
7187,"GOITOM, HENOK",Nej,SWE,,1984-09-22,,AIK,2012-2021,235,78,
9038,"GOJANI, ROBERT",Nej,SWE,,1992-10-19,,JÖNKÖPINGS SÖDRA IF,2016-2017,51,4,
9038,"GOJANI, ROBERT",Nej,SWE,,1992-10-19,,IF ELFSBORG,2018-2021,85,1,
9038,"GOJANI, ROBERT",Nej,SWE,,1992-10-19,,KALMAR FF,2023,23,0,
8457,"GONDRA KRUG, MARCOS",Nej,SPA,,1987-01-01,,SYRIANSKA FC,2012,5,0,
7316,"GOORKS, KASPARS",Nej,LVA,,1981-11-06,,ÖSTERS IF,2003,8,0,
7316,"GOORKS, KASPARS",Nej,LVA,,1981-11-06,,ASSYRISKA FF,2005,23,0,
9239,"GRACIA, CARLOS",Nej,SPA,,1993-04-15,,GIF SUNDSVALL,2017-2019,69,4,
9239,"GRACIA, CARLOS",Nej,SPA,,1993-04-15,,MJÄLLBY AIF,2021-2022,45,5,
9239,"GRACIA, CARLOS",Nej,SPA,,1993-04-15,,DJURGÅRDENS IF,2023,8,0,
8378,"GRAHM, ANDREAS",Nej,SWE,,1987-09-01,,TRELLEBORGS FF,2011,16,1,
2522,"GRAHN, EVERT",Nej,SWE,,1921-05-21,2010-04-07,IF ELFSBORG,1941-1952,154,55,
2522,"GRAHN, EVERT",Nej,SWE,,1921-05-21,2010-04-07,IFK GÖTEBORG,1947-1949,28,12,
1802,"GRAHN, KARL-ERIK",Nej,SWE,,1914-11-05,1963-03-14,IF ELFSBORG,1933-1949,346,57,
4527,"GRAHN, LEIF",Nej,SWE,,1955-06-08,,AIK,1976-1979,34,0,
3874,"GRAHN, OVE",Nej,SWE,JAN-OLOF,1943-05-09,2007-07-11,IF ELFSBORG,1961-1965,91,62,
3874,"GRAHN, OVE",Nej,SWE,JAN-OLOF,1943-05-09,2007-07-11,ÖRGRYTE IS,1976,13,2,
2530,"GRAHN, THURE",Nej,SWE,,1922-05-11,1985-04-29,IS HALMIA,1944-1950,148,15,
6519,"GRAHN, TOBIAS",Nej,SWE,,1980-03-05,,ÖSTERS IF,1997,1,0,
6519,"GRAHN, TOBIAS",Nej,SWE,,1980-03-05,,MALMÖ FF,2003-2004,21,3,
6519,"GRAHN, TOBIAS",Nej,SWE,,1980-03-05,,MJÄLLBY AIF,2010-2011,50,2,
6519,"GRAHN, TOBIAS",Nej,SWE,,1980-03-05,,ÖREBRO SK,2012,19,2,
8222,"GRAM, ÖIVIND",Nej,NOR,,1985-10-11,,GEFLE IF,2010,5,0,SKV.EN:JULNES GRAM
1032,"GRANAT, ERIC",Nej,SWE,,1910-10-12,1971-03-17,ÖRGRYTE IS,1929-1939,144,3,
8978,"GRANAT, ERIK",Nej,SWE,,1995-08-09,,GIF SUNDSVALL,2015-2018,28,1,
9846,"GRANATH, GUSTAV",Nej,SWE,,1997-02-15,,DEGERFORS IF,2021-2023,70,2,
5399,"GRANATH, JOAKIM",Nej,SWE,,1965-03-21,,GAIS,1989,6,0,ARENTORPS SK
5861,"GRANATH, JONAS",Nej,SWE,BOMBARN,1969-05-01,,DJURGÅRDENS IF,1991,13,0,
5861,"GRANATH, JONAS",Nej,SWE,BOMBARN,1969-05-01,,DEGERFORS IF,1994-1997,79,3,
5054,"GRANATH, JÖRGEN",Ja,SWE,,1962-01-13,,AIK,1983-1985,2,0,
1819,"GRANBERG, ERIK",Nej,SWE,,1915-05-21,1976-08-14,IK BRAGE,1939,2,0,
5307,"GRANBERG, PETER",Nej,SWE,,1967-05-24,,IK BRAGE,1986-1993,79,1,
1263,"GRANBOM, GUNNAR",Nej,SWE,,1905-02-25,1973-11-30,HELSINGBORGS IF,1925,1,0,
3877,"GRANBOM, KRISTER",Nej,SWE,,1941-04-09,2023-01-26,HELSINGBORGS IF,1962-1964,54,40,
3877,"GRANBOM, KRISTER",Nej,SWE,,1941-04-09,2023-01-26,IFK GÖTEBORG,1965-1966,28,9,
5641,"GRANDELIUS, JOAKIM",Nej,SWE,,1970-09-20,,ÖRGRYTE IS,1989-1995,66,10,
5641,"GRANDELIUS, JOAKIM",Nej,SWE,,1970-09-20,,PANOS LJUNGSKILE SK,1997,22,0,
7336,"GRANKVIST, ANDREAS",Nej,SWE,GRANEN,1985-04-16,,HELSINGBORGS IF,2004-2020,106,2,
3870,"GRANKVIST, CONNY",Nej,SWE,,1947-03-30,,DJURGÅRDENS IF,1966-1973,133,21,
9577,"GRANLI, DANIEL",Nej,NOR,,1994-05-01,,AIK,2019-2020,24,0,
9488,"GRANLUND, ALBIN",Nej,FIN,,1989-09-01,,ÖREBRO SK,2018-2020,65,0,
2521,"GRANLUND, SVANTE",Nej,SWE,,1921-02-01,2010-11-28,AIK,1941-1951,24,4,
4515,"GRANLUND, ULF",Ja,SWE,,1952-10-12,,HAMMARBY IF,1976,1,0,
4507,"GRANQVIST, KJELL",Nej,SWE,GRANAN,1950-08-02,,AIK,1976-1977,29,2,
5334,"GRANQVIST, KJELL",Nej,SWE,,1960-02-29,,HAMMARBY IF,1984-1985,40,1,
5334,"GRANQVIST, KJELL",Nej,SWE,,1960-02-29,,DJURGÅRDENS IF,1986,15,0,
6018,"GRANQVIST, PETER",Nej,SWE,,1967-04-10,,BK HÄCKEN,1993-1994,35,2,
6018,"GRANQVIST, PETER",Nej,SWE,,1967-04-10,,VÄSTRA FRÖLUNDA IF,1995,6,0,
3211,"GRANQVIST, TRYGGVE",Nej,SWE,,1925-12-25,1997-10-04,IFK GÖTEBORG,1950-1952,8,10,
5523,"GRANSKOG, MIKAEL",Nej,FIN,,1961-03-26,,IFK NORRKÖPING,1981-1986,72,0,
3883,"GRANSTRÖM, LARS",Nej,SWE,,1942-12-08,,MALMÖ FF,1960-1971,202,52,
7407,"GRAULUND, PETER",Nej,DAN,,1976-09-20,,HELSINGBORGS IF,2004-2005,45,17,
6472,"GRAVEM, MATHIAS",Nej,NOR,,1976-03-15,,PANOS LJUNGSKILE SK,1997,26,6,
6472,"GRAVEM, MATHIAS",Nej,NOR,,1976-03-15,,IFK NORRKÖPING,1998-2001,72,8,
6472,"GRAVEM, MATHIAS",Nej,NOR,,1976-03-15,,GAIS,2006,5,0,
8637,"GRAVIUS, CHRISTOS",Nej,SWE,,1997-10-14,,AIK,2015-2016,10,0,
8637,"GRAVIUS, CHRISTOS",Nej,SWE,,1997-10-14,,JÖNKÖPINGS SÖDRA IF,2017,9,0,
8637,"GRAVIUS, CHRISTOS",Nej,SWE,,1997-10-14,,DEGERFORS IF,2021-2023,77,1,
6047,"GREEN, CLAES",Ja,SWE,LABBE,1973-02-15,,ÖSTERS IF,1993-1998,43,0,
6047,"GREEN, CLAES",Ja,SWE,LABBE,1973-02-15,,AIK,1997,3,0,
7992,"GREEN, JOAKIM",Nej,SWE,,1986-05-01,,ÖREBRO SK,2008,6,0,
9602,"GREGERSEN, STIAN",Nej,NOR,,1995-05-17,,IF ELFSBORG,2019,26,1,
3875,"GREK, KENT",Nej,SWE,TURKE,1942-04-27,2019-03-04,GAIS,1964-1972,128,0,
2527,"GREN, BERTIL",Nej,SWE,FIMPEN,1918-12-02,1994-02-18,IFK GÖTEBORG,1948,1,0,FR GFF
1808,"GREN, GUNNAR",Nej,SWE,PROFESSORN,1920-10-31,1991-11-10,GÅRDA BK,1938-1941,54,16,FÖDD OLSSON
1808,"GREN, GUNNAR",Nej,SWE,PROFESSORN,1920-10-31,1991-11-10,IFK GÖTEBORG,1942-1949,164,79,
1808,"GREN, GUNNAR",Nej,SWE,PROFESSORN,1920-10-31,1991-11-10,ÖRGRYTE IS,1959,4,0,
1808,"GREN, GUNNAR",Nej,SWE,PROFESSORN,1920-10-31,1991-11-10,GAIS,1964,2,0,
1264,"GREN, HANS",Nej,SWE,PETTER,1905-10-22,1983-05-21,LANDSKRONA BoIS,1926-1928,4,1,
5113,"GREN, MATS",Nej,SWE,,1963-12-20,,IFK GÖTEBORG,1984-1985,41,9,
7682,"GRIFFIT, LÉANDRE",Nej,FRA,,1984-05-21,,IF ELFSBORG,2006-2007,21,1,
7682,"GRIFFIT, LÉANDRE",Nej,FRA,,1984-05-21,,IFK NORRKÖPING,2008,1,0,
8845,"GRILL, LUKAS",Nej,TYS,,1993-02-09,,MJÄLLBY AIF,2014,14,0,
1637,"GRIM, ANDRÉ",Nej,SWE,,1983-06-09,,GEFLE IF,2007,4,1,
4511,"GRIM, THOMAS",Ja,SWE,,1950-08-10,,IF ELFSBORG,1973,5,0,
4511,"GRIM, THOMAS",Ja,SWE,,1950-08-10,,IFK SUNDSVALL,1976-1980,33,0,
5169,"GRIMBERG, ANDERS",Nej,SWE,,1960-09-29,,MALMÖ FF,1980,1,0,
5169,"GRIMBERG, ANDERS",Nej,SWE,,1960-09-29,,TRELLEBORGS FF,1985-1992,34,4,
2541,"GRIMBORG, BENGT",Ja,SWE,,1921-01-08,1999-08-11,REYMERSHOLMS IK,1942,22,0,
3868,"GRIP, GUNVALL",Nej,SWE,,1946-01-20,,DEGERFORS IF,1966,9,1,
3864,"GRIP, ROLAND",Nej,SWE,,1941-01-01,2024-02-09,AIK,1964-1970,106,3,
3864,"GRIP, ROLAND",Nej,SWE,,1941-01-01,2024-02-09,IK SIRIUS,1973-1974,50,5,
3865,"GRIP, TORD",Nej,SWE,,1938-01-13,,DEGERFORS IF,1960-1965,119,41,
3865,"GRIP, TORD",Nej,SWE,,1938-01-13,,AIK,1966-1968,56,15,
8334,"GRUDA, SUAT",Nej,SWE/MNE,,1991-07-27,,GEFLE IF,2011,4,0,
4514,"GRUNDSTRÖM, CLAES",Nej,SWE,CLABBE,1950-06-06,,HALMSTADS BK,1974-1976,37,4,
3879,"GRUNDTMAN, LEIF",Nej,SWE,,1946-10-06,,HAMMARBY IF,1965-1967,21,0,"OBS LEIF BJÖRN, FALUN 21"
3208,"GRYBB, ÅKE",Nej,SWE,,1936-06-17,,DJURGÅRDENS IF,1956-1958,7,2,"FR ULVARNA/AIK,SEN LYCKSE"
3206,"GRÜBB, ERIC",Nej,SWE,,1924-02-14,1986-05-25,AIK,1951,12,5,
6381,"GRZELAK, BARTOSZ",Nej,SWE,,1978-11-02,,AIK,1997,1,0,
5067,"GRÖNBERG, ANDERS",Nej,SWE,,1963-07-23,,IK BRAGE,1983,6,1,
1814,"GRÖNBERG, NILS",Nej,SWE,,1917-09-26,1996-03-28,HELSINGBORGS IF,1939,1,0,
3227,"GRÖNBERG, ROLAND",Nej,SWE,LINGON,1934-01-31,2020-04-25,SANDVIKENS IF,1957-1959,25,3,FR BRYNÄS 55
2251,"GRÖNDAHL, AXEL",Nej,SWE,,1911-01-26,2008-04-29,IF ELFSBORG,1930-1932,18,3,
4508,"GRÖNHAGEN, ANDERS",Nej,SWE,GRÖNIS,1953-05-22,,GIF SUNDSVALL,1975,25,3,
4508,"GRÖNHAGEN, ANDERS",Nej,SWE,GRÖNIS,1953-05-22,,DJURGÅRDENS IF,1976-1981,130,38,
1818,"GRÖNHOLM, ÅKE",Nej,SWE,,1910-01-08,1999-10-08,ÖRGRYTE IS,1933,1,0,
6183,"GRÖNING, CHRISTIAN",Nej,SWE,,1978-08-14,,DJURGÅRDENS IF,1996-1999,2,0,
1800,"GRÖNKVIST, STEN",Nej,SWE,KNOTAN,1907-03-26,1992-11-13,DJURGÅRDENS IF,1937,8,0,
3226,"GRÖNKVIST, TORSTEN",Nej,SWE,,1926-12-21,2015-03-07,IFK NORRKÖPING,1950,1,0,"FR GULLRINGEN,KENTY 50/51"
4517,"GRÖNLUND, KENT",Nej,SWE,,1948-06-29,,IFK LULEÅ,1971,11,3,FR BODEN
6484,"GRÖNLUND, TOMMI",Nej,FIN,,1969-12-09,,PANOS LJUNGSKILE SK,1997,13,2,
6484,"GRÖNLUND, TOMMI",Nej,FIN,,1969-12-09,,TRELLEBORGS FF,1998-2001,98,6,
6484,"GRÖNLUND, TOMMI",Nej,FIN,,1969-12-09,,HELSINGBORGS IF,2002-2003,39,1,
3228,"GRÖNQVIST, ERIK",Nej,SWE,,1927-05-18,2017-07-07,VÄSTERÅS SK,1956-1957,25,1,"FR BK KENTY, TROLLHÄTTAN"
1801,"GRÖNQVIST, HUGO",Nej,SWE,"HUGGE""PUTTE",1904-11-19,1972-10-18,DJURGÅRDENS IF,1937,3,1,
2529,"GRÖNVALL, HELGE",Nej,SWE,,1929-11-02,2018-09-24,IFK GÖTEBORG,1948-1950,8,0,
6986,"GRÖNVALL, PATRIK",Nej,SWE,DAMM,1986-09-17,,AIK,2004,1,0,
6017,"GUDJOHNSEN, ARNOR",Nej,ISL,,1961-07-30,,BK HÄCKEN,1993,24,4,
6017,"GUDJOHNSEN, ARNOR",Nej,ISL,,1961-07-30,,ÖREBRO SK,1994-1998,101,24,
9868,"GUDJOHNSEN, SVEINN ARON",Nej,IS,,1998-05-12,,IF ELFSBORG,2021-2023,70,15,
5429,"GUDMUNDSSON, EGGERT",Ja,ISL,,1964-04-06,,HALMSTADS BK,1982-1986,48,0,
1265,"GUDMUNDSSON, EMIL",Nej,SWE,KELLER,1898-11-29,1965-06-24,HELSINGBORGS IF,1925-1931,16,6,
8638,"GUDMUNDSSON, GABRIEL",Nej,SWE,,1999-04-29,,HALMSTADS BK,2017,25,4,
3216,"GUDMUNDSSON, JAN",Ja,SWE,-ERIK,1935-08-23,2012-05-14,HELSINGBORGS IF,1954,2,0,FR KULLAVÄGEN 59
7437,"GUDMUNDSSON, JOHANN",Nej,ISL,JOI,1977-12-05,,ÖRGRYTE IS,2004-2005,37,1,JOHANN BIRKIR
7437,"GUDMUNDSSON, JOHANN",Nej,ISL,JOI,1977-12-05,,GAIS,2006-2008,44,3,
5454,"GUDMUNDSSON, NIKLAS",Nej,SWE,,1972-02-29,,HALMSTADS BK,1989-1995,117,31,
5454,"GUDMUNDSSON, NIKLAS",Nej,SWE,,1972-02-29,,MALMÖ FF,1997-1999,51,5,
5454,"GUDMUNDSSON, NIKLAS",Nej,SWE,,1972-02-29,,IF ELFSBORG,2001-2002,19,2,
7436,"GUDMUNDSSON, TRYGGVI",Nej,ISL,,1974-07-30,,ÖRGRYTE IS,2004,22,3,
7435,"GUERRA, LEONARDO",Nej,POR,,1976-07-11,,ÖREBRO SK,2004,1,0,EX-BRA
7796,"GUIDETTI, JOHN",Nej,SWE,,1992-04-15,,IF BROMMAPOJKARNA,2010,8,3,
7796,"GUIDETTI, JOHN",Nej,SWE,,1992-04-15,,AIK,2022-2023,28,6,
8326,"GUIRA, ADAMA",Nej,BUR,,1988-04-24,,DJURGÅRDENS IF,2011,6,0,
9700,"GULAN, NIKOLA",Nej,SER,,1989-03-23,,BK HÄCKEN,2020,4,0,
3871,"GUMMESSON, WILLY",Nej,SWE,SAXEMARA,1944-04-08,2016-04-25,DJURGÅRDENS IF,1966-1971,117,2,
6745,"GUNNARSSON, BRYNJAR",Nej,ISL,,1975-10-16,,ÖRGRYTE IS,1999,24,1,
8891,"GUNNARSSON, ERIK",Nej,SWE,,1999-02-08,,IFK GÖTEBORG,2017,1,0,
8012,"GUNNARSSON, GUDMUNDUR",Nej,ISL,,1989-01-21,,GAIS,2009,4,0,
7698,"GUNNARSSON, GUNNAR THOR",Nej,IS,,1985-10-04,,HAMMARBY IF,2006-2007,42,0,
7698,"GUNNARSSON, GUNNAR THOR",Nej,IS,,1985-10-04,,IFK NORRKÖPING,2008,9,0,
6720,"GUNNARSSON, JONAS",Nej,SWE,,1979-07-01,,KALMAR FF,1999,20,0,
2533,"GUNNARSSON, LARS",Ja,SWE,,1925-03-30,1999-06-24,HALMSTADS BK,1945-1946,33,0,
3872,"GUNNARSSON, LARS-ÅKE",Nej,SWE,,1942-04-14,,IF ELFSBORG,1962-1964,18,4,SEN VFRÖL
3872,"GUNNARSSON, LARS-ÅKE",Nej,SWE,,1942-04-14,,DJURGÅRDENS IF,1965,1,1,
5151,"GUNNARSSON, MATS",Nej,SWE,,1962-01-25,,KALMAR FF,1980-1981,4,0,
8938,"GUNNARSSON, NIKLAS",Nej,NOR,,1991-04-27,,IF ELFSBORG,2015,11,1,
8938,"GUNNARSSON, NIKLAS",Nej,NOR,,1991-04-27,,DJURGÅRDENS IF,2016-2018,55,2,
8938,"GUNNARSSON, NIKLAS",Nej,NOR,,1991-04-27,,IFK NORRKÖPING,2023,11,0,
5265,"GUNNARSSON, PETER",Nej,SWE,,1962-09-27,,ÖSTERS IF,1984-1985,14,0,
5141,"GUNNARSSON, SÖREN",Nej,SWE,,1958-08-15,,BK HÄCKEN,1983,20,1,FR KINNA IF 1983
2526,"GUNNESSON, GUSTAF",Nej,SWE,SÅPA,1914-10-11,1993-04-12,GÅRDA BK,1940,1,0,
7970,"GUNNLAUGSSON, GARDAR",Nej,ISL,,1983-04-25,,IFK NORRKÖPING,2008,8,1,
9198,"GUNNLAUGSSON, HÖSKULDUR",Nej,ISL,,1994-09-26,,HALMSTADS BK,2017,13,1,
3889,"GUNNSKOG, LARS-OLOF",Ja,SWE,,1941-08-06,,ÖRGRYTE IS,1964-1967,10,0,
9912,"GURFINKEL, YAHAV",Nej,ISR,,1998-06-27,,IFK NORRKÖPING,2021,6,0,
7426,"GUSSEV, VITALIJ",Nej,EST,,1983-03-16,,TRELLEBORGS FF,2004,2,1,
6251,"GUSTAFSON, FREDRIK",Nej,SWE,,1976-06-05,,ÖSTERS IF,1995-2006,91,4,
6251,"GUSTAFSON, FREDRIK",Nej,SWE,,1976-06-05,,HALMSTADS BK,1999-2001,49,3,
2537,"GUSTAFSON, HOLGER",Nej,SWE,GURRAN,1920-07-14,2004-07-03,JÖNKÖPINGS SÖDRA IF,1948-1949,20,2,ÅTER SANDV 48/49
6104,"GUSTAFSON, JENS",Nej,SWE,GUSTAFSON VON ZEIPEL,1973-04-03,,HAMMARBY IF,1994-2000,119,2,
6104,"GUSTAFSON, JENS",Nej,SWE,GUSTAFSON VON ZEIPEL,1973-04-03,,ENKÖPINGS SK,2003,14,0,
2544,"GUSTAFSON, LENNART",Nej,SWE,LOTTA,1927-01-07,1997-11-22,ÖREBRO SK,1949,18,3,FR FRÖVI
8028,"GUSTAFSON, MARKUS",Nej,SWE,,1987-08-12,,HALMSTADS BK,2009-2011,11,0,
6509,"GUSTAFSON, NIKLAS",Nej,SWE,SKROT,1970-09-06,,ÖREBRO SK,1997-2000,58,2,
6040,"GUSTAFSON, PATRIK",Nej,SWE,,1965-01-13,,ÖRGRYTE IS,1993,21,1,"FAR SIMON,SAMUEL"
8514,"GUSTAFSON, SAMUEL",Nej,SWE,,1995-01-11,,BK HÄCKEN,2013-2023,128,14,
8510,"GUSTAFSON, SIMON",Nej,SWE,,1995-01-11,,BK HÄCKEN,2013-2023,93,14,
9705,"GUSTAFSON, VIKTOR",Nej,SWE,,1995-03-22,,MJÄLLBY AIF,2020-2023,78,5,
3223,"GUSTAFSSON, ALLAN",Nej,SWE,,1927-06-02,1995-03-23,NORRBY IF,1956,9,5,
1805,"GUSTAFSSON, ARNE",Nej,SWE,,1914-02-04,2004-12-04,GAIS,1937-1945,70,1,
4512,"GUSTAFSSON, BJÖRN",Nej,SWE,FÅRBO,1950-10-07,,ÖSTERS IF,1970-1972,35,5,
4512,"GUSTAFSSON, BJÖRN",Nej,SWE,FÅRBO,1950-10-07,,GAIS,1973-1975,34,0,
9097,"GUSTAFSSON, CARL",Nej,SWE,,2000-03-18,,KALMAR FF,2019-2023,87,1,
3882,"GUSTAFSSON, CARL-PETHER",Nej,SWE,,1941-03-30,,JÖNKÖPINGS SÖDRA IF,1960-1969,23,1,
8034,"GUSTAFSSON, CHRISTER",Nej,SWE,,1987-12-31,,HAMMARBY IF,2009,2,0,
8034,"GUSTAFSSON, CHRISTER",Nej,SWE,,1987-12-31,,IK SIRIUS,2017-2019,69,10,
3207,"GUSTAFSSON, CURT",Nej,SWE,VÄDDÖ,1933-04-09,2017-04-07,DEGERFORS IF,1955,1,0,
6059,"GUSTAFSSON, EDWARD",Ja,SWE,EDDIE,1977-01-31,,IFK NORRKÖPING,1996-2001,86,0,
6668,"GUSTAFSSON, ERIC",Nej,SWE,,1982-01-29,,ÖRGRYTE IS,2001-2004,20,0,
1807,"GUSTAFSSON, EVERT",Ja,SWE,SLUGGO,1913-09-25,1985-03-01,GAIS,1934-1935,14,0,
1807,"GUSTAFSSON, EVERT",Ja,SWE,SLUGGO,1913-09-25,1985-03-01,GÅRDA BK,1938-1941,5,0,
3219,"GUSTAFSSON, FRED",Nej,SWE,FRILLE,1929-03-14,1994-02-07,KALMAR FF,1950-1951,12,1,
1804,"GUSTAFSSON, GUNNAR",Nej,SWE,,1914-12-14,1996-05-25,IFK ESKILSTUNA,1934-1936,29,0,
1267,"GUSTAFSSON, GUSTAF",Nej,SWE,,1902-11-06,1991-05-27,GAIS,1925-1932,152,1,
3225,"GUSTAFSSON, GÖRAN",Ja,SWE,,1928-06-24,2012-09-09,IFK NORRKÖPING,1951,1,0,
2542,"GUSTAFSSON, HILDING",Nej,SWE,MOGGLI,1914-01-16,1999-09-23,REYMERSHOLMS IK,1942,15,0,
2525,"GUSTAFSSON, HOLGER",Nej,SWE,,1920-12-20,1982-07-25,GAIS,1944,7,0,SEN HBK II 48/49
3218,"GUSTAFSSON, INGVAR",Nej,SWE,,1932-05-18,,KALMAR FF,1955,2,0,
1812,"GUSTAFSSON, JOHN",Nej,SWE,,1915-06-21,1980-02-07,HALMSTADS BK,1936,5,3,
3881,"GUSTAFSSON, KENNERT",Nej,SWE,,1934-06-26,2019-07-18,JÖNKÖPINGS SÖDRA IF,1960,4,0,
3867,"GUSTAFSSON, KJELL",Nej,SWE,FLUGA,1946-04-02,1972-07-31,DEGERFORS IF,1966,2,0,
4509,"GUSTAFSSON, KJELL",Nej,SWE,GUSSE,1952-06-22,2023-11-26,DJURGÅRDENS IF,1977,6,1,FR NYNÄSHAMN
1803,"GUSTAFSSON, KNUT",Nej,SWE,KINNA,1911-12-08,1992-02-21,IF ELFSBORG,1931-1935,46,30,"IFK V-ÅS, FR 39 REYM"
1803,"GUSTAFSSON, KNUT",Nej,SWE,KINNA,1911-12-08,1992-02-21,REYMERSHOLMS IK,1942,20,7,
2535,"GUSTAFSSON, KNUT",Ja,SWE,,1921-09-15,1962-09-04,HELSINGBORGS IF,1947-1948,5,0,MKL NYVÅNGS GIF
3884,"GUSTAFSSON, LAGE",Nej,SWE,,1940-07-07,,ÅTVIDABERGS FF,1968-1973,53,1,
3215,"GUSTAFSSON, LARS",Nej,SWE,"BLACKA""FREDDIE",1930-02-11,2017-02-13,HAMMARBY IF,1957,5,0,
3220,"GUSTAFSSON, LENNART",Ja,SWE,,1933-02-20,2011-11-14,MALMÖ FF,1956-1957,5,0,
5389,"GUSTAFSSON, MAGNUS",Nej,SWE,,1967-01-24,,GAIS,1988-2000,109,29,
5389,"GUSTAFSSON, MAGNUS",Nej,SWE,,1967-01-24,,IFK GÖTEBORG,1993-1994,10,3,
5389,"GUSTAFSSON, MAGNUS",Nej,SWE,,1967-01-24,,IFK NORRKÖPING,1996-1997,43,12,
2534,"GUSTAFSSON, MANFRED",Nej,SWE,MAFFE,1913-10-14,1995-05-01,HAMMARBY IF,1940,1,0,"MALMBERGET,OLOFST, MAIF"
7367,"GUSTAFSSON, MARCUS",Nej,SWE,,1989-03-06,,ÖRGRYTE IS,2009,18,2,
7367,"GUSTAFSSON, MARCUS",Nej,SWE,,1989-03-06,,GAIS,2011-2012,48,3,
7367,"GUSTAFSSON, MARCUS",Nej,SWE,,1989-03-06,,IF BROMMAPOJKARNA,2018,28,2,
1269,"GUSTAFSSON, MARTIN",Nej,SWE,,1905-05-02,1948-01-05,IFK NORRKÖPING,1929-1930,18,0,
1815,"GUSTAFSSON, NILS",Nej,SWE,,1911-10-01,1995-03-31,IFK NORRKÖPING,1937,5,0,FR SYLVIA 3608
8412,"GUSTAFSSON, OLIVER",Ja,SWE,,1993-05-15,,GAIS,2012,1,0,
3230,"GUSTAFSSON, OLLE",Nej,SWE,OLOF TOTTEN,1933-11-08,2013-01-23,ÖREBRO SK,1953-1969,158,0,
8005,"GUSTAFSSON, PETTER",Nej,SWE,,1985-09-16,,DJURGÅRDENS IF,2009-2013,114,5,
8005,"GUSTAFSSON, PETTER",Nej,SWE,,1985-09-16,,ÅTVIDABERGS FF,2014-2015,7,0,
1806,"GUSTAFSSON, RAGNAR",Nej,SWE,,1907-09-28,1980-05-19,GAIS,1930-1936,109,56,
4513,"GUSTAFSSON, ROGER",Nej,SWE,,1952-02-29,,GAIS,1974-1975,23,1,
2524,"GUSTAFSSON, ROLF",Nej,SWE,,1920-04-21,2009-07-28,GAIS,1942-1951,198,1,
2539,"GUSTAFSSON, STIG",Nej,SWE,VADSTENA,1918-10-05,2016-10-05,IFK NORRKÖPING,1942-1943,9,6,
3209,"GUSTAFSSON, STIG",Nej,SWE,GUSTEN,1930-05-05,2016-09-06,DJURGÅRDENS IF,1955-1960,112,0,
3217,"GUSTAFSSON, STIG",Nej,SWE,VAMMAR,1931-09-15,2018-12-27,KALMAR FF,1955,9,0,
3217,"GUSTAFSSON, STIG",Nej,SWE,VAMMAR,1931-09-15,2018-12-27,IFK NORRKÖPING,1956-1961,97,4,
1798,"GUSTAFSSON, SVEN",Nej,SWE,LÖPARN GÅRDEVALL,1913-01-28,1991-02-06,DEGERFORS IF,1939,1,0,
5522,"GUSTAFSSON, THOMAS",Nej,SWE,GURRA,1961-11-22,,IFK NORRKÖPING,1985-1986,27,0,
3224,"GUSTAFSSON, TORE",Nej,SWE,,1933-07-12,2014-11-06,NORRBY IF,1956,3,0,
3213,"GUSTAFSSON, UNO",Nej,SWE,,1930-08-23,1983-12-13,IS HALMIA,1950,1,0,
3222,"GUSTAFSSON, ÅKE",Nej,SWE,,1925-06-28,2009-01-11,NORRBY IF,1956,19,1,
3876,"GUSTAFSSON, ÅKE",Nej,SWE,DALA,1935-03-10,,IFK GÖTEBORG,1960-1963,45,0,FR LANDSKR
8411,"GUSTAFSSON LOHAPRASERT, AUGUST",Nej,SWE,,1993-09-03,,GAIS,2012,4,0,
7153,GUSTAVO PAPA,Nej,BRA,GUSTAVO SAIBT MARTINS,1979-02-20,,LANDSKRONA BoIS,2002,1,0,
1266,"GUSTAVSSON, ALBIN",Nej,SWE,ABBE,1896-03-01,1983-07-16,VÄSTERÅS IK,1925,21,4,
6727,"GUSTAVSSON, ANDREAS",Nej,SWE,TREFFENBERG,1976-06-18,,KALMAR FF,1999,2,0,
2540,"GUSTAVSSON, BENGT",Nej,SWE,JULLE,1928-01-13,2017-02-21,IFK NORRKÖPING,1948-1956,147,17,
2536,"GUSTAVSSON, BIRGER",Nej,SWE,,1923-02-15,2006-08-24,JÖNKÖPINGS SÖDRA IF,1949-1952,15,0,
4524,"GUSTAVSSON, CARLOS",Nej,SWE,,1952-04-09,,ÖREBRO SK,1974-1978,62,0,
3221,"GUSTAVSSON, CHARLES",Nej,SWE,,1932-12-25,,MALMÖ FF,1955-1961,108,51,
3887,"GUSTAVSSON, CHRISTER",Nej,SWE,,1947-03-24,,ÖRGRYTE IS,1968-1976,134,6,
6643,"GUSTAVSSON, CHRISTER",Nej,SWE,,1974-06-30,,ÖREBRO SK,1998,2,0,
4520,"GUSTAVSSON, CONNY",Nej,SWE,,1945-07-20,,ÅTVIDABERGS FF,1970-1972,47,2,
4520,"GUSTAVSSON, CONNY",Nej,SWE,,1945-07-20,,IF SAAB,1973,23,1,
7775,"GUSTAVSSON, DANIEL",Nej,SWE,,1990-08-29,,AIK,2009-2013,53,3,
7775,"GUSTAVSSON, DANIEL",Nej,SWE,,1990-08-29,,ÖREBRO SK,2014-2016,76,17,
7775,"GUSTAVSSON, DANIEL",Nej,SWE,,1990-08-29,,IF ELFSBORG,2016-2018,65,10,
3888,"GUSTAVSSON, EGON",Nej,SWE,,1938-01-04,,ÖRGRYTE IS,1962,3,1,FR SÄTILA SK 61
3873,"GUSTAVSSON, HANS",Nej,SWE,LIEN,1940-06-25,,IF ELFSBORG,1963-1967,83,3,"EJ 400807,BYTTORP TR 85"
5154,"GUSTAVSSON, HANS",Ja,SWE,,1960-10-05,,KALMAR FF,1982,1,0,
5084,"GUSTAVSSON, HANS-OLOF",Nej,SWE,,1954-02-08,,IF ELFSBORG,1980-1981,33,6,"GROLANDA 73-76,IFK FALKÖP"
8257,"GUSTAVSSON, HENRIK",Ja,SWE,FIMPEN,1976-10-21,,ÅTVIDABERGS FF,2010-2015,123,0,
8529,"GUSTAVSSON, JESPER",Nej,SWE,,1994-10-29,,MJÄLLBY AIF,2013-2023,113,2,
6503,"GUSTAVSSON, JOHAN",Nej,SWE,,1971-03-15,,VÄSTERÅS SK,1997,16,0,
4526,"GUSTAVSSON, JONNY",Nej,SWE,,1957-11-09,,ÖSTERS IF,1975-1983,139,3,
1268,"GUSTAVSSON, JUSTUS",Nej,SWE,NEGERN,1894-09-25,1966-10-22,AIK,1925-1930,102,0,
3885,"GUSTAVSSON, KARL-GÖSTA",Ja,SWE,,1947-07-27,,ÅTVIDABERGS FF,1969-1971,11,0,"VARB BOIS -67,JÖNK 72-"
6558,"GUSTAVSSON, KENNET",Nej,SWE,,1982-08-19,,MALMÖ FF,2001-2002,9,2,
6558,"GUSTAVSSON, KENNET",Nej,SWE,,1982-08-19,,TRELLEBORGS FF,2004,15,0,
5060,"GUSTAVSSON, KENNETH",Nej,SWE,,1956-03-16,,IK BRAGE,1980-1984,90,1,
7685,"GUSTAVSSON, KENNETH",Nej,SWE,,1983-09-15,,GAIS,2006-2012,151,2,
5071,"GUSTAVSSON, LARS",Nej,SWE,,1958-06-06,,IK BRAGE,1984,1,0,SEN FALU
4510,"GUSTAVSSON, LEIF",Nej,SWE,LILLEN,1950-06-16,,IF ELFSBORG,1970-1984,274,3,
5676,"GUSTAVSSON, LENNART",Nej,SWE,,1968-02-27,,IK BRAGE,1990,2,0,
5121,"GUSTAVSSON, MIKAEL",Nej,SWE,,1961-11-23,,HALMSTADS BK,1982,2,0,
3866,"GUSTAVSSON, RONNY",Ja,SWE,,1947-06-25,,AIK,1969-1976,143,0,
5014,"GUSTAVSSON, STEFAN",Nej,SWE,,1957-08-04,,VÄSTERÅS SK,1978,21,0,
5266,"GUSTAVSSON, STEFAN",Ja,SWE,,1959-05-18,,ÖSTERS IF,1984,4,0,
6130,"GUSTAVSSON, THOMAS",Nej,SWE,,1966-01-18,,LANDSKRONA BoIS,1994,8,0,
4516,"GUSTAVSSON, TOMMY",Nej,SWE,GYXA,1948-07-02,,LANDSKRONA BoIS,1971-1978,177,30,SEN GUNNARSTORP 75
4523,"GUSTAVSSON, ULF",Nej,SWE,,1958-02-07,,ÖREBRO SK,1977-1978,38,5,
7742,"GUTERSTAM, OLOF",Nej,SWE,,1983-01-04,,IF BROMMAPOJKARNA,2007-2010,83,12,
7742,"GUTERSTAM, OLOF",Nej,SWE,,1983-01-04,,HAMMARBY IF,2008,16,2,
8430,"GUTU, ARCHFORD",Nej,ZIM,,1993-08-05,,KALMAR FF,2012-2013,26,0,
9098,"GWARGIS, PETER",Nej,SWE,,2000-09-04,,MALMÖ FF,2021,5,0,
9098,"GWARGIS, PETER",Nej,SWE,,2000-09-04,,DEGERFORS IF,2023,24,1,
8834,"GYAN, KING OSEI",Nej,GHA,,1988-12-22,,HALMSTADS BK,2014-2015,45,1,
9942,"GYAU, JOSEPH-CLAUDE",Nej,,JOE,1992-09-16,,DEGERFORS IF,2022-2023,48,1,*USA/GHA*
4518,"GYLLANDER, HARRY",Nej,SWE,,1948-10-04,,IFK LULEÅ,1971,10,1,SEN ÄLVSBYN 75
5314,"GYLLENVÅG, LARS",Nej,SWE,,1957-05-11,,IK BRAGE,1980-1986,135,22,
5611,"GÅRDEFORS, BENGT-ERIK",Nej,SWE,,1960-10-09,,ÖREBRO SK,1989,1,0,
3869,"GÅRDEVALL, LENNART",Ja,SWE,,1945-09-28,1990-02-09,DEGERFORS IF,1966,1,0,
1270,"GÄFVERT, GUNNAR",Nej,SWE,,1907-09-27,1990-04-18,IFK ESKILSTUNA,1928-1929,7,0,
4519,"GÄLLMAN, BILL",Nej,SWE,,1950-07-28,,IFK LULEÅ,1971,11,2,
4519,"GÄLLMAN, BILL",Nej,SWE,,1950-07-28,,IFK SUNDSVALL,1976-1977,40,8,
2538,"GÄRD, INGVAR",Nej,SWE,,1921-10-06,2006-08-31,MALMÖ FF,1945-1951,89,1,
6423,"GÄRDEMAN, FREDRIK",Nej,SWE,,1968-05-23,,KALMAR FF,2002,11,0,
1809,"GÖRANSSON, ARNE",Nej,SWE,,1918-01-30,2005-05-10,IFK GÖTEBORG,1937-1938,14,4,FR ELISEDAL 3608
1813,"GÖRANSSON, ERIK",Nej,SWE,BILLY BOY,1911-03-13,1991-10-05,HALMSTADS BK,1934-1936,60,1,
4506,"GÖRANSSON, GÖRAN",Nej,SWE,DRUTTEN,1956-05-07,,AIK,1974-1990,268,13,
2532,"GÖRANSSON, GÖSTA",Nej,SWE,,1917-07-07,1972-02-28,HALMSTADS BK,1943-1944,20,8,FR LOTORP VIA FINSPÅNG
3210,"GÖRANSSON, KURT",Nej,SWE,,1928-11-30,2014-06-06,IFK GÖTEBORG,1952-1955,4,0,
5385,"GÖRANSSON, MIKAEL",Nej,SWE,,1966-05-15,,GAIS,1988-1991,77,4,
5385,"GÖRANSSON, MIKAEL",Nej,SWE,,1966-05-15,,VÄSTRA FRÖLUNDA IF,1992-1998,107,11,
5385,"GÖRANSSON, MIKAEL",Nej,SWE,,1966-05-15,,IF ELFSBORG,1999-2000,25,0,
5385,"GÖRANSSON, MIKAEL",Nej,SWE,,1966-05-15,,BK HÄCKEN,2001,20,1,
1271,"GÖRANSSON, NILS",Nej,SWE,,1905-11-11,1976-08-11,IK SLEIPNER,1929-1930,19,0,
3214,"GÖRANSSON, OLLE",Nej,SWE,SVEN-OLOF,1925-11-14,2022-04-20,HALMSTADS BK,1955-1957,53,4,
4522,"GÖRANSSON, PÄR",Ja,SWE,,1952-08-20,,IFK SUNDSVALL,1976,4,0,
2543,"GÖRANSSON, WILLIAM",Nej,SWE,,1921-05-10,1972-04-13,SANDVIKENS IF,1940,1,0,
3205,"GÖRAS, JOHN",Nej,SWE,,1930-01-13,2023-09-21,AIK,1953-1955,14,4,
7934,"GÖRLITZ, MICHAEL",Nej,TYS,MICHI,1987-03-08,,HALMSTADS BK,2008-2011,103,12,
8641,"GÖTESSON, VIKTOR",Nej,SWE,,1995-07-14,,MJÄLLBY AIF,2014,5,0,
8641,"GÖTESSON, VIKTOR",Nej,SWE,,1995-07-14,,IF ELFSBORG,2016,3,0,
2531,"GÖTHARSSON, ARNE",Nej,SWE,,1918-03-14,1981-07-28,IS HALMIA,1944,1,0,
3886,"GÖTHE, BENGT",Nej,SWE,,1934-12-21,1989-09-18,ÖREBRO SK,1961,1,0,TID TROLLHÄTTAN
1820,"HAAG, EMIL",Nej,SWE,MILLE,1915-10-07,1943-08-03,AIK,1934-1939,3,0,
1820,"HAAG, EMIL",Nej,SWE,MILLE,1915-10-07,1943-08-03,HAMMARBY IF,1940,16,1,
1272,"HAAK, EINAR",Nej,SWE,,1901-04-15,1994-12-02,IFK GÖTEBORG,1926,11,1,
5977,"HAARANEN, JIMMY",Nej,SWE,,1973-06-12,,IK BRAGE,1993,8,2,
7474,"HADDAD, ANDREAS YACOB",Nej,SWE,,1982-05-05,,ASSYRISKA FF,2005,13,3,
7474,"HADDAD, ANDREAS YACOB",Nej,SWE,,1982-05-05,,ÖREBRO SK,2011-2012,8,3,
7474,"HADDAD, ANDREAS YACOB",Nej,SWE,,1982-05-05,,IF BROMMAPOJKARNA,2013,11,5,
7647,"HADENIUS, ANDREAS",Nej,SWE,,1991-03-17,,IFK NORRKÖPING,2014-2017,47,1,
8642,"HADZIKADUNIC, DENNIS",Nej,SWE,,1998-07-09,,MALMÖ FF,2016-2022,30,1,
8642,"HADZIKADUNIC, DENNIS",Nej,SWE,,1998-07-09,,TRELLEBORGS FF,2018,10,0,
9622,"HAFSTEINSSON, DANIEL",Nej,ISL,,1999-11-12,,HELSINGBORGS IF,2019,6,0,
3909,"HAFSTRAND, JAN",Nej,SWE,BUDDA,1944-04-22,,IFK GÖTEBORG,1964,5,0,FR LUNDEN
3896,"HAGBERG, BO-GÖRAN",Ja,SWE,,1939-01-13,2024-01-20,IK BRAGE,1966,4,0,FR FORSSA BK 64
5652,"HAGBERG, CONNY",Nej,SWE,,1960-03-24,2024-04-06,ÖSTERS IF,1985-1986,29,3,
2570,"HAGBERG, EIGIL",Nej,SWE,,1926-05-26,2013-03-30,JÖNKÖPINGS SÖDRA IF,1946-1949,12,3,FR BK VARG.
3937,"HAGBERG, GÖRAN",Ja,SWE,,1947-11-08,2024-04-02,ÖSTERS IF,1969-1979,242,0,
3937,"HAGBERG, GÖRAN",Ja,SWE,,1947-11-08,2024-04-02,AIK,1982,10,0,
1274,"HAGBERG, HELGE",Nej,SWE,ÅRAN,1902-12-05,1948-02-02,DJURGÅRDENS IF,1928,12,0,
3895,"HAGBERG, HÅKAN",Nej,SWE,,1941-06-20,,IK BRAGE,1966,22,2,FR FORSSA BK 66
5058,"HAGBERG, KENT",Nej,SWE,-ERIK,1953-11-16,,IK BRAGE,1980-1985,123,5,
3931,"HAGE, BERTIL",Nej,SWE,,1936-04-14,2014-07-11,GIF SUNDSVALL,1965,12,3,
1307,"HAGELIN, ERIK",Nej,SWE,,1906-05-18,1985-11-15,IK SLEIPNER,1926,1,0,
1827,"HAGELIN, HENRY",Ja,SWE,HAGIS,1910-07-14,1986-07-23,DJURGÅRDENS IF,1937,8,0,
1275,"HAGELIN, OSCAR",Nej,SWE,,1892-03-17,1974-11-11,IK SLEIPNER,1926,4,0,
7392,"HAGERNÄS, JOAKIM",Nej,SWE,,1980-02-09,,AIK,2004,1,0,
7392,"HAGERNÄS, JOAKIM",Nej,SWE,,1980-02-09,,IF BROMMAPOJKARNA,2007,19,1,
9174,"HAGHIGHI, ALIREZA",Ja,IRN,,1988-05-02,,ATHLETIC FC ESKILSTU,2017,17,0,
7189,"HAGINGE, PATRIK",Nej,SWE,,1985-04-02,,ÖREBRO SK,2004-2017,164,9,
7189,"HAGINGE, PATRIK",Nej,SWE,,1985-04-02,,DJURGÅRDENS IF,2008-2010,43,3,
1276,"HAGLUND, ALGOT",Nej,SWE,AGGE,1905-09-19,1963-10-17,DJURGÅRDENS IF,1928,20,2,
1276,"HAGLUND, ALGOT",Nej,SWE,AGGE,1905-09-19,1963-10-17,AIK,1930-1932,3,1,
7765,"HAGLUND, ANDREAS",Nej,SWE,,1990-01-01,,IFK NORRKÖPING,2008,11,0,
3927,"HAGLUND, BERT-OLA",Nej,SWE,OLOF,1942-02-16,,IFK NORRKÖPING,1964-1968,14,1,FR IFK FALK 64
1033,"HAGLUND, CURT",Nej,SWE,DINTY,1909-03-30,1975-04-10,AIK,1929-1933,13,4,
3258,"HAGLUND, KENNETH",Nej,SWE,,1934-09-16,2021-02-20,JÖNKÖPINGS SÖDRA IF,1954,2,0,
7521,"HAGLUND, MATS",Nej,SWE,,1976-05-09,,BK HÄCKEN,2005,2,0,
1616,"HAGLUND, PHILIP",Nej,SWE,,1987-03-22,,IF BROMMAPOJKARNA,2007-2009,43,8,
1616,"HAGLUND, PHILIP",Nej,SWE,,1987-03-22,,IFK GÖTEBORG,2011-2014,69,8,
1616,"HAGLUND, PHILIP",Nej,SWE,,1987-03-22,,HAMMARBY IF,2015-2016,49,3,
1616,"HAGLUND, PHILIP",Nej,SWE,,1987-03-22,,IK SIRIUS,2017-2019,82,21,
2550,"HAGLÖF, ROLF",Nej,SWE,,1923-09-27,2002-12-31,IK BRAGE,1944,4,0,
2552,"HAGMAN, ARNE",Nej,SWE,DUSA,1926-05-14,2007-07-30,DEGERFORS IF,1947-1953,93,2,FR/T CITY
2552,"HAGMAN, ARNE",Nej,SWE,DUSA,1926-05-14,2007-07-30,IFK ESKILSTUNA,1958,25,1,
5034,"HAGMAN, KENNETH",Nej,SWE,,1954-06-02,,ÖREBRO SK,1978,3,1,
5864,"HAGMAN, PATRIK",Nej,SWE,,1966-06-15,,DJURGÅRDENS IF,1991,7,0,
5864,"HAGMAN, PATRIK",Nej,SWE,,1966-06-15,,AIK,1994,10,0,
4550,"HAGMAN, PER-OLOF",Nej,SWE,,1956-01-30,2011-10-19,ÖRGRYTE IS,1975-1981,47,0,
2572,"HAGMAN, RAGNAR",Nej,SWE,,1924-01-04,2010-03-10,LANDSKRONA BoIS,1949,22,0,FR LANDSKR IF
3926,"HAGSTRÖM, PETER",Nej,SWE,,1947-09-24,,IFK NORRKÖPING,1968-1969,4,0,
9954,"HAHN, WERNER",Ja,SUR/,,1992-06-15,,IFK GÖTEBORG,2022,26,0,
8644,"HAKSABANOVIC, SEAD",Nej,SWE,,1999-05-04,,HALMSTADS BK,2015-2017,28,4,
8644,"HAKSABANOVIC, SEAD",Nej,SWE,,1999-05-04,,IFK NORRKÖPING,2019-2021,65,13,
8644,"HAKSABANOVIC, SEAD",Nej,SWE,,1999-05-04,,DJURGÅRDENS IF,2022,11,2,
7830,"HALILOVIC, NEDIM",Nej,BIH,,1979-07-01,,ÖREBRO SK,2007-2008,28,4,
9842,"HALITI, JETMIR",Nej,SWE/LIB,,1996-09-14,,AIK,2021-2023,25,0,
9842,"HALITI, JETMIR",Nej,SWE/LIB,,1996-09-14,,MJÄLLBY AIF,2022,23,0,
1853,"HALL, GÖSTA",Nej,SWE,GUSTAV,1906-11-20,1980-09-18,IK SLEIPNER,1933,3,0,FR DERBY 33
3232,"HALL, LARS GÖSTA",Nej,SWE,LACKE,1931-04-24,2021-06-18,AIK,1953-1958,35,7,
5202,"HALL, STEFAN",Nej,SWE,,1960-06-15,,MJÄLLBY AIF,1985,2,0,
3914,"HALL, SUNE",Nej,SWE,,1939-12-27,,HAMMARBY IF,1962,3,0,
1847,"HALLBERG, ELIS",Nej,SWE,,1909-10-10,1995-08-18,IFK NORRKÖPING,1937,1,0,
1833,"HALLBERG, GÖSTA",Nej,SWE,,1916-02-23,1994-11-07,GÅRDA BK,1936-1942,38,0,
9050,"HALLBERG, HERMAN",Nej,SWE,,1997-05-22,,KALMAR FF,2016-2019,71,3,
3916,"HALLBERG, JAN",Ja,SWE,HALLON,1941-03-30,2010-07-01,HELSINGBORGS IF,1966-1968,23,0,FR DROTT
8159,"HALLBERG, MELKER",Nej,SWE,,1995-10-20,,KALMAR FF,2012-2023,106,9,
8159,"HALLBERG, MELKER",Nej,SWE,,1995-10-20,,HAMMARBY IF,2016,12,0,
3917,"HALLBERG, STIG",Ja,SWE,,1938-11-03,2023-11-08,HELSINGBORGS IF,1963-1965,64,0,
5868,"HALLBERG, THOMAS",Nej,SWE,,1967-03-18,,GAIS,1991-1992,28,4,MKL FLODA BOIF
1277,"HALLBÄCK, ALBIN",Nej,SWE,SPJASS,1902-04-06,1962-12-18,IFK MALMÖ,1929-1932,76,30,
7374,"HALLENIUS, LINUS",Nej,SWE,,1989-04-01,,GIF SUNDSVALL,2008-2019,97,35,
7374,"HALLENIUS, LINUS",Nej,SWE,,1989-04-01,,HAMMARBY IF,2009-2015,31,3,
7374,"HALLENIUS, LINUS",Nej,SWE,,1989-04-01,,HELSINGBORGS IF,2016,18,2,
7374,"HALLENIUS, LINUS",Nej,SWE,,1989-04-01,,IFK NORRKÖPING,2020,8,0,
5041,"HALLÉN, GREGER",Nej,SWE,,1955-02-14,,ÖSTERS IF,1979-1984,97,5,
7717,"HALLFREDSSON, EMIL",Nej,ISL,,1984-06-29,,MALMÖ FF,2006,19,5,
3920,"HALLGREN, CHRISTER",Nej,SWE,,1941-12-24,2017-01-20,JÖNKÖPINGS SÖDRA IF,1969,7,1,
2571,"HALLIN, EVERT",Nej,SWE,,1924-09-30,1978-02-26,JÖNKÖPINGS SÖDRA IF,1949,1,0,
3265,"HALLIN, SVEN",Nej,SWE,,1932-03-30,2008-09-21,MOTALA AIF,1958,16,0,
1841,"HALLING, ERIK",Nej,SWE,,1912-08-13,1994-12-13,LANDSKRONA BoIS,1937-1939,34,11,
8267,"HALLINGSTRÖM, DANIEL",Nej,SWE,,1981-02-10,,ÅTVIDABERGS FF,2010-2015,130,2,FD JOHANSSON
1828,"HALLMAN, ÅKE",Nej,SWE,,1912-11-12,1973-06-21,IF ELFSBORG,1931-1938,84,27,
1828,"HALLMAN, ÅKE",Nej,SWE,,1912-11-12,1973-06-21,IFK GÖTEBORG,1940-1942,44,10,
5667,"HALLSTRÖM, PETER",Nej,SWE,,1971-07-29,,AIK,1990-1992,44,3,
3252,"HALLSTRÖM, ÅKE",Nej,SWE,,1929-05-09,2017-06-20,HALMSTADS BK,1955-1958,91,3,
3252,"HALLSTRÖM, ÅKE",Nej,SWE,,1929-05-09,2017-06-20,IS HALMIA,1963,21,1,
7963,"HALSTI, MARKUS",Nej,FIN,,1984-03-19,,MALMÖ FF,2008-2014,115,6,
8646,"HALVADZIC, MIRZA",Nej,SWE,,1996-02-15,,IFK NORRKÖPING,2014-2015,3,0,
7643,"HAMAD, JILOAN",Nej,SWE,,1990-11-06,,MALMÖ FF,2008-2013,126,22,
7643,"HAMAD, JILOAN",Nej,SWE,,1990-11-06,,HAMMARBY IF,2017-2018,54,15,
7643,"HAMAD, JILOAN",Nej,SWE,,1990-11-06,,ÖREBRO SK,2021,15,0,
7480,"HAMED, GHASSAN",Nej,IRQ,,1971-12-18,,ASSYRISKA FF,2005,8,0,
9100,"HAMMAR, FREDRIK",Nej,SWE,,2001-02-26,,HAMMARBY IF,2022-2023,23,1,
8136,"HAMMAR, JOHAN",Nej,SWE,,1994-02-22,,MALMÖ FF,2013-2014,8,0,
8136,"HAMMAR, JOHAN",Nej,SWE,,1994-02-22,,BK HÄCKEN,2018-2023,111,6,
3249,"HAMMAR, LEIF",Nej,SWE,TIMPA,1932-07-25,2017-06-07,GAIS,1957,2,0,FR IFK TROLLH
1829,"HAMMAR, SVEN",Nej,SWE,,1911-05-26,1979-12-24,GAIS,1934-1938,47,19,
5285,"HAMMAR, URBAN",Nej,SWE,,1961-08-12,,AIK,1987,1,0,
5661,"HAMMARLUND, JESPER",Nej,SWE,,1971-03-09,,ÖSTERS IF,1988-1992,11,0,
2569,"HAMMARLUND, SUNE",Nej,SWE,,1922-08-14,2016-09-15,HELSINGBORGS IF,1947,4,1,
1837,"HAMMARSTRÖM, ERIC",Ja,SWE,,1917-03-30,1988-05-31,HALLSTAHAMMARS SK,1939,22,0,
5473,"HAMMARSTRÖM, JOHAN",Nej,SWE,,1967-03-17,,HAMMARBY IF,1988-1995,72,5,EM NORGE
3234,"HAMRIN, KURT",Nej,SWE,,1934-11-19,2024-02-04,AIK,1953-1956,62,54,EM ITA 1955
9871,"HAMSIK, MAREK",Nej,SLK,,1987-07-27,,IFK GÖTEBORG,2021,6,1,
6228,"HAMZU, DANIEL",Nej,SWE,,1978-06-18,,IFK NORRKÖPING,1995,1,0,
6228,"HAMZU, DANIEL",Nej,SWE,,1978-06-18,,ÖSTERS IF,2003,19,5,
6228,"HAMZU, DANIEL",Nej,SWE,,1978-06-18,,ASSYRISKA FF,2005,23,2,
5584,"HANNER, MIKE",Nej,SWE,MICHAEL,1956-04-15,,VÄSTRA FRÖLUNDA IF,1987,8,0,
3235,"HANNERZ, JERKER",Nej,SWE,,1932-12-25,2013-07-28,AIK,1951,2,0,
5174,"HANSMARK, THOMAS",Nej,SWE,,1962-03-12,,MALMÖ FF,1984,1,0,
1278,"HANSSON, ARTHUR",Nej,SWE,ATTE,1904-12-06,1957-01-03,HELSINGBORGS IF,1927,6,2,
1278,"HANSSON, ARTHUR",Nej,SWE,ATTE,1904-12-06,1957-01-03,STATTENA IF,1928-1930,18,8,
3257,"HANSSON, BERNT",Nej,SWE,BOGLA,1935-06-22,2018-08-23,JÖNKÖPINGS SÖDRA IF,1953-1960,22,5,
3264,"HANSSON, BO",Nej,SWE,MYSING,1936-04-20,,IFK MALMÖ,1958-1962,90,0,SEN HARLÖSA 68
2574,"HANSSON, BÖRJE",Ja,SWE,LAVA,1922-05-16,2014-04-07,LANDSKRONA BoIS,1945,4,0,
1857,"HANSSON, ERIK",Nej,SWE,JERIKO-ERIK,1913-06-16,1999-04-24,ÖRGRYTE IS,1936-1940,9,0,
2252,"HANSSON, ERIK",Nej,SWE,SLÄGGAN,1909-01-18,1971-08-23,STATTENA IF,1928-1930,2,0,
1279,"HANSSON, ERNST",Nej,SWE,BAGARN,1901-01-21,1969-06-08,WESTERMALMS IF,1927-1929,37,0,
1042,"HANSSON, EVERT",Nej,SWE,SPERLINGEN,1908-02-23,1979-01-17,ÖRGRYTE IS,1927-1940,219,61,
2560,"HANSSON, GUSTAV",Nej,SWE,TUDOR,1924-05-02,1999-03-03,IFK GÖTEBORG,1946,2,0,
1280,"HANSSON, GÖSTA",Nej,SWE,,1907-06-30,1993-02-08,IK SLEIPNER,1929-1931,7,0,
4554,"HANSSON, HANS",Nej,SWE,,1948-10-05,,ÖSTERS IF,1971-1975,19,2,
0455,"HANSSON, HENRIK",Nej,SWE,,1973-06-23,,ÖSTERS IF,1992-1994,30,1,
0455,"HANSSON, HENRIK",Nej,SWE,,1973-06-23,,ÖRGRYTE IS,1995-1996,17,1,
0455,"HANSSON, HENRIK",Nej,SWE,,1973-06-23,,BK HÄCKEN,1998,8,1,
2253,"HANSSON, HENRY",Nej,SWE,BJÄSSEN,1902-09-09,1977-01-18,ÖRGRYTE IS,1931,14,0,FR LANDALA 1930
2559,"HANSSON, HOLGER",Nej,SWE,MURARN,1927-01-26,2014-01-17,IFK GÖTEBORG,1947-1960,236,13,
3893,"HANSSON, HÅKAN",Nej,SWE,,1944-08-01,,AIK,1968,1,0,
1839,"HANSSON, IVAN",Nej,SWE,,1914-07-10,1977-06-07,HELSINGBORGS IF,1938,9,2,
1281,"HANSSON, JOHN",Nej,SWE,JONNE,1896-06-25,1973-01-29,HELSINGBORGS IF,1925-1926,17,4,
2568,"HANSSON, KARL-AXEL",Nej,SWE,,1916-02-02,1999-03-16,HAMMARBY IF,1940,3,0,FR KARLSKRONA BK
1843,"HANSSON, KNUT",Nej,SWE,BUCKLA,1911-05-09,1990-02-10,LANDSKRONA BoIS,1931-1942,128,64,
4532,"HANSSON, LARS-ERIK",Nej,SWE,KNUTTE BILLSTRÖM,1951-06-11,,BRYNÄS IF,1974,2,1,
3245,"HANSSON, LENNART",Nej,SWE,,1931-09-14,2011-03-22,GAIS,1951,3,0,
3245,"HANSSON, LENNART",Nej,SWE,,1931-09-14,2011-03-22,MALMÖ FF,1959-1960,18,7,
7642,"HANSSON, MARCUS",Nej,SWE,,1990-02-12,,GEFLE IF,2009-2014,156,7,
7642,"HANSSON, MARCUS",Nej,SWE,,1990-02-12,,DJURGÅRDENS IF,2016-2017,25,0,
6151,"HANSSON, MICHAEL",Nej,SWE,,1972-01-22,,TRELLEBORGS FF,1994-1999,135,28,
6151,"HANSSON, MICHAEL",Nej,SWE,,1972-01-22,,HELSINGBORGS IF,2000-2003,62,9,
5713,"HANSSON, MIKAEL",Nej,SWE,GÄDDA -FINÉR,1968-03-15,,IFK NORRKÖPING,1990-1999,204,19,
5083,"HANSSON, MORGAN",Nej,SWE,MOJE,1961-06-30,,IF ELFSBORG,1980-1984,78,7,
5083,"HANSSON, MORGAN",Nej,SWE,MOJE,1961-06-30,,ÖSTERS IF,1985-1991,77,7,
9718,"HANSSON, NOEL",Nej,SWE,,2003-09-06,,IK SIRIUS,2020,1,0,FR LUNDS BK
5664,"HANSSON, PATRIK",Nej,SWE,PATA,1969-09-23,,ÖSTERS IF,1988,6,0,
3928,"HANSSON, PER",Nej,SWE,PÄRA,1949-02-01,,IK SIRIUS,1969-1974,62,4,
3928,"HANSSON, PER",Nej,SWE,PÄRA,1949-02-01,,VÄSTERÅS SK,1978,25,0,
3250,"HANSSON, PER-OLOF",Nej,SWE,,1932-03-24,2016-04-10,IFK GÖTEBORG,1953-1961,109,9,
6594,"HANSSON, PETTER",Nej,SWE,,1976-12-14,,HALMSTADS BK,1998-2002,86,13,
7079,"HANSSON, PÄR",Ja,SWE,,1986-06-22,,HELSINGBORGS IF,2009-2015,193,0,MV/UTESP P-LK 2002
3903,"HANSSON, ROGER",Nej,SWE,,1950-11-07,,GAIS,1969-1972,21,1,
5310,"HANSSON, ROGER",Nej,SWE,,1957-09-15,,IK BRAGE,1980-1986,129,31,
3933,"HANSSON, ROLF",Nej,SWE,BRONCO,1943-12-19,1981-11-06,ÖRGRYTE IS,1962-1970,132,26,
3933,"HANSSON, ROLF",Nej,SWE,BRONCO,1943-12-19,1981-11-06,IFK SUNDSVALL,1976,16,1,
2555,"HANSSON, RUNE-VY",Nej,SWE,,1922-07-22,1982-04-06,IF ELFSBORG,1942-1945,3,1,"VY, KBIK 48,KFF 56"
2254,"HANSSON, SUNE",Nej,SWE,,1906-06-18,1987-10-12,HELSINGBORGS IF,1930,2,0,"EV ÄVEN 31, DROTT 1928"
5110,"HANSSON, THOMAS",Nej,SWE,,1962-08-23,2015-08-11,IFK GÖTEBORG,1981-1982,4,0,
5110,"HANSSON, THOMAS",Nej,SWE,,1962-08-23,2015-08-11,GEFLE IF,1984,22,0,
3919,"HANSSON, THORSTEN",Nej,SWE,,1929-06-15,2013-12-03,HÖGADALS IS,1962,22,3,
4543,"HANSSON, TOMMY",Nej,SWE,,1956-01-09,,MALMÖ FF,1975-1980,84,25,
3936,"HANSSON, URBAN",Nej,SWE,,1938-02-08,2006-05-04,ÖRGRYTE IS,1961,1,0,FR SMÖGEN
1282,"HANSSON, ÅKE",Nej,SWE,BAJEN,1903-04-16,1981-10-21,IFK GÖTEBORG,1925-1929,104,5,
1282,"HANSSON, ÅKE",Nej,SWE,BAJEN,1903-04-16,1981-10-21,REDBERGSLIDS IK,1931,22,0,
3263,"HANSSON, ÅKE",Nej,SWE,,1927-05-07,2015-09-06,MALMÖ FF,1951-1957,132,14,HÄSSLEHOLM
4370,"HANSTVEIT, ERLEND",Nej,NOR,,1981-01-28,,HELSINGBORGS IF,2011-2013,52,1,
4926,"HANZON, THOMAS",Nej,SWE,,1962-06-20,,DJURGÅRDENS IF,1979-1980,20,0,
3242,"HARALDSSON, INGEMAR",Ja,SWE,,1928-12-03,2004-03-19,KALMAR FF,1950-1951,29,0,
3242,"HARALDSSON, INGEMAR",Ja,SWE,,1928-12-03,2004-03-19,IF ELFSBORG,1952-1962,90,0,
3907,"HARALDSSON, LARS-OVE",Nej,SWE,SJÖLANDER,1942-07-21,,GAIS,1967-1969,26,3,
6612,"HARALDSSON, MIKAEL",Nej,SWE,,1973-10-09,,BK HÄCKEN,1998,1,0,
9199,"HARALDSSON, TRYGGVI",Nej,ISL,,1996-09-30,,HALMSTADS BK,2017,9,2,
6989,"HARBUZI, LABINOT",Nej,SWE,,1986-04-04,2018-10-11,MALMÖ FF,2006-2009,50,4,
6989,"HARBUZI, LABINOT",Nej,SWE,,1986-04-04,2018-10-11,SYRIANSKA FC,2012,3,0,
3904,"HARMAN, KENT",Ja,SWE,,1943-04-22,,GAIS,1969-1970,40,0,
9472,"HARO, DAVID",Nej,SPA,,1990-07-17,,GIF SUNDSVALL,2018-2019,21,3,
5504,"HARRYSSON, PER",Nej,SWE,,1967-02-20,,MALMÖ FF,1987,1,1,
5504,"HARRYSSON, PER",Nej,SWE,,1967-02-20,,AIK,1990-1991,32,5,
5504,"HARRYSSON, PER",Nej,SWE,,1967-02-20,,LANDSKRONA BoIS,1994,18,2,
5149,"HARTWIG, LARS",Nej,SWE,,1963-01-02,,BK HÄCKEN,1983,3,0,
7713,"HASANI, SHPETIM",Nej,ALB/KO,,1982-08-10,,KALMAR FF,2006,12,1,
7713,"HASANI, SHPETIM",Nej,ALB/KO,,1982-08-10,,IFK NORRKÖPING,2011-2012,46,12,
7713,"HASANI, SHPETIM",Nej,ALB/KO,,1982-08-10,,ÖREBRO SK,2012-2014,24,9,
7713,"HASANI, SHPETIM",Nej,ALB/KO,,1982-08-10,,GIF SUNDSVALL,2015-2016,24,2,
9356,"HASIC, EMIN",Nej,SWE,,2003-02-08,,IFK VÄRNAMO,2023,4,0,
7195,"HASSAN, ABBAS",Ja,SWE,,1985-05-10,,IF ELFSBORG,2005-2015,19,0,
7195,"HASSAN, ABBAS",Ja,SWE,,1985-05-10,,IFK NORRKÖPING,2011-2012,30,0,
2548,"HASSEL, ALGOT",Nej,SWE,,1915-04-25,1985-03-21,BILLINGSFORS IK,1947,22,1,FD KARLSSON
4548,"HASSELBERG, BO",Nej,SWE,,1950-02-03,,ÅTVIDABERGS FF,1974-1976,61,15,
2580,"HASSELBLAD, SVEN",Nej,SWE,BLASKAN,1917-11-26,2003-08-17,REYMERSHOLMS IK,1942,22,1,
5486,"HASSELGREN, HENRIK",Nej,SWE,,1966-05-07,,KALMAR FF,1985-1986,6,0,
1831,"HASSELGREN, TORSTEN",Nej,SWE,,1911-03-04,1973-10-09,GEFLE IF,1935,2,0,
1283,"HASSELMARK, ALLAN",Nej,SWE,,1904-10-17,1975-01-28,IFK NORRKÖPING,1925-1928,80,8,
1283,"HASSELMARK, ALLAN",Nej,SWE,,1904-10-17,1975-01-28,ÖRGRYTE IS,1929,4,2,
3254,"HASSELQVIST, BERNE",Nej,SWE,,1935-12-01,,HELSINGBORGS IF,1958-1965,51,3,
9664,"HAUGAARD, JACOB",Ja,DAN,,1992-05-01,,AIK,2020,14,0,
9646,"HAUGAN, EIRIK",Nej,NOR,,1997-08-27,,ÖSTERSUNDS FK,2019-2021,66,0,
8316,"HAUGER, HENNING",Nej,NOR,,1985-07-17,,IF ELFSBORG,2013-2016,88,2,
8927,"HAUKSON, HAUKUR",Nej,ISL,,1991-09-01,,AIK,2015-2018,57,5,
5461,"HAUTALAHTI, PETER",Nej,SWE,,1967-02-22,,HAMMARBY IF,1985-1990,73,2,
8388,"HAY PINO, BRUNET",Nej,PAN,,1984-09-07,,ÖREBRO SK,2011,1,0,
7425,"HAYNES, KRISTIAN",Nej,SWE/U,,1980-12-20,,TRELLEBORGS FF,2004-2011,135,22,
7425,"HAYNES, KRISTIAN",Nej,SWE/U,,1980-12-20,,AIK,2006-2007,13,1,
7425,"HAYNES, KRISTIAN",Nej,SWE/U,,1980-12-20,,MJÄLLBY AIF,2013-2014,49,14,
5450,"HED, MATTIAS",Nej,SWE,KARLSSON TID.,1969-05-15,,HALMSTADS BK,1989-1999,145,6,
2584,"HEDBERG, AXEL",Nej,SWE,,1924-07-06,1980-09-05,ÖREBRO SK,1947,9,0,
2549,"HEDBLOM, STIG",Nej,SWE,,1923-07-26,1946-05-22,IK BRAGE,1944,12,0,
1284,"HEDEBERG, EINAR",Nej,SWE,SKÄDDA,1898-10-23,1985-04-06,ÖRGRYTE IS,1925-1928,9,2,FR IK LÖPAREN
2255,"HEDELIN, YNGWE",Nej,SWE,,1909-03-27,1983-09-18,IFK GÖTEBORG,1931,3,0,
4538,"HEDENSTRÖM, BJÖRN",Nej,SWE,,1954-02-09,,HAMMARBY IF,1976-1984,131,9,
2567,"HEDERÉN, GUSTAV",Nej,SWE,,1914-12-25,1992-08-05,HAMMARBY IF,1940,1,0,
5537,"HEDÉN, JAN",Nej,SWE,,1960-11-19,,IK BRAGE,1983-1986,86,0,
5537,"HEDÉN, JAN",Nej,SWE,,1960-11-19,,IFK NORRKÖPING,1987-1991,71,1,
3233,"HEDÉN, LARS",Nej,SWE,,1934-09-04,2013-04-29,AIK,1957,9,2,
6632,"HEDÉN, MATS",Nej,SWE,,1976-05-30,,VÄSTRA FRÖLUNDA IF,1998-2000,56,0,
6632,"HEDÉN, MATS",Nej,SWE,,1976-05-30,,BK HÄCKEN,2005-2006,44,0,
1285,"HEDIHN, ERIK",Nej,SWE,,1903-01-07,1987-09-08,IF ELFSBORG,1927-1929,56,1,
1034,"HEDIHN, NILS",Nej,SWE,,1905-07-31,1978-03-13,IF ELFSBORG,1927-1935,170,51,
1286,"HEDIN, DAVID",Nej,SWE,,1896-12-26,1984-02-10,VÄSTERÅS IK,1925,2,0,EM USA
4975,"HEDIN, HÅKAN",Nej,SWE,,1952-11-03,,KALMAR FF,1978,1,0,SEN LINDSDAL
4552,"HEDIN, JOHN",Nej,SWE,,1945-11-16,,ÖRGRYTE IS,1970,2,0,FR/T YTTERBY 71
3900,"HEDIN, JOHN",Ja,SWE,,1944-06-12,2009-09-17,IF ELFSBORG,1966-1975,176,0,KRONÄNGS IF 1981
6138,"HEDIN, TONY",Nej,SWE,,1976-04-09,,LANDSKRONA BoIS,1994,1,0,
1631,"HEDINSSON, EYJOLFUR",Nej,ISL,,1985-01-01,,GAIS,2007-2010,100,12,
9456,"HEDLUND, LUCAS",Nej,SWE,,1998-08-18,,BK HÄCKEN,2018,1,0,
3929,"HEDLUND, MORGAN",Nej,SWE,,1945-02-23,,IK SIRIUS,1969,17,6,
3929,"HEDLUND, MORGAN",Nej,SWE,,1945-02-23,,ÖREBRO SK,1970-1971,14,3,
7867,"HEDLUND, SIMON",Nej,SWE,,1993-03-11,,IF ELFSBORG,2012-2023,101,15,EJ ALLSV 17-22
3268,"HEDLUND, TAGE",Nej,SWE,,1928-03-02,2005-09-26,NORRBY IF,1956,6,4,
7491,"HEDLUND, THOMAS",Nej,SWE,,1973-01-24,,GEFLE IF,2005-2008,101,0,
5670,"HEDMAN, MAGNUS",Ja,SWE,,1973-03-19,,AIK,1990-1997,127,0,
5721,"HEDMAN, PETER",Nej,SWE,,1966-09-18,,ÖRGRYTE IS,1990-1993,34,7,
5721,"HEDMAN, PETER",Nej,SWE,,1966-09-18,,IK ODDEVOLD,1996,24,0,
2551,"HEDMAN, SIGURD",Nej,SWE,,1919-02-11,2005-11-16,IK BRAGE,1940-1941,6,0,
3915,"HEDMAN, SÖREN",Nej,SWE,,1931-03-01,1992-01-01,IFK HOLMSUND,1967,5,0,FR IFK UMEÅ 67
5020,"HEDSTIG, KURTH",Nej,SWE,,1955-02-01,,VÄSTERÅS SK,1978,1,0,FR VISLANDA
6099,"HEDSTRÖM, ANDREAS",Nej,SWE,,1972-03-28,,HALMSTADS BK,1994-1996,9,1,
2256,"HEDSTRÖM, AXEL",Nej,SWE,,1900-07-10,1972-01-29,SANDVIKENS IF,1930,10,3,
1287,"HEDSTRÖM, BIRGER",Nej,SWE,,1908-02-04,1994-02-26,IFK ESKILSTUNA,1928-1931,13,0,
3890,"HEDSTRÖM, LARS-TONY",Nej,SWE,,1943-11-25,,AIK,1969-1972,32,5,
6675,"HEDVALL, EMIL",Ja,SWE,,1983-06-09,,GEFLE IF,2013-2016,71,0,
5396,"HEED, PATRICK",Nej,SWE,,1966-03-09,,GAIS,1989,1,0,
6137,"HEGDAL, JÖRGEN",Nej,SWE,,1970-06-04,,LANDSKRONA BoIS,1994,21,1,
3897,"HEINEMAN, LARS",Nej,SWE,,1943-02-16,,DEGERFORS IF,1961-1964,44,29,
3897,"HEINEMAN, LARS",Nej,SWE,,1943-02-16,,IF ELFSBORG,1965-1967,51,28,
9886,"HEINTZ, TOBIAS",Nej,NOR,,1998-07-13,,BK HÄCKEN,2021,18,2,
3905,"HEJDEBERG, CHRISTER",Nej,SWE,FESKEN,1942-02-08,,GAIS,1964-1970,83,0,
8184,"HELANDER, FILIP",Nej,SWE,,1993-04-22,,MALMÖ FF,2011-2015,71,1,
2547,"HELDT, STEN",Nej,SWE,,1913-07-03,1969-11-14,AIK,1941,4,5,FR ENKÖPING
7583,"HELG, SIMON",Nej,SWE,,1990-04-10,,HAMMARBY IF,2007-2009,34,4,
7583,"HELG, SIMON",Nej,SWE,,1990-04-10,,GIF SUNDSVALL,2012-2015,41,6,
7300,"HELGASON, AUDUN",Nej,ISL,,1974-06-18,,LANDSKRONA BoIS,2003-2004,39,2,
6743,"HELGELAND, ASBJÖRN",Nej,NOR,,1966-02-04,,ÖREBRO SK,1999-2000,29,1,
1288,"HELGESSON, HENNING",Nej,SWE,CHARMÖREN,1900-03-28,1986-09-25,ÖRGRYTE IS,1925-1932,122,9,
4545,"HELLBERG, GERT",Nej,SWE,,1950-05-07,,IFK NORRKÖPING,1971-1978,183,12,
3913,"HELLBERG, LARS",Nej,SWE,LINAN,1946-02-11,,HAMMARBY IF,1967-1972,10,0,
8813,"HELLBERG, SETH",Nej,SWE,,1995-08-19,,IF BROMMAPOJKARNA,2014,9,0,
2562,"HELLBERG, SIGNAR",Nej,SWE,,1921-09-09,2002-07-09,IS HALMIA,1949-1950,36,10,"FR NORRL,BURSERYD,GISLAV"
8649,"HELLBORG, ADAM",Nej,SWE,,1998-07-30,,KALMAR FF,2018,9,0,
8649,"HELLBORG, ADAM",Nej,SWE,,1998-07-30,,IK SIRIUS,2020-2022,74,4,
2257,"HELLERGREN, OLLE",Nej,SWE,OLOF,1911-07-28,1969-09-21,IK SLEIPNER,1930-1932,2,0,
1289,"HELLGREN, VERNER",Nej,SWE,,1904-04-25,1988-01-29,DJURGÅRDENS IF,1928,5,0,FR MARIEBERG
5094,"HELLMAN, BERNT-OLOF",Nej,SWE,BERRA,1950-02-02,,GEFLE IF,1983,19,2,
9692,"HELLMAN, EMIL",Nej,SWE,,2001-04-20,,HELSINGBORGS IF,2020-2022,14,0,
7285,"HELLMANN, ODAIR",Nej,BRA,DODA,1977-01-22,,ENKÖPINGS SK,2003,3,0,
4533,"HELLQVIST, CHRISTER",Nej,SWE,KRIKEN,1949-12-20,,IF ELFSBORG,1973-1980,139,41,SVENLJUNGA SK 1981
7757,"HELLQVIST, PHILIP",Nej,SWE,,1991-05-21,,DJURGÅRDENS IF,2008-2014,98,10,
7757,"HELLQVIST, PHILIP",Nej,SWE,,1991-05-21,,KALMAR FF,2017,9,1,
7757,"HELLQVIST, PHILIP",Nej,SWE,,1991-05-21,,IF BROMMAPOJKARNA,2018,17,5,
1290,"HELLSTRÖM, ARTUR",Nej,SWE,,1908-07-29,1984-02-22,WESTERMALMS IF,1927,2,0,BR NILS
1822,"HELLSTRÖM, BENGT",Nej,SWE,,1914-09-30,1993-11-01,AIK,1939,1,0,
6396,"HELLSTRÖM, ERLAND",Ja,SWE,,1980-12-16,,HAMMARBY IF,2001-2007,13,0,
6396,"HELLSTRÖM, ERLAND",Ja,SWE,,1980-12-16,,ASSYRISKA FF,2005,25,0,
5540,"HELLSTRÖM, JAN",Nej,SWE,,1960-02-21,,IFK NORRKÖPING,1981-1994,230,98,
5540,"HELLSTRÖM, JAN",Nej,SWE,,1960-02-21,,ÖRGRYTE IS,1985-1986,43,15,
3262,"HELLSTRÖM, JAN-ERIK",Ja,SWE,KIRRE,1932-04-24,,KALMAR FF,1954-1955,40,0,FD YSTADS IF
1291,"HELLSTRÖM, JOHN",Nej,SWE,,1898-12-11,1984-06-29,IFK GÖTEBORG,1926,2,0,
7617,"HELLSTRÖM, JONATHAN",Nej,SWE,,1988-08-09,,GEFLE IF,2006-2012,72,0,
4998,"HELLSTRÖM, KENT",Nej,SWE,,1960-01-27,,IFK NORRKÖPING,1979-1982,11,0,
5705,"HELLSTRÖM, MIKAEL",Nej,SWE,,1972-03-11,,HAMMARBY IF,1990-2004,177,4,
3240,"HELLSTRÖM, OLLE",Nej,SWE,OLOF LILL-LAPPEN,1936-01-01,,SANDVIKENS AIK,1955,11,0,
3240,"HELLSTRÖM, OLLE",Nej,SWE,OLOF LILL-LAPPEN,1936-01-01,,DJURGÅRDENS IF,1957-1968,127,4,
3912,"HELLSTRÖM, RONNIE",Ja,SWE,,1949-02-21,2022-02-06,HAMMARBY IF,1967-1974,124,0,
3912,"HELLSTRÖM, RONNIE",Ja,SWE,,1949-02-21,2022-02-06,GIF SUNDSVALL,1988,1,0,
1832,"HELLSTRÖM, SVEN",Ja,SWE,,1908-01-19,1980-04-10,GEFLE IF,1934,4,0,
4547,"HELMERSKOG, PETER",Ja,SWE,,1955-07-01,2016-07-08,IK SIRIUS,1974,12,0,
3908,"HELMÉR, OVE",Nej,SWE,,1933-05-07,,IFK GÖTEBORG,1960,7,0,"FR ODDEV 48,T ODDEV 61"
8962,"HELSTRUP, FREDERIK",Nej,DAN,,1993-03-16,,HELSINGBORGS IF,2015-2016,55,2,HELSTRUP JENSEN
2672,"HELTNE NIELSEN, SIVERT",Nej,NOR,,1991-10-02,,IF ELFSBORG,2019-2020,33,2,
6542,"HEMBERG, CHRISTIAN",Nej,SWE,,1981-12-06,,ÖRGRYTE IS,1999-2005,97,15,
8965,"HEMMEN, MICHIEL",Nej,NED,,1987-06-28,,BK HÄCKEN,2015,7,2,
3231,"HEMMING, LENNART",Nej,SWE,,1932-05-13,2002-04-19,MOTALA AIF,1958,33,0,
3231,"HEMMING, LENNART",Nej,SWE,,1932-05-13,2002-04-19,AIK,1961-1966,104,0,
5374,"HEMMINKI, HARRI",Nej,SWE,,1960-08-27,,IF ELFSBORG,1987,8,0,
8442,"HENDERSON, CRAIG",Nej,NZL,,1987-06-24,,MJÄLLBY AIF,2012-2013,37,7,
9691,"HENDRIKSSON, BRANDUR ÄR",Nej,F,,1995-12-19,,HELSINGBORGS IF,2020,24,2,
2565,"HENNING, SVEN",Nej,SWE,-ARNE BAGARN,1918-12-22,1991-09-09,HAMMARBY IF,1940,4,2,
8550,"HENNINGSSON, ALEXANDER",Nej,SWE,,1990-05-14,,ÖSTERS IF,2013,21,1,
8550,"HENNINGSSON, ALEXANDER",Nej,SWE,,1990-05-14,,HALMSTADS BK,2015-2017,12,1,
3935,"HENNINGSSON, GÖRAN",Nej,SWE,,1937-02-03,2013-12-23,ÖRGRYTE IS,1960-1961,12,0,FR TRANEMO
5430,"HENRICSSON, PETER",Nej,SWE,,1961-08-28,,HALMSTADS BK,1984-1987,85,0,
5430,"HENRICSSON, PETER",Nej,SWE,,1961-08-28,,ÖREBRO SK,1989,7,0,
3256,"HENRIKSSON, BO",Nej,SWE,PUSKAS,1932-09-26,,RÅÅ IF,1952,7,0,
3256,"HENRIKSSON, BO",Nej,SWE,PUSKAS,1932-09-26,,HELSINGBORGS IF,1957-1958,12,1,
8650,"HENRIKSSON, GUSTAV",Nej,SWE,,1998-02-03,,IF ELFSBORG,2018-2023,39,3,
5671,"HENRIKSSON, JONAS",Nej,SWE,,1971-09-16,,AIK,1990,1,0,
6125,"HENRIKSSON, JONAS",Nej,SWE,,1976-12-29,,BK HÄCKEN,1994-2012,200,42,
6125,"HENRIKSSON, JONAS",Nej,SWE,,1976-12-29,,IFK GÖTEBORG,2002-2004,71,6,
3246,"HENRIKSSON, LARS",Nej,SWE,,1930-10-04,2008-12-16,IFK GÖTEBORG,1955-1956,27,0,
3246,"HENRIKSSON, LARS",Nej,SWE,,1930-10-04,2008-12-16,VÄSTERÅS SK,1957,8,0,
3246,"HENRIKSSON, LARS",Nej,SWE,,1930-10-04,2008-12-16,GAIS,1958-1959,27,0,
5975,"HENRIKSSON, MIKAEL",Nej,SWE,,1971-08-26,,IK BRAGE,1993,9,0,
4531,"HENRIKSSON, PETER",Nej,SWE,,1951-08-30,,BRYNÄS IF,1974,26,0,
6562,"HENRIKSSON, RICHARD",Nej,SWE,,1982-10-05,,DJURGÅRDENS IF,1999-2003,32,1,
6562,"HENRIKSSON, RICHARD",Nej,SWE,,1982-10-05,,IF BROMMAPOJKARNA,2007-2009,49,0,
5828,"HENRIKSSON, SEBASTIAN",Nej,SWE,,1974-10-12,,DEGERFORS IF,1993-1994,44,1,
5828,"HENRIKSSON, SEBASTIAN",Nej,SWE,,1974-10-12,,ÖRGRYTE IS,1995-1996,47,3,
5828,"HENRIKSSON, SEBASTIAN",Nej,SWE,,1974-10-12,,IFK GÖTEBORG,1997-2002,116,20,
5828,"HENRIKSSON, SEBASTIAN",Nej,SWE,,1974-10-12,,ÖREBRO SK,2007-2008,42,6,
6856,"HENRYSSON, MAGNUS",Nej,SWE,,1971-12-19,,GIF SUNDSVALL,2000,1,0,FR SVEGS IK
8264,"HERGE, EMIL",Nej,SWE,,1990-01-15,,ÅTVIDABERGS FF,2010,3,0,
1840,"HERMANSEN, OLLE",Nej,SWE,,1916-04-23,2014-08-27,LANDSKRONA BoIS,1937,3,0,
6232,"HERMANSSON, ANDREAS",Nej,SWE,,1973-01-08,,TRELLEBORGS FF,1995-1997,65,19,
6232,"HERMANSSON, ANDREAS",Nej,SWE,,1973-01-08,,IFK GÖTEBORG,1998-1999,45,10,
6232,"HERMANSSON, ANDREAS",Nej,SWE,,1973-01-08,,HAMMARBY IF,2000-2002,63,28,
6232,"HERMANSSON, ANDREAS",Nej,SWE,,1973-01-08,,ENKÖPINGS SK,2003,23,8,
6232,"HERMANSSON, ANDREAS",Nej,SWE,,1973-01-08,,GIF SUNDSVALL,2004-2005,45,8,
2581,"HERMANSSON, GUSTAV",Nej,SWE,,1919-10-02,1994-03-14,REYMERSHOLMS IK,1942,1,0,
2573,"HERMANSSON, HENRY",Nej,SWE,,1925-04-23,2007-09-02,LANDSKRONA BoIS,1945-1949,8,1,
9027,"HERMANSSON, HJÖRTUR",Nej,ISL,,1995-02-08,,IFK GÖTEBORG,2016,7,0,
5343,"HERMANSSON, STEFAN",Nej,SWE,,1961-06-03,,HALMSTADS BK,1980-1983,34,4,
5343,"HERMANSSON, STEFAN",Nej,SWE,,1961-06-03,,TRELLEBORGS FF,1985,21,6,
5343,"HERMANSSON, STEFAN",Nej,SWE,,1961-06-03,,DJURGÅRDENS IF,1986,13,1,
8341,"HERNANDEZ, JAVIER",Nej,SPA,,1989-06-06,,HALMSTADS BK,2011,8,1,
2554,"HERNQVIST, ERNST",Nej,SWE,,1919-09-07,2005-05-05,IF ELFSBORG,1940-1947,114,4,
4551,"HERNSTIG, MATS",Nej,SWE,,1957-07-12,,ÖRGRYTE IS,1976,10,0,
4551,"HERNSTIG, MATS",Nej,SWE,,1957-07-12,,VÄSTRA FRÖLUNDA IF,1987-1989,43,0,
3267,"HERNSTRÖM, BENGT",Nej,SWE,,1930-09-22,2017-03-01,NORRBY IF,1956,3,0,
3266,"HERNSTRÖM, GÖRAN",Nej,SWE,,1934-10-03,,NORRBY IF,1956,11,2,
1821,"HERNVALL, HUGO",Nej,SWE,,1908-02-01,1983-06-07,AIK,1933-1936,36,0,
2585,"HERPEL, FOLKE",Nej,SWE,,1916-01-04,2005-07-30,ÖRGRYTE IS,1940,22,1,FR/T JONSERED 4007
9630,"HERREM, GEIR ANDRÉ",Nej,NOR,,1988-01-28,,KALMAR FF,2019-2020,21,1,
3260,"HERRLIN, KARL-ERIK",Nej,SWE,,1926-02-09,2005-03-16,KALMAR FF,1950-1955,39,0,EJ ÅTV
3925,"HESSELGREN, SVEN-EVERT",Nej,SWE,,1946-01-02,,IFK NORRKÖPING,1968-1969,30,4,"FR FÅGELFORS, SEN KFF"
7169,"HETEMI, VALON",Nej,SWE,,1983-08-04,,ÖRGRYTE IS,2002,2,0,
9458,HIAGO,Nej,BRA,HIAGO DE OLIVEIRA RAMIRO,1991-09-20,,KALMAR FF,2018,25,4,
9862,"HIEN, ISAK",Nej,SWE,,1999-01-13,,DJURGÅRDENS IF,2021-2022,22,2,
6624,"HIETANEN, JANNE",Nej,FIN,,1978-06-02,,IFK NORRKÖPING,1998,2,0,
7959,"HIIR-SALAKKA, PETER",Nej,SWE,,1973-03-26,,PANOS LJUNGSKILE SK,2008,3,0,
8986,"HILDEBY, KENNY",Nej,SWE,,1997-03-07,,ÅTVIDABERGS FF,2015,2,0,
8087,"HILJEMARK, OSCAR",Nej,SWE,,1992-06-28,,IF ELFSBORG,2010-2012,61,5,
6492,"HILL, COLIN",Nej,NIR,,1963-11-12,,TRELLEBORGS FF,1997,11,0,
2545,"HILL, GERHARD",Nej,SWE,GENE,1926-06-16,1994-08-18,AIK,1945-1946,2,0,
2545,"HILL, GERHARD",Nej,SWE,GENE,1926-06-16,1994-08-18,HAMMARBY IF,1955-1956,9,0,
2545,"HILL, GERHARD",Nej,SWE,GENE,1926-06-16,1994-08-18,IFK ESKILSTUNA,1958,10,1,
1823,"HILLBORG, SUNE",Nej,SWE,,1915-07-27,1995-10-27,IK BRAGE,1938-1944,23,4,
3238,"HILLERBERG, ROLF",Nej,SWE,HOVA,1927-05-26,2015-02-19,DEGERFORS IF,1950-1961,119,17,
1293,"HILLERSTRÖM, ERIK",Ja,SWE,HILLER,1896-01-03,1964-09-25,AIK,1925-1926,36,0,
1292,"HILLÉN, FRITIOF",Nej,SWE,FRITTE,1893-05-19,1977-11-07,GAIS,1925-1927,25,1,
2557,"HILLÉN, STIG",Nej,SWE,,1921-01-04,2001-01-03,GAIS,1943-1946,32,8,
5069,"HILLGREN, MATS",Nej,SWE,,1962-02-18,,IK BRAGE,1983,1,0,
5514,"HILLGREN, PETER",Nej,SWE,HULDA,1966-03-15,,MALMÖ FF,1989-1994,41,8,
5514,"HILLGREN, PETER",Nej,SWE,HULDA,1966-03-15,,TRELLEBORGS FF,1992,24,9,
5514,"HILLGREN, PETER",Nej,SWE,HULDA,1966-03-15,,HELSINGBORGS IF,1995,8,2,
1824,"HILLSTRÖM, OLLE",Nej,SWE,OLOF,1912-02-18,1991-03-17,IK BRAGE,1938-1939,18,3,
1824,"HILLSTRÖM, OLLE",Nej,SWE,OLOF,1912-02-18,1991-03-17,SANDVIKENS IF,1940,5,2,
5045,"HILMARSSON, HÖRDUR",Nej,ISL,,1952-11-21,,AIK,1981,26,1,
3930,"HINDRIKES, YNGVE",Nej,SWE,,1943-08-31,,ÖREBRO SK,1962-1969,126,43,
3930,"HINDRIKES, YNGVE",Nej,SWE,,1943-08-31,,IK SIRIUS,1973-1974,24,2,
7507,"HINDSBERG, NICLAS",Nej,DAN,,1975-05-07,,HAMMARBY IF,2005,4,0,
9063,"HINES IKE, BRENDAN",Nej,USA,,1994-11-30,,ÖREBRO SK,2016-2018,59,2,
1294,"HIRSCH, KONRAD",Nej,SWE,,1900-05-27,1924-11-17,GAIS,1925,9,0,
2556,"HJALMARSSON, ÅKE",Nej,SWE,,1922-07-26,1999-12-26,IF ELFSBORG,1949-1950,30,5,EM FRA
1295,"HJELM, ALF",Nej,SWE,,1902-12-28,1969-11-25,GAIS,1929-1932,31,9,
5297,"HJELM, ANDERS",Nej,SWE,,1966-11-11,,AIK,1989-1994,88,2,
1297,"HJELM, AXEL",Nej,SWE,,1907-11-13,1990-03-08,IF ELFSBORG,1929,2,0,"VÄNERSBORG, EJ ESKIL?"
1850,"HJELM, CURT",Nej,SWE,,1913-11-03,1988-10-05,IK SLEIPNER,1933-1941,148,63,
1296,"HJELM, ERIK",Nej,SWE,,1893-05-22,1975-06-30,IFK GÖTEBORG,1925-1929,98,37,
4553,"HJELM, INGVAR",Nej,SWE,,1950-03-27,,ÖRGRYTE IS,1970,1,0,
1851,"HJELM, ROLAND",Nej,SWE,,1912-01-01,2001-01-04,IK SLEIPNER,1935-1939,50,0,
8894,"HJELTE, JACOB",Nej,SWE,,1996-11-08,,GEFLE IF,2015-2016,29,1,
1849,"HJERNBERG, TORE",Nej,SWE,,1915-02-26,1994-10-06,SANDVIKENS IF,1938,1,0,UTVANDRAD 82
1825,"HJERPE, SIGVARD",Nej,SWE,,1913-02-15,1998-02-21,IK BRAGE,1938-1944,106,0,
2258,"HJERTQVIST, TORE",Nej,SWE,TOSSA,1902-10-17,1987-01-07,IFK NORRKÖPING,1930,1,0,
1846,"HJERTSSON, ARNE",Nej,SWE,,1918-09-04,1987-06-12,MALMÖ FF,1937-1944,17,11,
4541,"HJERTSSON, KENNETH",Nej,SWE,,1950-07-25,,LANDSKRONA BoIS,1975-1976,25,9,
2575,"HJERTSSON, KJELL",Nej,SWE,,1922-08-01,2013-02-08,MALMÖ FF,1940-1950,148,3,
2575,"HJERTSSON, KJELL",Nej,SWE,,1922-08-01,2013-02-08,RÅÅ IF,1951-1952,29,3,
2576,"HJERTSSON, SVEN",Nej,SWE,,1924-03-07,1999-11-09,MALMÖ FF,1943-1954,156,10,
9738,"HJERTSTRAND, BENJAMIN",Nej,SWE,,1994-01-22,,ÖREBRO SK,2020-2021,53,0,
9738,"HJERTSTRAND, BENJAMIN",Nej,SWE,,1994-01-22,,HALMSTADS BK,2023,8,0,
1856,"HJORTSBERG, ERIK",Ja,SWE,,1906-08-29,1976-11-28,ÖRGRYTE IS,1933,15,0,
1830,"HJORTSBERG, STIG",Nej,SWE,,1915-04-12,1988-12-07,GAIS,1936,1,0,
2586,"HJÄRPE, GÖSTA",Nej,SWE,,1923-03-15,1977-08-09,IK BRAGE,1944,1,0,EV 171107 FR MOTALA
6434,"HOCH, DANIEL",Nej,SWE,,1979-05-11,,AIK,1997-2004,85,19,
3270,"HODIN, ARNE",Nej,SWE,HODDA,1927-05-28,2006-07-19,SANDVIKENS IF,1954-1961,141,56,
9582,"HODZIC, KADIR",Nej,SWE,,1994-08-05,,ATHLETIC FC ESKILSTU,2019,27,2,
9582,"HODZIC, KADIR",Nej,SWE,,1994-08-05,,MJÄLLBY AIF,2020-2021,40,3,
9582,"HODZIC, KADIR",Nej,SWE,,1994-08-05,,BK HÄCKEN,2022-2023,13,0,
6845,"HOFFMAN, ANDERS",Nej,SWE,,1978-02-28,,BK HÄCKEN,2000,2,0,
3898,"HOFLIN, STEN-OLOF",Nej,SWE,LULLEN,1943-09-06,,DJURGÅRDENS IF,1967-1968,8,3,FR SVEGS IK
6116,"HOFVENDAHL, BJÖRN",Nej,SWE,,1974-04-10,,HELSINGBORGS IF,1994,3,0,
4529,"HOGART, ROLAND",Nej,SWE,,1950-09-14,,AIK,1971,1,0,
6286,"HOLGERSSON, GLENN",Nej,SWE,,1979-09-05,,MALMÖ FF,2004-2006,19,1,HÖLLVIKEN 99
6286,"HOLGERSSON, GLENN",Nej,SWE,,1979-09-05,,ÖREBRO SK,2007-2009,29,0,
8038,"HOLGERSSON, MARKUS",Nej,SWE,,1985-04-16,,HELSINGBORGS IF,2009-2019,114,6,
6119,"HOLLSTEN, ULF",Nej,SWE,,1970-10-22,,BK HÄCKEN,1994-2001,88,3,
1037,"HOLLÄNDER, LENNART",Nej,SWE,LILLEN,1909-06-28,1987-03-18,GAIS,1928-1932,25,15,EGENTL HOLLÄNDARE
1037,"HOLLÄNDER, LENNART",Nej,SWE,LILLEN,1909-06-28,1987-03-18,GÅRDA BK,1936-1939,49,8,
6724,"HOLM, DANIEL",Nej,SWE,,1974-05-26,,KALMAR FF,1999,21,2,
9360,"HOLM, EMIL",Nej,SWE,,2000-05-13,,IFK GÖTEBORG,2019-2020,37,2,
4534,"HOLM, GLENN",Nej,SWE,,1955-09-24,,ÖREBRO SK,1973-1976,72,4,
4534,"HOLM, GLENN",Nej,SWE,,1955-09-24,,IFK GÖTEBORG,1977-1983,109,19,
4534,"HOLM, GLENN",Nej,SWE,,1955-09-24,,ÖRGRYTE IS,1984,7,0,
4546,"HOLM, GÖRAN",Nej,SWE,,1950-11-08,,IFK NORRKÖPING,1975-1976,2,0,"FR TRANÅS, SEN HAGAH 80"
2566,"HOLM, INGEMAR",Nej,SWE,,1919-05-01,1979-09-00,HAMMARBY IF,1940,2,2,TILL N.Y. USA 1947
5170,"HOLM, JONAS",Nej,SWE,,1963-01-04,,MALMÖ FF,1981,1,0,
5170,"HOLM, JONAS",Nej,SWE,,1963-01-04,,ÖREBRO SK,1989,4,0,
5170,"HOLM, JONAS",Nej,SWE,,1963-01-04,,TRELLEBORGS FF,1992,2,0,
1039,"HOLM, KNUT",Ja,SWE,,1906-12-06,1987-06-30,LANDSKRONA BoIS,1929-1933,48,0,
6411,"HOLM, PETER",Nej,SWE,,1981-04-05,,HAMMARBY IF,2000-2003,35,0,
5561,"HOLM, STEFAN",Nej,SWE,,1959-05-13,,IFK SUNDSVALL,1980-1981,43,5,
5561,"HOLM, STEFAN",Nej,SWE,,1959-05-13,,GIF SUNDSVALL,1987,2,0,
2259,"HOLM, TAGE",Ja,SWE,,1910-02-21,1983-03-15,LANDSKRONA BoIS,1932,1,0,
5233,"HOLMBECK, PETER",Nej,SWE,,1963-01-20,,TRELLEBORGS FF,1985,1,0,
5264,"HOLMBECK, THOMAS",Nej,SWE,,1959-06-26,,ÖSTERS IF,1983,8,0,
6379,"HOLMBERG, ANDERS",Ja,SWE,PUMA,1976-02-03,,ÖRGRYTE IS,1997-1998,5,0,
6379,"HOLMBERG, ANDERS",Ja,SWE,PUMA,1976-02-03,,GAIS,2000,25,0,
7142,"HOLMBERG, ANTON",Nej,SWE,,1981-11-05,,KALMAR FF,2002,9,0,
7142,"HOLMBERG, ANTON",Nej,SWE,,1981-11-05,,GAIS,2006-2007,29,3,
3891,"HOLMBERG, BO",Nej,SWE,,1944-01-19,,AIK,1964-1970,84,10,
1041,"HOLMBERG, CARL-ERIK",Nej,SWE,SLANA,1906-07-17,1991-06-05,ÖRGRYTE IS,1925-1939,260,193,
3911,"HOLMBERG, FLOYD",Nej,SWE,,1944-08-06,,IS HALMIA,1963,1,0,
3239,"HOLMBERG, FOLKE",Nej,SWE,HINKEN,1927-01-30,2015-02-22,DJURGÅRDENS IF,1952-1953,24,12,
3239,"HOLMBERG, FOLKE",Nej,SWE,HINKEN,1927-01-30,2015-02-22,HAMMARBY IF,1955-1957,44,13,
1298,"HOLMBERG, GUNNAR",Nej,SWE,BAJADÄREN,1897-05-06,1975-10-21,GAIS,1925-1930,92,3,
3253,"HOLMBERG, JAN",Nej,SWE,,1938-04-20,,HAMMARBY IF,1957-1967,71,0,SAAB 63-
8110,"HOLMBERG, KARL",Nej,SWE,,1993-03-03,,ÖREBRO SK,2011-2016,91,14,
8110,"HOLMBERG, KARL",Nej,SWE,,1993-03-03,,IFK NORRKÖPING,2016-2019,95,31,
8110,"HOLMBERG, KARL",Nej,SWE,,1993-03-03,,DJURGÅRDENS IF,2020-2022,68,13,
4539,"HOLMBERG, LARS-OVE",Nej,SWE,LILL-HINKEN,1948-12-15,,HAMMARBY IF,1970-1976,62,12,
2577,"HOLMBERG, LENNART",Nej,SWE,KRIT,1928-05-15,1980-05-18,MALMÖ FF,1948-1951,2,0,"FR KIRSEB, SEN HAMMENH 56"
5482,"HOLMBERG, MARTIN",Nej,SWE,,1963-04-20,,IFK GÖTEBORG,1981-1983,10,2,
5482,"HOLMBERG, MARTIN",Nej,SWE,,1963-04-20,,KALMAR FF,1985-1986,38,2,
5459,"HOLMBERG, PER",Nej,SWE,PEPPE,1959-04-29,,HAMMARBY IF,1980-1987,140,11,
4999,"HOLMBERG, PETER",Nej,SWE,,1954-04-10,2003-03-06,IFK SUNDSVALL,1979-1981,75,12,
5469,"HOLMBERG, RIKARD",Ja,SWE,,1961-07-07,,HAMMARBY IF,1988,3,0,
1299,"HOLMBERG, SVEN",Ja,SWE,,1904-10-04,1972-01-04,IFK ESKILSTUNA,1925-1927,11,0,
4544,"HOLMERTZ, HANS",Nej,SWE,,1955-03-11,,IFK NORRKÖPING,1973-1976,66,8,
4544,"HOLMERTZ, HANS",Nej,SWE,,1955-03-11,,MJÄLLBY AIF,1980,23,0,
3902,"HOLMESTEN, PERCY",Nej,SWE,,1946-03-05,,IF ELFSBORG,1967-1970,15,0,
3244,"HOLMÉN, ELON",Nej,SWE,,1931-12-28,1984-10-26,IF ELFSBORG,1950-1954,8,1,
9953,"HOLMÉN, KEVIN",Nej,SWE,,2001-12-13,,IF ELFSBORG,2022-2023,7,0,
6959,"HOLMÉN, SAMUEL",Nej,SWE,,1984-06-28,,IF ELFSBORG,2003-2021,218,22,
8314,"HOLMÉN, SEBASTIAN",Nej,SWE,,1992-04-29,,IF ELFSBORG,2013-2023,119,4,
5096,"HOLMGREN, BJARNE",Nej,SWE,,1959-12-05,,GEFLE IF,1983-1984,21,0,
5394,"HOLMGREN, ERIK",Nej,FIN,,1964-12-17,,GAIS,1989-1992,76,3,
1826,"HOLMGREN, EVERT",Nej,SWE,PEVA,1912-10-29,1988-08-29,DEGERFORS IF,1939-1942,22,0,
8985,"HOLMGREN, HAMPUS",Nej,FIN,,1995-11-14,,ÅTVIDABERGS FF,2015,10,0,
4528,"HOLMGREN, JAN",Nej,SWE,,1957-06-15,,AIK,1977,3,0,
4542,"HOLMGREN, MATTS",Nej,SWE,,1942-05-21,2024-03-19,IFK LULEÅ,1971,15,4,
7220,"HOLMGREN, PATRIK",Nej,SWE,,1987-05-27,,LANDSKRONA BoIS,2005,2,0,
4934,"HOLMGREN, TOMMY",Nej,SWE,,1959-01-08,,IFK GÖTEBORG,1978-1989,213,18,
4535,"HOLMGREN, TORD",Nej,SWE,TURBO,1957-11-09,,IFK GÖTEBORG,1977-1987,217,23,
4540,"HOLMLIN, ÅKE",Nej,SWE,MARVE,1954-06-06,,HAMMARBY IF,1976-1979,24,0,
2260,"HOLMQVIST, ALLAN",Nej,SWE,,1907-03-06,1984-07-19,ÖRGRYTE IS,1931,2,0,
2578,"HOLMQVIST, ERIK",Nej,SWE,MULLE,1917-03-04,1977-01-11,IFK NORRKÖPING,1941-1951,223,66,
4922,"HOLMQVIST, HANS",Nej,SWE,PENNAN,1960-04-27,,DJURGÅRDENS IF,1979-1981,44,8,
4922,"HOLMQVIST, HANS",Nej,SWE,PENNAN,1960-04-27,,HAMMARBY IF,1984-1987,36,4,
4922,"HOLMQVIST, HANS",Nej,SWE,PENNAN,1960-04-27,,ÖREBRO SK,1991-1992,36,7,
3923,"HOLMQVIST, LEIF",Nej,SWE,LILL-MASSE,1941-10-02,,IFK NORRKÖPING,1963-1964,28,0,
3255,"HOLMQVIST, LENNART",Nej,SWE,LILL-MULLE,1933-01-09,1996-12-04,IFK NORRKÖPING,1951-1959,81,35,
3255,"HOLMQVIST, LENNART",Nej,SWE,LILL-MULLE,1933-01-09,1996-12-04,KALMAR FF,1954-1955,23,7,
3255,"HOLMQVIST, LENNART",Nej,SWE,LILL-MULLE,1933-01-09,1996-12-04,HELSINGBORGS IF,1961-1962,17,6,
7120,"HOLMQVIST, MARCUS",Nej,SWE,,1982-01-05,,IFK GÖTEBORG,2002-2003,3,0,
2579,"HOLMQVIST, OSCAR",Nej,SWE,MASSE,1914-07-01,1986-06-17,IFK NORRKÖPING,1941-1949,163,22,
3934,"HOLMQVIST, OVE",Nej,SWE,,1939-05-06,2020-11-27,ÖREBRO SK,1966-1967,29,0,"F MYCKLE IK,SEN SKELL AIK"
7554,"HOLMQVIST, TOBIAS",Nej,SWE,,1988-01-23,,HELSINGBORGS IF,2006-2009,8,2,
7554,"HOLMQVIST, TOBIAS",Nej,SWE,,1988-01-23,,GAIS,2007-2009,12,1,
1845,"HOLMSTEDT, RAGNAR",Nej,SWE,,1911-07-28,1967-07-21,MALMÖ FF,1937,2,0,
1300,"HOLMSTEDT, SÖLVE",Nej,SWE,,1907-06-22,1981-01-03,LANDSKRONA BoIS,1927-1929,7,1,EJ 29 I AIS
1838,"HOLMSTEN, HENRY",Nej,SWE,,1907-12-01,1984-09-16,HALMSTADS BK,1934-1936,24,2,
3706,"HOLMSTEN, LARS",Nej,SWE,,1941-01-14,1991-03-09,HALMSTADS BK,1959,1,0,
1854,"HOLMSTRÖM, GÖSTA",Nej,SWE,LILLAKATTA,1912-10-09,1986-06-21,ÖRGRYTE IS,1934,2,0,I GBG 35
5555,"HOLMSTRÖM, HÅKAN",Nej,SWE,,1962-04-15,,GEFLE IF,1984,16,4,
5555,"HOLMSTRÖM, HÅKAN",Nej,SWE,,1962-04-15,,GIF SUNDSVALL,1987-1991,79,10,
3236,"HOLMSTRÖM, KARL-GUSTAV",Ja,SWE,,1925-11-01,2007-11-02,AIK,1950,1,0,
4549,"HOLMSTRÖM, KJELL",Nej,SWE,,1945-08-29,,ÖREBRO SK,1972,1,0,
3918,"HOLMSTRÖM, LARS",Nej,SWE,,1947-01-31,,HELSINGBORGS IF,1966-1968,4,0,
5009,"HOLMSTRÖM, MAX",Nej,SWE,,1951-02-16,2018-02-05,VÄSTERÅS SK,1978,26,6,FUNNEN
3247,"HOLMSTRÖM, ROLF",Nej,SWE,,1932-09-07,2012-06-22,GAIS,1959,12,3,FR SKELL AIK
3261,"HOLMSTRÖM, ROLF",Nej,SWE,,1917-11-18,2007-06-25,KALMAR FF,1950-1951,28,5,
5558,"HOLMSTRÖM, STEFAN",Nej,SWE,,1960-09-25,2021-04-22,GIF SUNDSVALL,1987-1989,24,1,
3241,"HOLMSTRÖM, STIG",Nej,SWE,,1928-04-06,2013-10-03,DJURGÅRDENS IF,1956-1957,32,1,FR NYNÄS
1855,"HOLMSTRÖM, VILGOT",Nej,SWE,STORAKATTA,1907-02-17,1976-02-15,REDBERGSLIDS IK,1931,13,0,
1855,"HOLMSTRÖM, VILGOT",Nej,SWE,STORAKATTA,1907-02-17,1976-02-15,ÖRGRYTE IS,1933,2,0,
5626,"HOLMVÉN, ANDERS",Nej,SWE,,1964-09-26,,ÖRGRYTE IS,1985-1988,36,7,
8521,"HOLMVIK, BJÖRNAR",Nej,NOR,,1985-06-02,,KALMAR FF,2013,11,1,
9445,"HOLST, FREDERIK",Nej,DAN,,1994-09-24,,IF ELFSBORG,2018-2021,92,5,
7237,"HOLSTER, FREDRIK",Nej,SWE,,1988-03-10,,BK HÄCKEN,2006,2,0,
7237,"HOLSTER, FREDRIK",Nej,SWE,,1988-03-10,,GIF SUNDSVALL,2012,29,5,
5534,"HOLTER, GÖRAN",Nej,SWE,,1963-11-16,,IFK NORRKÖPING,1986-1994,137,37,
2266,"HOOIVELD, JOS",Nej,NED,,1983-04-22,,AIK,2009-2016,50,1,
9001,"HOPCUTT, JAMIE",Nej,ENG,,1992-06-23,,ÖSTERSUNDS FK,2016-2019,65,11,
8032,"HOPF, JOHANNES",Ja,SWE,,1987-06-16,,HAMMARBY IF,2009-2015,11,0,
9010,"HORN, JÖRGEN",Nej,NOR,,1987-06-07,,IF ELFSBORG,2016-2018,47,0,
1301,"HORNDAHL, VICTOR",Nej,SWE,,1894-04-06,1973-08-02,HELSINGBORGS IF,1926,1,0,
5073,"HORNSBY, BRIAN",Nej,ENG,,1954-09-10,,IK BRAGE,1984-1985,21,1,
8841,"HOVDA, TOR ÖYVIND",Nej,NOR,,1989-09-24,,KALMAR FF,2014-2015,25,1,
8841,"HOVDA, TOR ÖYVIND",Nej,NOR,,1989-09-24,,ÅTVIDABERGS FF,2015,14,2,
9983,"HOVLAND, EVEN",Nej,NOR,,1989-02-14,,BK HÄCKEN,2022-2023,57,10,
5010,"HOWELL, GRAHAM",Nej,ENG,,1951-02-18,,VÄSTERÅS SK,1978,26,2,
6861,"HREIDARSSON, SIGURBJÖRN",Nej,ISL,BJÖRSSI,1975-11-25,,TRELLEBORGS FF,2000,10,0,
5282,"HUDD, JARI",Nej,FIN,,1965-04-13,,AIK,1987-1989,25,2,
9882,"HUDU, ABDUL HALIK",Nej,GH,,2000-03-19,,HAMMARBY IF,2021,1,0,
7732,"HUGHES, TYLER",Nej,KAN,,1980-11-07,,ÖSTERS IF,2006,11,0,
7489,"HUGOSSON, MATTIAS",Ja,SWE,,1974-01-24,,GEFLE IF,2005-2013,251,0,
7670,"HULSKER, BERNT",Nej,NOR,,1977-09-09,,AIK,2006-2007,24,2,
1040,"HULT, CARL",Nej,SWE,,1900-12-12,1983-02-12,LANDSKRONA BoIS,1925-1936,230,0,
3921,"HULT, CHRISTER",Nej,SWE,KRILLE,1946-06-04,,IFK NORRKÖPING,1964-1975,194,11,"VASSMOLÖSA 62,KALM FF 63"
3921,"HULT, CHRISTER",Nej,SWE,KRILLE,1946-06-04,,KALMAR FF,1976-1978,63,0,
4537,"HULT, JOHAN",Nej,SWE,,1947-07-19,,HAMMARBY IF,1975-1977,70,6,
3892,"HULT, LEIF",Ja,SWE,,1946-01-16,,AIK,1967-1969,39,0,
3892,"HULT, LEIF",Ja,SWE,,1946-01-16,,LANDSKRONA BoIS,1972-1979,5,0,
7769,"HULT, NIKLAS",Nej,SWE,,1990-02-13,,IF ELFSBORG,2009-2023,134,12,
3922,"HULT, NILS",Ja,SWE,,1939-08-14,,MALMÖ FF,1960-1972,184,0,
1035,"HULT, STURE",Ja,SWE,,1910-10-19,1995-11-09,IFK ESKILSTUNA,1929-1936,121,0,
3924,"HULTBERG, ULF",Nej,SWE,,1944-03-11,2022-01-08,IFK NORRKÖPING,1964-1974,203,59,
1835,"HULTFELDT, OLLE",Nej,SWE,OLOF,1911-09-17,1988-02-13,IFK GÖTEBORG,1935-1943,151,1,SVD:BERNHARD
1302,"HULTGREN, ERIK",Nej,SWE,TOBAK,1903-03-03,1969-11-29,ÖRGRYTE IS,1928-1929,18,0,
3243,"HULTGREN, INGEMAR",Nej,SWE,,1927-11-22,2020-08-08,IF ELFSBORG,1950-1951,36,6,FR KINNA IF
5315,"HULTGREN, THOMAS",Nej,SWE,HULTA,1961-09-22,,IK BRAGE,1985-1986,31,6,
1836,"HULTHÉN, WALENTIN",Nej,SWE,,1911-02-14,1993-12-00,REDBERGSLIDS IK,1931,8,0,
1836,"HULTHÉN, WALENTIN",Nej,SWE,,1911-02-14,1993-12-00,IFK GÖTEBORG,1935-1942,75,0,
5318,"HUNT, SIMON",Nej,WAL,,1962-11-17,,IF ELFSBORG,1984-1986,31,1,
5318,"HUNT, SIMON",Nej,WAL,,1962-11-17,,IK BRAGE,1987-1993,87,19,
5318,"HUNT, SIMON",Nej,WAL,,1962-11-17,,GAIS,1990-1991,30,1,
9281,"HUSSEIN, BILAL",Nej,SWE,,2000-04-22,,AIK,2018-2023,115,4,
9958,"HUSSEIN GHASEM, ALAI",Nej,SWE/IRQ,,2003-02-16,,IFK GÖTEBORG,2022-2023,8,0,
7317,"HUTCHINSON, ATIBA",Nej,KAN,,1983-02-08,,ÖSTERS IF,2003,24,6,
7317,"HUTCHINSON, ATIBA",Nej,KAN,,1983-02-08,,HELSINGBORGS IF,2004-2005,49,6,
5691,"HVENFELDT, THOMAS",Nej,SWE,"NOL""TERROR ANDERSSON TID.",1970-11-21,,IFK GÖTEBORG,1990-1994,51,2,
5691,"HVENFELDT, THOMAS",Nej,SWE,"NOL""TERROR ANDERSSON TID.",1970-11-21,,GAIS,2000,21,0,
3248,"HWATZ, SIXTEN",Nej,SWE,,1931-06-04,2011-05-30,GAIS,1958,12,2,"FR STENDY,FD NILSSON"
7709,"HYSÉN, ALEXANDER",Ja,SWE,,1987-05-12,,BK HÄCKEN,2006,2,0,
1038,"HYSÉN, ERIK",Nej,SWE,TYRA,1906-05-18,1988-04-25,IFK GÖTEBORG,1927-1938,124,24,SEN IFK KARLSHAMN
4937,"HYSÉN, GLENN",Nej,SWE,,1959-10-30,,IFK GÖTEBORG,1979-1987,137,12,
4937,"HYSÉN, GLENN",Nej,SWE,,1959-10-30,,GAIS,1992,14,0,
1834,"HYSÉN, KARL",Nej,SWE,,1911-07-12,1996-02-12,IFK GÖTEBORG,1933-1937,73,4,
6849,"HYSÉN, TOBIAS",Nej,SWE,,1982-03-09,,BK HÄCKEN,2000-2001,14,1,
6849,"HYSÉN, TOBIAS",Nej,SWE,,1982-03-09,,DJURGÅRDENS IF,2004-2006,65,17,
6849,"HYSÉN, TOBIAS",Nej,SWE,,1982-03-09,,IFK GÖTEBORG,2007-2018,251,89,
6255,"HYSKY, MARTIN",Nej,TJE,,1975-09-25,,AIK,1996,6,0,
9477,"HÜMMET, DENIZ",Nej,SWE/TUR,,1996-09-13,,TRELLEBORGS FF,2018,28,5,
9477,"HÜMMET, DENIZ",Nej,SWE/TUR,,1996-09-13,,IF ELFSBORG,2019-2020,37,3,
9477,"HÜMMET, DENIZ",Nej,SWE/TUR,,1996-09-13,,ÖREBRO SK,2020-2021,27,10,
9477,"HÜMMET, DENIZ",Nej,SWE/TUR,,1996-09-13,,KALMAR FF,2023,30,9,
4536,"HÅKANSSON, GERT",Nej,SWE,,1946-10-23,,HALMSTADS BK,1972,6,0,FR ASARUM/HÖGADAL
1844,"HÅKANSSON, HANS",Nej,SWE,KANON-HÅKAN,1908-09-09,1993-10-26,MALMÖ FF,1932-1939,87,51,
2563,"HÅKANSSON, IVAR",Nej,SWE,,1927-10-20,2009-07-02,IS HALMIA,1948-1950,13,6,
7487,"HÅKANSSON, JESPER",Nej,DAN,,1981-08-14,,DJURGÅRDENS IF,2005,1,0,
8655,"HÅKANSSON, JOHN",Ja,SWE,,1998-03-28,,KALMAR FF,2014,1,0,
8441,"HÅKANSSON, MATTIAS",Nej,SWE,,1993-02-20,,MJÄLLBY AIF,2012-2014,45,4,
3251,"HÅKANSSON, NILS",Nej,SWE,,1930-10-21,2017-02-21,IS HALMIA,1950,1,0,FR SENNANS IF
3251,"HÅKANSSON, NILS",Nej,SWE,,1930-10-21,2017-02-21,HALMSTADS BK,1955-1959,80,0,
3269,"HÅKANSSON, OLLE",Nej,SWE,OLOF,1927-02-22,2001-02-11,IFK NORRKÖPING,1951-1958,153,20,
5065,"HÅKMAN, LARS",Nej,SWE,,1960-08-04,,IK BRAGE,1981-1983,32,0,
2553,"HÄGERSTRÖM, ALLAN",Nej,SWE,,1921-03-16,1996-09-29,DEGERFORS IF,1941-1945,28,0,
3910,"HÄGERSTRÖM, GÖRAN",Nej,SWE,,1941-03-19,,IS HALMIA,1963,17,0,GUNNARSTORP 70
5716,"HÄGERÅ, JONNY",Nej,SWE,,1971-09-10,,ÖRGRYTE IS,1990-1993,9,1,
1303,"HÄGG, ANDERS-CF",Nej,SWE,,1906-05-07,1961-09-15,IF ELFSBORG,1927,1,0,
1842,"HÄGG, GUNNAR",Nej,SWE,,1914-11-13,1974-04-27,LANDSKRONA BoIS,1938-1945,74,1,
8126,"HÄGG-JOHANSSON, LUCAS",Ja,SWE,,1994-07-11,,KALMAR FF,2016-2021,129,0,
8126,"HÄGG-JOHANSSON, LUCAS",Ja,SWE,,1994-07-11,,IF BROMMAPOJKARNA,2023,7,0,
6364,"HÄGGMARK, DANIEL",Nej,SWE,,1973-08-26,,UMEÅ FC,1996,15,0,
3894,"HÄGGSTRÖM, SÖREN",Nej,SWE,,1938-07-29,,AIK,1961-1965,65,40,EM SPA
5309,"HÄLLMAN, JOHAN",Nej,SWE,,1963-02-06,2015-08-12,IK BRAGE,1983-1989,126,22,
3932,"HÄLLSTRÖM, GÖSTA",Nej,SWE,,1945-07-29,,GIF SUNDSVALL,1965,1,1,
8210,"HÄMÄLÄINEN, KASPER",Nej,FIN,,1986-08-08,,DJURGÅRDENS IF,2010-2012,90,8,
3271,"HÄRLIN, KARL-ERIK",Nej,SWE,,1921-02-19,1970-02-18,ÅTVIDABERGS FF,1952,12,0,"EJ KFF,FR ESKILSHEM,KENTY"
2546,"HÖGBERG, CARL-HUGO",Nej,SWE,,1921-10-30,2007-01-09,AIK,1942,3,0,
1036,"HÖGBERG, ELON",Nej,SWE,RÖDE FILIP,1905-01-22,1990-06-25,IK CITY,1926,18,3,FR GUIF
1036,"HÖGBERG, ELON",Nej,SWE,RÖDE FILIP,1905-01-22,1990-06-25,IFK ESKILSTUNA,1935,12,2,
3259,"HÖGBERG, INGEMAR",Nej,SWE,PINNEN,1925-08-24,2013-11-30,KALMAR FF,1950-1955,54,11,
2558,"HÖGBERG, YNGVE",Ja,SWE,,1920-10-15,1979-03-08,GAIS,1946,2,0,FR WARTA
3901,"HÖGFELDT, OVE",Nej,SWE,,1950-01-07,,IF ELFSBORG,1969-1971,32,4,
3901,"HÖGFELDT, OVE",Nej,SWE,,1950-01-07,,ÖRGRYTE IS,1973-1976,41,3,
2564,"HÖGH, ÅKE",Nej,SWE,,1917-06-16,1999-01-23,HALMSTADS BK,1943-1948,93,37,
3237,"HÖGLANDER, HÅKAN",Nej,SWE,,1939-09-18,2020-12-07,DEGERFORS IF,1956-1966,136,1,
3899,"HÖGLUND, HANS",Nej,SWE,,1948-02-29,,IF ELFSBORG,1966-1975,167,36,MARIEDALS IK 1981
6712,"HÖGLUND, THOMAS",Ja,SWE,HÖKEN,1970-03-25,,HAMMARBY IF,1999,4,0,
2582,"HÖGMAN, TORSTEN",Nej,SWE,,1918-01-20,1990-11-28,SANDVIKENS IF,1943-1944,11,1,
5531,"HÖGMO, PER",Nej,NOR,,1959-12-01,,IFK NORRKÖPING,1986,2,0,PER-MATHIAS
1848,"HÖGSTRÖM, FOLKE",Nej,SWE,GIBBON,1915-09-22,1996-03-05,SANDVIKENS IF,1934-1942,31,6,
3906,"HÖGSTRÖM, GUNDER",Nej,SWE,,1944-01-17,,GAIS,1966-1970,68,0,
1304,"HÖGVALL, GEORG",Nej,SWE,"GOJE""GEO",1897-02-07,1972-11-17,IFK NORRKÖPING,1925-1928,75,5,
8400,"HÖIE, KENNETH",Ja,NOR,,1979-09-11,,IF ELFSBORG,2012,11,0,
8400,"HÖIE, KENNETH",Ja,NOR,,1979-09-11,,DJURGÅRDENS IF,2012-2016,117,0,
2262,"HÖIJER, GOTTHARD",Nej,SWE,,1906-08-18,1974-02-03,IFK GÖTEBORG,1930,6,0,FR KROKSLÄTT 2907
6707,"HÖILAND, JON-INGE",Nej,NOR,,1977-09-20,,IFK GÖTEBORG,1999-2002,92,4,
6707,"HÖILAND, JON-INGE",Nej,NOR,,1977-09-20,,MALMÖ FF,2003-2007,90,9,
2561,"HÖJMAN, OLLE",Nej,SWE,OLOF,1921-04-15,1980-09-23,IS HALMIA,1945,2,0,
4530,"HÖLZER, ROLF",Nej,SWE,RUDOLF,1946-11-14,,AIK,1970-1971,5,0,
9362,"HÖRBERG, FELIX",Nej,SWE,,1999-05-19,,TRELLEBORGS FF,2018,30,4,
9362,"HÖRBERG, FELIX",Nej,SWE,,1999-05-19,,ÖSTERSUNDS FK,2019-2021,65,3,
1305,"HÖST, HARALD",Nej,SWE,,1903-01-28,1990-12-15,HELSINGBORGS IF,1925-1930,59,0,
1306,"HÖÖG, ALVAR",Nej,SWE,,1906-09-23,1970-10-18,IK SLEIPNER,1927-1931,19,10,
1852,"HÖÖG, ERIC",Nej,SWE,MURARN,1916-02-24,1973-12-01,IK SLEIPNER,1935-1936,3,0,
2583,"HÖÖG, NILS",Nej,SWE,,1918-09-18,2005-02-13,SANDVIKENS IF,1943,4,1,
9342,"HÖÖG JANSSON, KEVIN",Nej,SWE,,2000-09-29,,IFK NORRKÖPING,2023,9,0,
8385,"IBRAHIM, JOSEF",Nej,SWE,ZOZO,1991-03-13,,ÖREBRO SK,2011-2012,7,0,
8385,"IBRAHIM, JOSEF",Nej,SWE,ZOZO,1991-03-13,,SYRIANSKA FC,2012,2,0,
6731,"IBRAHIMOVIC, ZLATAN",Nej,SWE,,1981-10-03,,MALMÖ FF,1999-2001,14,4,
7242,"IBRAKOVIC, ARMANDO",Nej,SWE,,1988-10-23,,IFK NORRKÖPING,2008,5,0,
2588,"IDH, ERIC",Nej,SWE,,1915-03-17,1997-12-31,IFK ESKILSTUNA,1943,22,1,
3275,"IDH, RUNE",Nej,SWE,,1930-02-22,2013-08-01,IF ELFSBORG,1951-1952,21,8,
3275,"IDH, RUNE",Nej,SWE,,1930-02-22,2013-08-01,VÄSTERÅS SK,1956-1957,24,3,
9635,"IGBARUMAH, JOHN JUNIOR",Nej,NIG,,1992-07-18,,IK SIRIUS,2019,11,1,
1628,"IGBOANANIKE, KENNEDY",Nej,NIG,,1989-02-26,,DJURGÅRDENS IF,2007-2012,62,15,SWE2014
1628,"IGBOANANIKE, KENNEDY",Nej,NIG,,1989-02-26,,AIK,2013-2014,55,19,
1628,"IGBOANANIKE, KENNEDY",Nej,NIG,,1989-02-26,,ÖREBRO SK,2017-2018,47,18,
1628,"IGBOANANIKE, KENNEDY",Nej,NIG,,1989-02-26,,IK SIRIUS,2020,4,0,
7025,"IJEH, PETER",Nej,NIG,,1977-03-28,,MALMÖ FF,2001-2003,60,37,
7025,"IJEH, PETER",Nej,NIG,,1977-03-28,,IFK GÖTEBORG,2004-2005,36,13,
7025,"IJEH, PETER",Nej,NIG,,1977-03-28,,SYRIANSKA FC,2011,20,5,
7025,"IJEH, PETER",Nej,NIG,,1977-03-28,,GAIS,2012,18,2,
5250,"IKÄLÄINEN, JUKKA",Nej,FIN,JUPPE,1957-05-14,,ÖRGRYTE IS,1981-1985,81,12,
7265,"ILOLA, JARI",Nej,FIN,,1978-11-24,,IF ELFSBORG,2003-2008,85,0,
9449,"INGEBRIGTSEN, MIKAEL",Nej,NOR,,1996-07-21,,IFK GÖTEBORG,2018,4,0,
6783,"INGEL, ANDREAS",Nej,SWE,,1983-03-24,,AIK,2002,1,0,
8659,"INGELSSON, SVANTE",Nej,SWE,,1998-06-14,,KALMAR FF,2015-2020,44,3,
7121,"INGELSTEN, PATRIK",Nej,SWE,,1982-01-25,,HALMSTADS BK,2002-2006,95,14,
7121,"INGELSTEN, PATRIK",Nej,SWE,,1982-01-25,,KALMAR FF,2007-2008,55,26,
7121,"INGELSTEN, PATRIK",Nej,SWE,,1982-01-25,,FALKENBERGS FF,2014,15,5,
7121,"INGELSTEN, PATRIK",Nej,SWE,,1982-01-25,,MJÄLLBY AIF,2014,12,0,
5419,"INGESSON, KLAS",Nej,SWE,KLABBE,1968-08-20,2014-10-29,IFK GÖTEBORG,1988-1990,50,9,
3272,"INGEVIK, INGEMAR",Nej,SWE,,1931-06-26,2012-10-08,AIK,1957-1961,51,0,
6586,"INGOLFSSON, HARALDUR",Nej,ISL,HATTI,1970-08-01,,IF ELFSBORG,1998-2000,44,5,
3940,"INGVARSSON, INGVAR",Nej,SWE,NATHAN  NATHAN,1937-03-26,2023-12-06,HÖGADALS IS,1962,16,5,
9928,"INGVES, ANTON",Nej,SWE,,2001-07-16,,ÖREBRO SK,2021,2,0,
9220,"INNOCENT, BONKE",Nej,NIG,,1996-01-20,,MALMÖ FF,2017-2021,61,0,
9364,"INOUSSA, ZEIDANE",Nej,SWE,,2002-05-13,,IF BROMMAPOJKARNA,2023,10,5,
8897,"IRANDUST, DALEHO",Nej,SWE,,1998-06-04,,BK HÄCKEN,2017-2021,111,18,
9995,"ISA, LEON",Nej,SWE,,2005-02-01,,KALMAR FF,2022,1,0,
3273,"ISACSON, KARL-ERIK",Nej,SWE,,1934-07-25,2023-07-16,DJURGÅRDENS IF,1958-1959,7,0,KUNGSÄNGENS IF
8898,"ISAK, ALEXANDER",Nej,SWE,,1999-09-21,,AIK,2016,24,10,
7473,"ISAKOVIC, IVAN",Nej,SCG,,1978-01-21,,ASSYRISKA FF,2005,18,1,
6657,"ISAKSSON, ANDREAS",Ja,SWE,,1981-10-03,,TRELLEBORGS FF,1999,11,0,
6657,"ISAKSSON, ANDREAS",Ja,SWE,,1981-10-03,,DJURGÅRDENS IF,2001-2018,135,0,
3278,"ISAKSSON, BENGT",Nej,SWE,,1932-12-30,2009-08-09,SANDVIKENS AIK,1955,2,0,
2587,"ISAKSSON, GUNNAR",Nej,SWE,,1923-01-27,2003-04-15,IF ELFSBORG,1946-1949,29,5,EV 30 MATCHER
1858,"ISAKSSON, NILS",Nej,SWE,,1909-02-24,2005-09-05,GEFLE IF,1934-1935,34,0,
6599,"ISAKSSON, RICKARD",Nej,SWE,,1975-03-21,,HAMMARBY IF,1998,2,0,
4556,"ISAKSSON, STAFFAN",Nej,SWE,,1952-04-20,,IFK LULEÅ,1971,22,2,
4556,"ISAKSSON, STAFFAN",Nej,SWE,,1952-04-20,,ÖREBRO SK,1973-1974,44,2,
4556,"ISAKSSON, STAFFAN",Nej,SWE,,1952-04-20,,IFK SUNDSVALL,1976-1977,48,8,
4556,"ISAKSSON, STAFFAN",Nej,SWE,,1952-04-20,,AIK,1979-1981,24,2,
4557,"ISAKSSON, SÖREN",Nej,SWE,,1943-11-22,,GIF SUNDSVALL,1975,21,5,
4555,"ISAXON, TORBJÖRN",Nej,SWE,,1950-05-19,,IFK LULEÅ,1971,17,0,EM THAILAND
4555,"ISAXON, TORBJÖRN",Nej,SWE,,1950-05-19,,ÖSTERS IF,1972-1975,75,6,
2590,"ISBERG, HENRY",Nej,SWE,,1924-10-28,1955-09-27,LANDSKRONA BoIS,1949,1,1,
2263,"ISBERG, TURE",Nej,SWE,,1900-04-23,1989-11-09,MALMÖ FF,1932,4,1,
3276,"ISGREN, STIG",Nej,SWE,,1931-04-09,2015-12-24,IFK MALMÖ,1953-1958,12,3,GLASÖGON
3276,"ISGREN, STIG",Nej,SWE,,1931-04-09,2015-12-24,HELSINGBORGS IF,1956,9,0,
9711,"ISHAQ, ABDULRAZAQ",Nej,NIG,,2002-05-05,,IFK NORRKÖPING,2020-2022,54,2,
9711,"ISHAQ, ABDULRAZAQ",Nej,NIG,,2002-05-05,,BK HÄCKEN,2023,7,0,
8750,"ISHERWOOD, THOMAS",Nej,SWE,,1998-01-28,,ÖSTERSUNDS FK,2019-2020,44,4,POPPLER ISHERWOOD
6572,"ISHIZAKI, STEFAN",Nej,SWE,,1982-05-15,,AIK,2000-2017,162,23,
6572,"ISHIZAKI, STEFAN",Nej,SWE,,1982-05-15,,IF ELFSBORG,2006-2019,230,51,
8121,"ISLAMOVIC, DINO",Nej,SWE,,1994-01-17,,ÖSTERSUNDS FK,2018-2019,50,16,
8518,ISMAEL,Nej,BRA,ISMAEL SILVA LIMA,1994-12-01,,KALMAR FF,2013-2017,106,6,
8225,"ISMAIL, LAWAL",Nej,NIG,,1991-09-05,,IFK GÖTEBORG,2010,2,0,
8225,"ISMAIL, LAWAL",Nej,NIG,,1991-09-05,,SYRIANSKA FC,2012,6,0,
7621,"ISRAELSSON, ERIK",Nej,SWE,,1989-02-25,,KALMAR FF,2008-2022,124,17,
7621,"ISRAELSSON, ERIK",Nej,SWE,,1989-02-25,,HAMMARBY IF,2015-2016,51,16,
3277,"ISRAELSSON, STIG",Ja,SWE,,1929-01-29,2022-11-16,RÅÅ IF,1952,1,0,
8329,"ISTREFI, GZIM",Nej,SWE,,1991-12-18,,GAIS,2011-2012,5,0,
9579,"IVANOV, MICHAIL",Ja,BUL,,1989-08-07,,ATHLETIC FC ESKILSTU,2019,3,0,
6012,"IVANOVS, VALERIJ",Nej,LVA,,1970-02-23,,HELSINGBORGS IF,1993-1994,10,0,
8250,"IVANOVSKI, DANIEL",Nej,MAK,,1983-06-27,,MJÄLLBY AIF,2010-2014,83,1,
6515,"IVARSSON, ANDREAS",Ja,SWE,,1977-05-14,,ÖSTERS IF,1997,2,0,
6236,"IVARSSON, DANE",Nej,SWE,,1976-08-05,,VÄSTRA FRÖLUNDA IF,1995,9,0,
5134,"IVARSSON, HÅKAN",Nej,SWE,,1962-04-08,,HAMMARBY IF,1985,5,0,
3939,"IVARSSON, OVE",Nej,SWE,,1940-10-21,2020-11-18,DEGERFORS IF,1964-1966,14,2,
5376,"IVARSSON, STEFAN",Nej,SWE,,1965-04-14,,IF ELFSBORG,1987,4,1,
3941,"IVARSSON, STIG",Nej,SWE,,1939-05-16,,ÖREBRO SK,1964,9,2,
3274,"IVEGREN, BERNDT",Nej,SWE,SVARTEN,1923-09-21,2009-09-11,DJURGÅRDENS IF,1950-1954,88,0,FD JOHANSSON
2589,"IVERYD, ARNOLD",Nej,SWE,,1914-06-22,1944-09-26,IFK ESKILSTUNA,1943,5,0,F JOHANSSON
3938,"IWARSSON, LEIF",Nej,SWE,,1939-02-22,,AIK,1963,1,0,"FR HALLSTAH,SIRIUS"
3938,"IWARSSON, LEIF",Nej,SWE,,1939-02-22,,IK BRAGE,1966,22,1,
1893,"JACOBSEN, BERTIL",Nej,SWE,,1910-11-26,1968-09-11,HALMSTADS BK,1934-1936,12,0,
1347,"JACOBSON, NILS",Nej,SWE,,1908-02-24,1989-06-16,IFK UDDEVALLA,1927,1,0,
1900,"JACOBSON, RAGNAR",Nej,SWE,BOB,1905-12-14,1982-08-24,SANDVIKENS IF,1930-1934,70,17,
2614,"JACOBSON, RUNE",Nej,SWE,,1921-04-09,2014-01-05,GÅRDA BK,1943,11,1,
1308,"JACOBSSON, BERTIL",Nej,SWE,,1900-03-03,1956-03-16,ÖRGRYTE IS,1926,6,1,
1308,"JACOBSSON, BERTIL",Nej,SWE,,1900-03-03,1956-03-16,IFK MALMÖ,1926-1929,10,1,
3982,"JACOBSSON, CHRISTER",Nej,SWE,,1951-01-26,,MALMÖ FF,1969-1975,65,1,
3982,"JACOBSSON, CHRISTER",Nej,SWE,,1951-01-26,,LANDSKRONA BoIS,1977-1980,23,0,
5022,"JACOBSSON, CONNY",Nej,SWE,,1951-02-04,2014-02-07,ÅTVIDABERGS FF,1978-1979,42,6,
2597,"JACOBSSON, ERIC",Ja,SWE,,1923-08-12,1984-03-09,IK BRAGE,1944,21,0,
1866,"JACOBSSON, HENRY",Nej,SWE,LILL-HAMBO,1911-12-19,1992-02-16,DEGERFORS IF,1939-1943,70,17,
2608,"JACOBSSON, KARL-ALFRED",Nej,SWE,,1926-01-15,2015-03-04,GAIS,1945-1959,182,126,
1865,"JACOBSSON, KARL-ERIK",Nej,SWE,KVARTS-HAMBO,1920-04-09,2001-10-31,DEGERFORS IF,1939-1953,245,75,41/42 AVDAG EN MATCH
1865,"JACOBSSON, KARL-ERIK",Nej,SWE,KVARTS-HAMBO,1920-04-09,2001-10-31,IS HALMIA,1950,8,2,
6820,"JACOBSSON, MAGNUS",Nej,SWE,TOSSE,1976-01-12,,GAIS,2000,8,0,
2600,"JACOBSSON, NILS",Nej,SWE,VALLE,1915-10-10,1988-01-05,DEGERFORS IF,1941-1942,2,0,
3293,"JACOBSSON, SANNY",Nej,SWE,FRANK,1930-07-06,2017-02-28,GAIS,1950-1959,123,24,
1870,"JACOBSSON, SVEN",Nej,SWE,JACK,1914-04-17,1983-07-09,GAIS,1935-1951,230,41,
5125,"JACOBSSON, THOMAS",Nej,SWE,SIGGE,1963-12-15,,HALMSTADS BK,1983,1,0,
3973,"JACOBSSON, ULF",Nej,SWE,GRÖNIS,1943-06-24,2013-11-02,HELSINGBORGS IF,1962-1964,10,2,
4560,"JACOBSSON, ULF",Ja,SWE,,1953-10-22,,AIK,1977-1979,26,0,
2325,"JACOBSSON, UNO",Nej,SWE,,1909-04-10,1993-07-06,IFK ESKILSTUNA,1931,2,0,
5686,"JADONIC, MARIO",Nej,SWE,,1970-05-20,,GAIS,1990,1,0,
8238,JAEL,Nej,BRA,JAEL FERREIRA VIEIRA,1988-10-30,,KALMAR FF,2010,2,0,
6717,"JAENSSON, JOHAN",Nej,SWE,,1970-01-20,,KALMAR FF,1999,13,0,
3962,"JAGLER, BO",Nej,SWE,JOHANSSON TID.,1941-10-06,,GAIS,1964,13,1,
3962,"JAGLER, BO",Nej,SWE,JOHANSSON TID.,1941-10-06,,IFK GÖTEBORG,1968,18,1,
9525,"JAGNE, IMAM",Nej,SWE,SEEDY,2003-10-01,,BK HÄCKEN,2019,1,0,
9525,"JAGNE, IMAM",Nej,SWE,SEEDY,2003-10-01,,MJÄLLBY AIF,2023,11,1,
6753,"JAGNE, SAIHOU",Nej,SWE,CH,1986-10-10,,AIK,2008-2010,40,7,
9460,JAJA,Nej,BRA,HUGO GOMES DOS SANTOS SI,1995-03-18,,KALMAR FF,2018,3,0,
8661,"JAJIC, DUSAN",Nej,SWE,,1998-07-04,,HAMMARBY IF,2015-2017,8,0,
8940,"JAKOBSEN, ALEXANDER",Nej,DAN,,1994-03-18,,FALKENBERGS FF,2015-2016,28,3,DAN/EGY
8940,"JAKOBSEN, ALEXANDER",Nej,DAN,,1994-03-18,,IFK NORRKÖPING,2017-2019,42,3,
8940,"JAKOBSEN, ALEXANDER",Nej,DAN,,1994-03-18,,KALMAR FF,2019,9,1,
5926,"JAKOBSSON, ANDREAS",Nej,SWE,ANDY,1972-10-06,,LANDSKRONA BoIS,1994,17,0,
5926,"JAKOBSSON, ANDREAS",Nej,SWE,ANDY,1972-10-06,,HELSINGBORGS IF,1995-2007,193,10,
4565,"JAKOBSSON, BIRGER",Nej,SWE,,1949-10-17,,DJURGÅRDENS IF,1974-1980,150,3,
3284,"JAKOBSSON, JACK",Nej,SWE,,1937-01-18,2021-05-08,DEGERFORS IF,1956,1,0,EGEN PRODUKT
8255,"JAKOBSSON, ROBIN",Nej,SWE,,1990-03-28,,TRELLEBORGS FF,2010,4,0,
4592,"JAKOBSSON, ROLAND",Nej,SWE,ICKE,1954-09-14,2023-08-24,ÖSTERS IF,1977,7,1,"FR RÅÅ, EV 0826"
8899,"JALLOW, ALEXANDER",Nej,SWE,,1998-03-03,,JÖNKÖPINGS SÖDRA IF,2017,5,0,
8899,"JALLOW, ALEXANDER",Nej,SWE,,1998-03-03,,IFK GÖTEBORG,2020-2022,75,2,
7499,"JALLOW, ANTOUMAN",Nej,SWE,,1981-06-11,,GEFLE IF,2005-2006,6,0,
3349,"JALSBORN, STIG",Nej,SWE,FIMPEN,1927-12-15,1992-04-07,ÖRGRYTE IS,1959,13,1,FR MUSTADSFORS
8033,"JAMES, MONDAY",Nej,NIG,,1986-10-19,,HAMMARBY IF,2009,8,0,
9029,"JAMIESON, SCOTT",Nej,AUS,,1988-10-13,,IFK GÖTEBORG,2016-2017,13,0,
9853,"JANEVSKI, DANIEL",Nej,SWE,,1992-10-03,,DEGERFORS IF,2021,6,0,
3292,"JANGBLAD, LARS",Nej,SWE,,1931-01-11,2016-11-01,IFK GÖTEBORG,1952-1954,47,23,"FD JOHANSSON, EM SPANIEN"
3292,"JANGBLAD, LARS",Nej,SWE,,1931-01-11,2016-11-01,IFK ESKILSTUNA,1958,21,10,
5916,"JANKOWSKI, RYSZARD",Ja,POL,"RICKY""LANCA",1960-04-10,,TRELLEBORGS FF,1992-1995,84,0,
6521,"JANKULOVSKI, DIME",Ja,SWE,,1977-06-18,,VÄSTRA FRÖLUNDA IF,1998-2000,56,0,
6521,"JANKULOVSKI, DIME",Ja,SWE,,1977-06-18,,AIK,2001,11,0,
6521,"JANKULOVSKI, DIME",Ja,SWE,,1977-06-18,,ÖRGRYTE IS,2003,4,0,
6521,"JANKULOVSKI, DIME",Ja,SWE,,1977-06-18,,GAIS,2006-2012,170,0,
9415,"JANOSEVIC, BUDIMIR",Ja,SER,,1989-10-21,,AIK,2018-2022,46,0,
3958,"JANSERUDVANGEN, EINAR",Nej,SWE,,1934-06-16,1982-01-21,JÖNKÖPINGS SÖDRA IF,1960,5,2,FD NORGE
3958,"JANSERUDVANGEN, EINAR",Nej,SWE,,1934-06-16,1982-01-21,IFK ESKILSTUNA,1964,22,1,
2641,"JANSON, STIG",Nej,SWE,PLIGGEN,1912-05-11,1989-06-13,REYMERSHOLMS IK,1942,12,3,
3340,"JANSSON, ALF",Nej,SWE,,1930-12-04,,SANDVIKENS IF,1959,11,1,FR HÖGBO
1309,"JANSSON, AXEL",Nej,SWE,PUTTE,1901-11-13,1989-09-25,IFK NORRKÖPING,1925-1930,43,9,
1348,"JANSSON, AXEL",Nej,SWE,,1897-03-30,1968-07-20,IK CITY,1926,1,1,
3282,"JANSSON, BENGT",Nej,SWE,,1938-01-09,2006-07-03,AIK,1956-1957,10,3,
3282,"JANSSON, BENGT",Nej,SWE,,1938-01-09,2006-07-03,SANDVIKENS IF,1959-1961,41,26,
3348,"JANSSON, BERTIL",Nej,SWE,,1932-07-17,2002-10-05,ÖRGRYTE IS,1959-1964,67,0,
3334,"JANSSON, BJÖRN",Nej,SWE,,1937-09-08,,MOTALA AIF,1958,27,0,
4566,"JANSSON, BJÖRN",Nej,SWE,,1958-06-23,,DJURGÅRDENS IF,1977-1980,13,0,
1880,"JANSSON, CARL-EJNAR",Nej,SWE,,1906-09-05,1978-07-19,GEFLE IF,1934-1935,29,6,
1310,"JANSSON, ERIK",Ja,SWE,JANA,1903-10-04,1990-02-23,IK SLEIPNER,1925-1932,146,0,
3281,"JANSSON, EVERT",Nej,SWE,BÄCKIS,1933-05-31,1994-05-04,AIK,1958,16,1,
3281,"JANSSON, EVERT",Nej,SWE,BÄCKIS,1933-05-31,1994-05-04,IFK ESKILSTUNA,1964,17,11,
1878,"JANSSON, EVERT",Ja,SWE,,1907-03-08,1979-05-25,GEFLE IF,1935,21,0,FR BRYNÄS
6642,"JANSSON, FREDRIK",Nej,SWE,FRIPPE,1976-09-20,,ÖREBRO SK,1998-2007,75,0,
1879,"JANSSON, GUNNAR",Nej,SWE,ROM-JANNE,1908-03-29,1981-04-10,GEFLE IF,1934-1935,36,17,
1899,"JANSSON, GUNNAR",Nej,SWE,,1912-01-06,1994-09-11,SANDVIKENS IF,1931-1944,215,9,
2595,"JANSSON, GUNNAR",Nej,SWE,SKRATTIS,1918-07-14,1998-10-24,AIK,1940-1942,11,1,
8465,"JANSSON, GUSTAV",Ja,SWE,,1986-02-24,,ÅTVIDABERGS FF,2012-2015,28,0,
3996,"JANSSON, GÖRAN",Nej,SWE,ERVALLA,1941-03-12,1980-02-14,ÖREBRO SK,1965-1966,8,0,"FR KARLSKOGA,POLIS. F 45?"
1901,"JANSSON, HARALD",Nej,SWE,,1919-04-01,1988-11-17,IK SLEIPNER,1939-1940,3,0,EJ HARRY
1911,"JANSSON, HARRY",Nej,SWE,TJABAN,1916-02-13,1993-12-27,ÖRGRYTE IS,1935-1940,42,10,FR BAGAREGÅRDEN.EJ I GBG
1311,"JANSSON, HENRY",Nej,SWE,,1903-01-26,1977-03-08,IFK GÖTEBORG,1927,5,1,"EJ HARRY, FR SURTE/VÄNERS"
9282,"JANSSON, ISAK",Nej,SWE,,2002-01-31,,KALMAR FF,2019-2022,68,7,
5481,"JANSSON, JAN",Nej,SWE,,1968-01-26,,KALMAR FF,1986,17,0,
5481,"JANSSON, JAN",Nej,SWE,,1968-01-26,,ÖSTERS IF,1988-1992,87,17,
5481,"JANSSON, JAN",Nej,SWE,,1968-01-26,,IFK NORRKÖPING,1993-2001,100,11,
5662,"JANSSON, JESPER",Nej,SWE,,1971-01-08,,ÖSTERS IF,1988-1993,75,5,
5662,"JANSSON, JESPER",Nej,SWE,,1971-01-08,,AIK,1994-1995,34,6,
5662,"JANSSON, JESPER",Nej,SWE,,1971-01-08,,DJURGÅRDENS IF,1996,24,1,
5662,"JANSSON, JESPER",Nej,SWE,,1971-01-08,,HELSINGBORGS IF,2000-2004,101,6,
3945,"JANSSON, LARS",Nej,SWE,,1944-06-09,,AIK,1969-1970,12,1,
5079,"JANSSON, MATS",Nej,SWE,,1961-05-09,,DJURGÅRDENS IF,1981,12,0,
7573,"JANSSON, OSCAR",Ja,SWE,,1990-12-23,,ÖREBRO SK,2014-2020,176,0,
7573,"JANSSON, OSCAR",Ja,SWE,,1990-12-23,,IFK NORRKÖPING,2021-2023,90,0,
3987,"JANSSON, PER-INGE",Nej,SWE,PÄRA,1938-03-19,,IFK NORRKÖPING,1963-1967,52,0,"FD REJMYRE, FINSPÅNGS AIK"
3967,"JANSSON, PER-ÅKE",Nej,SWE,SMOCKLUND,1938-03-05,2023-08-26,IFK GÖTEBORG,1962,4,0,"FR GULLSPÅNG, 0828?"
6487,"JANSSON, PETER",Nej,SWE,,1971-03-08,,TRELLEBORGS FF,1997,9,1,
7753,"JANSSON, PONTUS",Nej,SWE,,1991-02-13,,MALMÖ FF,2009-2023,113,7,EJ MFF 2015-22
7951,"JANSSON, RICHARD",Nej,SWE,,1984-07-19,,PANOS LJUNGSKILE SK,2008,28,1,
1910,"JANSSON, RICKARD",Nej,SWE,,1915-02-23,1985-05-03,ÖRGRYTE IS,1938,1,0,
9417,"JANSSON, ROBIN",Nej,SWE,,1991-11-15,,AIK,2018,25,2,
6219,"JANSSON, STEFAN",Nej,SWE,,1970-05-20,,DJURGÅRDENS IF,1995,2,0,
1312,"JANSSON, SVEN",Nej,SWE,BANDY-JANA,1904-10-26,1995-08-11,IK SLEIPNER,1925-1927,21,5,
2598,"JANSSON, SVEN",Nej,SWE,,1911-01-10,1995-09-16,IK BRAGE,1940,2,1,
3970,"JANSSON, SVEN",Nej,SWE,,1938-04-11,1983-05-24,HAMMARBY IF,1961-1963,48,0,
1881,"JANSSON, TORE",Nej,SWE,,1912-09-01,1990-01-18,GEFLE IF,1935,1,0,FR IFK GÄVLE
3979,"JANSSON, TORGNY",Nej,SWE,,1944-01-13,,JÖNKÖPINGS SÖDRA IF,1969,12,0,FR SANDV IF
3986,"JANSSON, ULF",Nej,SWE,,1941-11-13,,IFK NORRKÖPING,1960-1973,200,21,
5657,"JANSSON, ULRIK",Nej,SWE,,1968-02-02,,ÖSTERS IF,1986-1993,123,12,
5657,"JANSSON, ULRIK",Nej,SWE,,1968-02-02,,HELSINGBORGS IF,1994-2003,158,9,
2613,"JANSSON, WILHELM",Nej,SWE,,1918-12-14,2003-08-30,GÅRDA BK,1940-1941,6,3,
3342,"JANSSON, YNGVE",Ja,SWE,,1929-10-11,2021-11-23,VÄSTERÅS SK,1956-1957,21,0,"SÄTRABRUNN,FINSPÅNG"
3992,"JANSSON, ÅKE",Nej,SWE,,1937-01-16,,GIF SUNDSVALL,1965,19,0,ISH I WIFSTA
2627,"JANTIN, ALF",Nej,SWE,,1927-08-16,1984-06-13,HELSINGBORGS IF,1946-1950,15,1,FD JOHANSSON
9863,"JARJUÉ, MAUDO",Nej,GAM,,1997-09-30,,IF ELFSBORG,2021-2023,30,2,
7872,"JARL, DANIEL",Nej,SWE,,1992-04-13,,DJURGÅRDENS IF,2011-2012,2,0,
7872,"JARL, DANIEL",Nej,SWE,,1992-04-13,,IK SIRIUS,2017-2020,48,0,
8146,"JARL, GUSTAV",Nej,SWE,,1995-05-28,,HELSINGBORGS IF,2013-2014,5,0,
8146,"JARL, GUSTAV",Nej,SWE,,1995-05-28,,ATHLETIC FC ESKILSTU,2019,18,1,
6787,"JARLEGREN, MARCUS",Nej,SWE,,1983-09-16,,BK HÄCKEN,2001-2010,53,2,
9436,"JASAREVIC, IRFAN",Nej,BIH,,1995-08-24,,DALKURD FF,2018,8,0,
1872,"JAVETTE, PER",Nej,SWE,,1914-09-14,1986-09-27,GAIS,1938,6,0,
7926,"JAWO, AMADOU",Nej,SWE,,1984-09-26,,GEFLE IF,2008-2009,42,9,
7926,"JAWO, AMADOU",Nej,SWE,,1984-09-26,,IF ELFSBORG,2009-2012,57,8,
7926,"JAWO, AMADOU",Nej,SWE,,1984-09-26,,DJURGÅRDENS IF,2013-2017,82,18,
8016,"JAWO, OMAR",Nej,SWE,,1981-11-08,,GEFLE IF,2009-2010,49,0,
8016,"JAWO, OMAR",Nej,SWE,,1981-11-08,,SYRIANSKA FC,2011-2012,40,0,
5305,"JAXGÅRD, HANS",Nej,SWE,,1966-06-17,,IK BRAGE,1986-1990,44,0,
8664,"JEAHZE, MOHANAD",Nej,SWE,,1997-04-10,,IF BROMMAPOJKARNA,2018,10,0,
8664,"JEAHZE, MOHANAD",Nej,SWE,,1997-04-10,,MJÄLLBY AIF,2020,12,0,
8664,"JEAHZE, MOHANAD",Nej,SWE,,1997-04-10,,HAMMARBY IF,2020-2022,61,4,
9612,JEAN,Nej,BRA,JEAN CARLOS DE BRITO,1995-06-09,,HAMMARBY IF,2019-2020,5,0,
9612,JEAN,Nej,BRA,JEAN CARLOS DE BRITO,1995-06-09,,VARBERGS BOIS,2021,23,0,
9612,JEAN,Nej,BRA,JEAN CARLOS DE BRITO,1995-06-09,,IFK NORRKÖPING,2022,8,0,
9013,"JEBALI, ISSAM",Nej,TUN,,1991-12-25,,IF ELFSBORG,2016-2018,59,20,
7832,"JEFFS, IAN",Nej,ENG,,1982-10-12,,ÖREBRO SK,2007,2,0,
5881,"JEGLERTZ, ANDRÉ",Nej,SWE,,1972-02-14,,MALMÖ FF,1992,25,2,
5881,"JEGLERTZ, ANDRÉ",Nej,SWE,,1972-02-14,,UMEÅ FC,1996,1,0,
8983,"JELAVIC, MARIO",Nej,KRO,,1993-08-20,,ÅTVIDABERGS FF,2015,19,1,
6960,"JELECµK, MIRZA",Nej,SWE,,1983-03-02,,ÖREBRO SK,2001-2004,51,3,
7018,"JENSEN, EMIL",Nej,SWE,,1979-06-19,,HALMSTADS BK,2001-2006,112,2,
7989,"JENSEN, FREDRIK",Nej,SWE,,1985-06-13,,TRELLEBORGS FF,2008-2011,97,26,
9452,"JENSEN, FREDRIK",Nej,NOR,,1993-05-18,,IFK GÖTEBORG,2018,12,0,
6465,"JENSEN, JOAKIM",Nej,SWE,,1974-03-28,,PANOS LJUNGSKILE SK,1997,23,3,
6465,"JENSEN, JOAKIM",Nej,SWE,,1974-03-28,,HAMMARBY IF,2005-2007,16,0,
4951,"JENSEN, JOHN",Nej,SWE,,1951-01-30,,IS HALMIA,1979,9,0,
8396,"JENSEN, KASPER",Ja,DAN,,1982-10-07,,DJURGÅRDENS IF,2012,5,0,
6120,"JENSEN, KENNETH",Nej,NOR,,1971-12-01,,BK HÄCKEN,1994,9,0,
9365,"JENSEN, KEVIN",Nej,SWE,,2001-06-15,,KALMAR FF,2022-2023,20,0,
7965,"JENSEN, MIKE",Nej,DAN,,1988-02-19,,MALMÖ FF,2008,11,0,
7292,"JENSEN, MIKKEL",Nej,DAN,,1977-01-06,,HAMMARBY IF,2003-2009,111,2,
7292,"JENSEN, MIKKEL",Nej,DAN,,1977-01-06,,IF BROMMAPOJKARNA,2009-2010,14,0,
3286,"JEPPSON, HANS",Nej,SWE,GULDFOT,1925-05-10,2013-02-22,DJURGÅRDENS IF,1950-1951,39,35,
3983,"JEPPSSON, JAN",Nej,SWE,,1943-06-01,,MALMÖ FF,1962-1963,12,1,SEN GNOSJÖ 65-71X
4001,"JEPPSSON, PETER",Nej,SWE,,1946-08-31,,ÖRGRYTE IS,1967,12,2,SEN KARLSTAD BK 70
3997,"JEPPSSON, TOMMY",Nej,SWE,,1942-12-13,,ÖREBRO SK,1965-1966,3,1,
4559,"JEPSSON, BO-LENNART",Nej,SWE,,1948-11-05,,AIK,1974-1976,20,0,
8837,"JEREMEJEFF, ALEXANDER",Nej,SWE,,1993-10-12,,BK HÄCKEN,2014-2022,132,61,
8837,"JEREMEJEFF, ALEXANDER",Nej,SWE,,1993-10-12,,MALMÖ FF,2016-2018,48,11,
0462,"JERKINGER, ROGER",Nej,SWE,JOHANSSON TID.,1948-07-18,,JÖNKÖPINGS SÖDRA IF,1969,5,0,
1863,"JERNBERG, NILS",Nej,SWE,PYSEN,1906-04-06,1983-09-28,IK BRAGE,1938-1939,23,3,
7005,"JEVTUSHENKO, VYATHESLAV",Nej,UKR,SLAVIK,1981-07-26,,AIK,2001-2002,9,0,
5295,"JEVTUSJENKO, VADIM",Nej,SOV/UKR,,1958-01-01,,AIK,1989-1993,122,30,
7640,"JIDSJÖ, MICHAEL",Nej,SWE,,1990-04-07,,ÖREBRO SK,2008-2009,2,0,
3991,"JIGHAGE, LEOPOLD",Nej,SWE,,1933-04-09,2019-07-25,GIF SUNDSVALL,1965,20,0,FR IFK UMEÅ 57
2330,"JIHDE, STEN",Nej,SWE,,1917-09-13,2003-08-01,AIK,1942,1,0,
5090,"JINEFORS, MATS",Nej,SWE,JALKING,1960-04-08,,IF ELFSBORG,1983,5,0,
3307,"JINGBLAD, LARS-OLOF",Nej,SWE,JOHANSSON TID.,1933-07-09,2023-02-23,HALMSTADS BK,1955-1958,91,26,SALTÖ BK 1960
4573,"JINGBLAD, MATS",Nej,SWE,,1958-08-09,,HALMSTADS BK,1977-1987,215,65,
2610,"JINGÅRD, RUNE",Nej,SWE,LILLEN JOHANSSON TID.,1925-02-16,2018-03-27,GAIS,1949-1959,222,8,
3295,"JINSTRAND, ARNE",Nej,SWE,,1933-10-07,2021-08-04,GAIS,1957,4,0,
9645,"JNO-BAPTISTE, FRANCIS",Nej,ENG,,1999-11-08,,ÖSTERSUNDS FK,2019-2021,32,5,
7325,JOAO RODRIGO,Nej,BRA,J.R.SILVA SANTOS,1977-11-08,2013-10-29,ÖSTERS IF,2003,6,1,
8901,"JOELSSON, KALLE",Ja,SWE,,1998-03-21,,HELSINGBORGS IF,2019-2022,41,0,
7438,"JOHANNESEN, ERIK",Nej,SWE,,1984-08-08,,ÖRGRYTE IS,2004-2006,32,2,
1313,"JOHANNESSON, ERLAND",Nej,SWE,,1905-09-07,1998-01-19,IFK UDDEVALLA,1927,8,0,FD JOHANSSON(GAIS)
1313,"JOHANNESSON, ERLAND",Nej,SWE,,1905-09-07,1998-01-19,GAIS,1928,13,1,
4587,"JOHANNESSON, GUNNAR",Ja,SWE,,1947-02-16,,GIF SUNDSVALL,1975,15,0,
3978,"JOHANNESSON, GÖRAN",Nej,SWE,GOGGO,1945-06-20,,JÖNKÖPINGS SÖDRA IF,1969,21,2,
6332,"JOHANNESSON, MARKUS",Nej,SWE,,1975-05-29,,IK ODDEVOLD,1996,25,0,
6332,"JOHANNESSON, MARKUS",Nej,SWE,,1975-05-29,,ÖRGRYTE IS,1997-2004,164,10,
6332,"JOHANNESSON, MARKUS",Nej,SWE,,1975-05-29,,DJURGÅRDENS IF,2004-2009,136,1,
5139,"JOHANNESSON, RALF",Nej,SWE,,1958-03-07,,BK HÄCKEN,1983,22,4,KÄLLBY IF TR 89
9613,"JOHANNSSON, ARON",Nej,USA,,1990-11-10,,HAMMARBY IF,2019-2020,32,12,
6843,"JOHANSEN, BJÖRN",Nej,NOR,BUMMEN,1969-09-07,,HELSINGBORGS IF,2000-2001,41,5,
6603,"JOHANSEN, STIG",Nej,NOR,,1972-06-13,,HELSINGBORGS IF,1998-2000,50,9,
7054,"JOHANSSON, ADAM",Nej,SWE,,1983-02-21,,IFK GÖTEBORG,2005-2016,174,1,
9732,"JOHANSSON, ALEXANDER",Nej,SWE,,1995-10-30,,VARBERGS BOIS,2020-2022,55,11,
9732,"JOHANSSON, ALEXANDER",Nej,SWE,,1995-10-30,,MJÄLLBY AIF,2023,24,2,
9879,"JOHANSSON, ALEXANDER",Nej,SWE,,2000-01-27,,HALMSTADS BK,2021-2023,16,0,
9879,"JOHANSSON, ALEXANDER",Nej,SWE,,2000-01-27,,IF BROMMAPOJKARNA,2023,13,2,
3335,"JOHANSSON, ALF",Nej,SWE,PARVELN,1929-01-02,1993-06-29,NORRBY IF,1956,1,0,
3963,"JOHANSSON, ALF",Nej,SWE,PARVELN,1937-09-15,2021-08-18,GAIS,1964,6,0,FR KUNGSLADUGÅRD 60
1315,"JOHANSSON, ALLAN",Nej,SWE,LALLA,1904-08-10,1965-07-06,IFK NORRKÖPING,1925-1930,57,5,
1905,"JOHANSSON, ALLAN",Nej,SWE,MEXIKANEN,1915-08-01,1997-04-26,IK SLEIPNER,1939,5,0,"PALTA II"""""
2601,"JOHANSSON, ALLAN",Nej,SWE,FLÖGA,1916-01-25,1997-03-30,DEGERFORS IF,1941-1947,143,2,
3303,"JOHANSSON, ALLAN",Nej,SWE,,1933-11-26,2021-03-09,IFK GÖTEBORG,1958-1960,27,0,
1903,"JOHANSSON, ALLAN",Ja,SWE,PALTA,1918-03-21,1995-11-07,IK SLEIPNER,1935-1941,88,0,
2264,"JOHANSSON, ALVAR",Nej,SWE,,1905-05-17,1962-06-25,HALLSTAHAMMARS SK,1932,16,0,
6091,"JOHANSSON, ANDREAS",Nej,SWE,,1978-07-05,,DEGERFORS IF,1996-1997,33,5,
6091,"JOHANSSON, ANDREAS",Nej,SWE,,1978-07-05,,AIK,1999,12,1,
6091,"JOHANSSON, ANDREAS",Nej,SWE,,1978-07-05,,DJURGÅRDENS IF,2001-2014,148,43,
7123,"JOHANSSON, ANDREAS",Nej,SWE,,1982-03-10,,HALMSTADS BK,2002-2023,223,10,
7123,"JOHANSSON, ANDREAS",Nej,SWE,,1982-03-10,,IFK NORRKÖPING,2012-2018,205,10,
1046,"JOHANSSON, ARNE",Nej,SWE,TYSKEN,1907-06-16,1967-01-22,HELSINGBORGS IF,1928-1942,244,0,
3310,"JOHANSSON, ARNE",Nej,SWE,,1932-03-10,2011-04-25,HALMSTADS BK,1958-1959,15,4,"FR FALKENB FF, SEN ARVIDS"
3339,"JOHANSSON, ARNE",Nej,SWE,,1925-08-03,2011-08-03,SANDVIKENS AIK,1955,2,0,
2612,"JOHANSSON, ARTHUR",Nej,SWE,PUDDING,1920-07-20,1993-10-19,GAIS,1944-1945,17,0,
1897,"JOHANSSON, AXEL",Nej,SWE,SATTE,1907-10-02,1964-01-07,LANDSKRONA BoIS,1930-1935,102,28,FR LANDSKR IF 2907
2265,"JOHANSSON, AXEL",Nej,SWE,LYCKE,1905-08-18,1996-09-23,HALLSTAHAMMARS SK,1932,5,2,"LILL-ACKE"""""
2592,"JOHANSSON, AXEL",Nej,SWE,KNALL-ACKE,1920-09-01,2004-12-23,AIK,1943,6,2,FR DJURSHOLM
1316,"JOHANSSON, BALDWIN",Nej,SWE,,1898-03-10,1940-11-14,IFK GÖTEBORG,1925-1927,41,9,FR MAJORNA
3961,"JOHANSSON, BENGT",Nej,SWE,,1946-02-14,,GAIS,1964-1967,39,9,"MKL BK DALEN, MÖLNDAL"
3961,"JOHANSSON, BENGT",Nej,SWE,,1946-02-14,,IF SAAB,1973,21,2,
5039,"JOHANSSON, BENGT",Nej,SWE,CANELL,1956-04-16,,ÖSTERS IF,1978-1981,13,0,
9841,"JOHANSSON, BENGT",Nej,SWE,,1941-07-12,,GAIS,1969,1,0,"FR ODDEV 69, GLÖMD I STAT"
3347,"JOHANSSON, BENGT-GÖRAN",Nej,SWE,,1934-03-16,2016-08-13,ÖRGRYTE IS,1959-1961,34,7,"FR HERRLJUNG SK, BR PER-A"
3319,"JOHANSSON, BENGT-OWE",Nej,SWE,JOE,1937-05-01,2011-12-03,HELSINGBORGS IF,1956-1965,124,1,FR ÅSTORPS IF
5013,"JOHANSSON, BERNE",Nej,SWE,,1952-04-24,,VÄSTERÅS SK,1978,21,0,
2602,"JOHANSSON, BERNT",Nej,SWE,STJÄRNA HAMMENSTEDT,1920-05-19,1997-11-23,DEGERFORS IF,1943-1949,99,0,
3321,"JOHANSSON, BERT",Nej,SWE,,1932-09-03,,HELSINGBORGS IF,1957-1958,2,0,FR HÖGADAL
3333,"JOHANSSON, BERTH",Nej,SWE,,1932-02-05,2016-01-16,MOTALA AIF,1958,32,0,"SON GLENN, ISH"
1317,"JOHANSSON, BERTIL",Nej,SWE,,1902-12-07,1975-11-04,IFK UDDEVALLA,1926-1927,41,14,
1317,"JOHANSSON, BERTIL",Nej,SWE,,1902-12-07,1975-11-04,IFK GÖTEBORG,1928,6,2,
1892,"JOHANSSON, BERTIL",Nej,SWE,TJOMMEN BÄNNMARK,1906-03-01,1983-11-18,IS HALMIA,1934,3,1,
3279,"JOHANSSON, BERTIL",Nej,SWE,TAX,1929-03-19,2005-11-15,RÅÅ IF,1951-1952,32,6,FR DROTT
3279,"JOHANSSON, BERTIL",Nej,SWE,TAX,1929-03-19,2005-11-15,AIK,1953-1954,14,4,
3301,"JOHANSSON, BERTIL",Nej,SWE,BEBBEN,1935-03-22,2021-05-05,IFK GÖTEBORG,1955-1968,267,162,
2640,"JOHANSSON, BIRGER",Nej,SWE,BIGGE,1913-07-18,1993-05-22,REYMERSHOLMS IK,1942,3,0,
5052,"JOHANSSON, BJÖRN",Nej,SWE,BUTTA,1960-08-11,,AIK,1982-1985,63,6,
3975,"JOHANSSON, BO",Nej,SWE,LILLE-BO,1943-08-20,,HELSINGBORGS IF,1967-1968,43,11,
5253,"JOHANSSON, BO",Nej,SWE,,1959-08-15,,ÖRGRYTE IS,1981,5,0,
3954,"JOHANSSON, BORIS",Nej,SWE,,1936-02-13,,DJURGÅRDENS IF,1964-1965,29,6,
8509,"JOHANSSON, CARL",Nej,SWE,,1994-05-23,,HELSINGBORGS IF,2013-2016,37,3,
8509,"JOHANSSON, CARL",Nej,SWE,,1994-05-23,,FALKENBERGS FF,2019-2020,53,4,
8509,"JOHANSSON, CARL",Nej,SWE,,1994-05-23,,IFK GÖTEBORG,2021-2022,45,3,
8902,"JOHANSSON, CARL",Nej,SWE,,1998-06-17,,KALMAR FF,2016-2017,22,1,
8902,"JOHANSSON, CARL",Nej,SWE,,1998-06-17,,IFK VÄRNAMO,2023,3,0,
2594,"JOHANSSON, CARL-OTTIL",Nej,SWE,,1921-02-14,1977-04-22,AIK,1947,1,0,
2594,"JOHANSSON, CARL-OTTIL",Nej,SWE,,1921-02-14,1977-04-22,DJURGÅRDENS IF,1948,3,0,
2267,"JOHANSSON, CHARLIE",Nej,SWE,ERIK,1910-01-18,1992-05-30,IF ELFSBORG,1930,2,2,
2267,"JOHANSSON, CHARLIE",Nej,SWE,ERIK,1910-01-18,1992-05-30,REDBERGSLIDS IK,1931,8,0,
4558,"JOHANSSON, CHRISTER",Nej,SWE,,1953-07-03,,AIK,1973-1979,69,6,SEN JÖNK SÖ
4562,"JOHANSSON, CHRISTER",Nej,SWE,,1944-02-27,,BK DERBY,1977,3,0,
3943,"JOHANSSON, CHRISTER I",Nej,SWE,,1946-01-14,,AIK,1963-1968,8,0,SEN BP 69
6445,"JOHANSSON, CHRISTIAN",Nej,SWE,KICKAN ÖHRN,1975-05-19,,IF ELFSBORG,1997,3,0,
6467,"JOHANSSON, CHRISTIAN",Nej,SWE,HULTBERG,1967-06-05,,PANOS LJUNGSKILE SK,1997,24,2,
2268,"JOHANSSON, CLAES",Nej,SWE,,1909-09-29,1991-02-13,HALLSTAHAMMARS SK,1932,21,0,
5380,"JOHANSSON, CONNY",Ja,SWE,,1962-02-07,,GAIS,1988,2,0,
5380,"JOHANSSON, CONNY",Ja,SWE,,1962-02-07,,BK HÄCKEN,1993-1994,48,0,
6835,"JOHANSSON, CONNY",Ja,SWE,,1971-07-17,,HALMSTADS BK,2000-2007,105,0,
7936,"JOHANSSON, DANIEL",Nej,SWE,,1987-07-28,,HALMSTADS BK,2008,2,0,
7936,"JOHANSSON, DANIEL",Nej,SWE,,1987-07-28,,FALKENBERGS FF,2014-2016,61,1,
6897,"JOHANSSON, DAVID",Nej,SWE,,1982-05-28,,HAMMARBY IF,2004-2009,121,4,
1890,"JOHANSSON, DAVID/VY",Ja,SWE,,1911-04-30,1979-11-06,IS HALMIA,1933-1934,13,0,SONSON CONNY J
1890,"JOHANSSON, DAVID/VY",Ja,SWE,,1911-04-30,1979-11-06,HALMSTADS BK,1935-1936,18,0,
2603,"JOHANSSON, EDGAR",Nej,SWE,,1926-01-10,2004-11-01,DEGERFORS IF,1947,2,0,
1318,"JOHANSSON, EDVIN",Nej,SWE,PÄVE,1901-03-10,1969-03-24,IFK NORRKÖPING,1925-1930,48,5,HVET GIF 30/31-38
1889,"JOHANSSON, EDVIN",Nej,SWE,WINBO,1907-01-07,1979-03-05,IS HALMIA,1933-1934,33,0,
1883,"JOHANSSON, ELIS",Nej,SWE,,1913-03-11,1991-12-28,GÅRDA BK,1938,1,0,"FR MÖLNLYCKE, BROTTARE"
7078,"JOHANSSON, EMIL",Nej,SWE,,1986-08-11,,HAMMARBY IF,2007-2009,56,2,
1896,"JOHANSSON, ERIC",Nej,SWE,NOTA,1917-04-27,1952-07-23,LANDSKRONA BoIS,1937-1945,87,0,
1319,"JOHANSSON, ERIK",Nej,SWE,KUSKEN,1904-03-17,1932-04-26,GAIS,1928-1932,44,1,FR JONSERED
1320,"JOHANSSON, ERIK",Nej,SWE,SNEJSARN,1900-03-10,1983-05-20,GAIS,1925-1932,70,2,
1873,"JOHANSSON, ERIK",Nej,SWE,PYTT,1905-02-17,1993-06-07,GAIS,1933,3,0,
1875,"JOHANSSON, ERIK",Nej,SWE,SKUTTEN,1909-09-11,1984-02-18,GEFLE IF,1935,18,4,FR OCKELBO IF
2644,"JOHANSSON, ERIK",Nej,SWE,RÅTTA,1913-04-18,1969-12-11,IK SLEIPNER,1940-1941,13,9,FR DERBY
6249,"JOHANSSON, ERIK",Nej,SWE,SAMBA-ERIK,1976-05-18,,ÖRGRYTE IS,1995-2000,104,12,
6249,"JOHANSSON, ERIK",Nej,SWE,SAMBA-ERIK,1976-05-18,,MALMÖ FF,2001-2003,68,10,
6249,"JOHANSSON, ERIK",Nej,SWE,SAMBA-ERIK,1976-05-18,,HAMMARBY IF,2004-2006,44,6,
1321,"JOHANSSON, ESKIL",Ja,SWE,ECKE JYRELL,1902-03-22,1978-03-19,VÄSTERÅS IK,1925,22,0,
1626,"JOHANSSON, FILIP",Nej,SWE,SVARTE FILIP,1902-01-21,1976-11-01,IFK GÖTEBORG,1925-1933,181,180,
1626,"JOHANSSON, FILIP",Nej,SWE,SVARTE FILIP,1902-01-21,1976-11-01,GÅRDA BK,1936,13,4,
1322,"JOHANSSON, FOLKE",Nej,SWE,,1901-07-02,1981-03-12,IF ELFSBORG,1927,2,0,EG. JOHANNESSON
1884,"JOHANSSON, FOLKE",Nej,SWE,,1916-06-19,1992-12-31,IFK GÖTEBORG,1937-1947,162,14,
2620,"JOHANSSON, FRANK",Nej,SWE,,1928-06-01,2012-01-25,IS HALMIA,1948-1950,2,0,
5375,"JOHANSSON, FREDRIK",Nej,SWE,FRIPPE,1966-04-09,,IF ELFSBORG,1987,8,1,
5375,"JOHANSSON, FREDRIK",Nej,SWE,FRIPPE,1966-04-09,,GIF SUNDSVALL,1991,17,3,
5589,"JOHANSSON, GABRIEL",Nej,SWE,,1965-01-09,,VÄSTRA FRÖLUNDA IF,1987-1988,8,0,
5589,"JOHANSSON, GABRIEL",Nej,SWE,,1965-01-09,,IFK GÖTEBORG,1990-1991,8,0,
9606,"JOHANSSON, GABRIEL",Nej,SWE,,2000-10-10,,FALKENBERGS FF,2020,6,0,
1864,"JOHANSSON, GEORG",Nej,SWE,MASSA,1911-08-04,1987-04-25,IK BRAGE,1938-1944,82,9,
1324,"JOHANSSON, GUNNAR",Nej,SWE,SVARTEN,1903-04-03,1963-02-08,IFK GÖTEBORG,1925,2,2,
3280,"JOHANSSON, GUNNAR",Nej,SWE,,1937-07-07,,AIK,1959-1960,15,5,
3296,"JOHANSSON, GUNNAR",Nej,SWE,,1924-02-29,2003-02-14,GAIS,1950,16,0,
3309,"JOHANSSON, GUNNAR",Nej,SWE,,1930-04-27,,HALMSTADS BK,1955-1959,115,3,
1877,"JOHANSSON, GUNNAR",Ja,SWE,,1915-08-22,1969-02-15,GEFLE IF,1934,1,0,
1364,"JOHANSSON, GUNNAR-VY",Nej,SWE,,1906-12-06,1980-08-09,STATTENA IF,1928,1,0,
1326,"JOHANSSON, GUSTAF",Nej,SWE,FABEL,1900-10-20,1942-04-03,IFK UDDEVALLA,1926-1927,5,0,
1325,"JOHANSSON, GUSTAF",Ja,SWE,BYGGIS,1900-08-14,1968-06-07,ÖRGRYTE IS,1925-1928,41,0,
2618,"JOHANSSON, GUSTAF",Ja,SWE,BLÅSA,1914-01-22,1970-10-30,IFK GÖTEBORG,1940-1941,8,0,SON RONALD
4589,"JOHANSSON, GÖRAN",Nej,SWE,JÖJJE,1953-03-16,,ÅTVIDABERGS FF,1974-1979,91,4,
1327,"JOHANSSON, GÖSTA",Nej,SWE,BUSAS,1901-05-30,1987-12-28,AIK,1927,10,3,
1906,"JOHANSSON, GÖSTA",Nej,SWE,KOPPARN,1919-06-25,1994-12-18,IK SLEIPNER,1938,3,0,
1908,"JOHANSSON, GÖSTA",Nej,SWE,,1913-03-17,1981-08-24,ÖRGRYTE IS,1935,11,4,"FR IK WELOX, SEN GEFLE"
2615,"JOHANSSON, GÖSTA",Nej,SWE,JOHANNESSON,1919-12-31,1985-08-09,GÅRDA BK,1942,7,5,
3288,"JOHANSSON, HANS",Nej,SWE,,1937-06-30,,DJURGÅRDENS IF,1956-1957,12,5,SEN KUNGSÄNGENS IF
3313,"JOHANSSON, HANS",Nej,SWE,,1937-12-31,2022-11-19,HAMMARBY IF,1959-1961,16,3,FR ÄNGBY
3960,"JOHANSSON, HANS",Nej,SWE,,1945-12-30,,GAIS,1969-1975,132,49,
3976,"JOHANSSON, HANS",Nej,SWE,,1943-11-15,,HELSINGBORGS IF,1968,3,0,
5508,"JOHANSSON, HANS",Nej,SWE,LEGOLAS,1964-08-07,,MALMÖ FF,1988,3,0,
3311,"JOHANSSON, HANS-ÅKE",Ja,SWE,,1927-06-05,2021-02-09,HALMSTADS BK,1956-1958,17,0,ÅSTORPS IF 58
1045,"JOHANSSON, HARRY",Nej,SWE,BÅTEN,1909-04-16,1967-03-03,GAIS,1929-1933,40,0,
1045,"JOHANSSON, HARRY",Nej,SWE,BÅTEN,1909-04-16,1967-03-03,GÅRDA BK,1936-1943,129,1,
1328,"JOHANSSON, HARRY",Nej,SWE,JARLENIUS,1900-08-12,1961-04-19,ÖRGRYTE IS,1925,12,0,
2591,"JOHANSSON, HARRY",Nej,SWE,HAJACK TENNEFORS,1922-01-02,1999-08-14,AIK,1943-1951,118,1,
2605,"JOHANSSON, HELGE",Nej,SWE,,1919-12-19,1983-05-08,IF ELFSBORG,1942-1946,39,25,
7278,"JOHANSSON, HENRIK",Ja,SWE,,1976-10-01,,ENKÖPINGS SK,2003,8,0,
9907,"JOHANSSON, HERMAN",Nej,SWE,,1997-10-16,,MJÄLLBY AIF,2021-2023,61,5,
2616,"JOHANSSON, HILDING",Ja,SWE,JOHANNESSON,1922-02-20,1986-08-30,GÅRDA BK,1942,6,0,
1909,"JOHANSSON, HJALMAR",Nej,SWE,TÅARN,1907-09-03,1963-03-23,ÖRGRYTE IS,1933,11,5,"FR KROKSLÄTT, VIRGO"
1868,"JOHANSSON, HOLGER",Nej,SWE,JERNSTEN,1911-01-18,1992-02-14,GAIS,1932-1938,118,42,
1912,"JOHANSSON, HOLGER",Nej,SWE,GOBBEN,1919-03-01,1988-03-18,GÅRDA BK,1939,4,1,
5245,"JOHANSSON, HÅKAN",Nej,SWE,,1962-03-25,,ÅTVIDABERGS FF,1981,3,0,
3290,"JOHANSSON, INGE",Nej,SWE,,1929-06-17,2021-01-07,IF ELFSBORG,1952,4,0,
3942,"JOHANSSON, INGEMAR",Nej,SWE,SERNA,1940-03-15,2011-07-19,AIK,1960-1961,12,1,
2638,"JOHANSSON, INGEMAR",Ja,SWE,HINKEN,1925-10-26,2010-06-10,IFK NORRKÖPING,1948,2,0,
1904,"JOHANSSON, IVAN",Nej,SWE,BIFFEN,1918-03-16,1998-04-07,IK SLEIPNER,1938-1940,4,0,
3344,"JOHANSSON, IVAR",Nej,SWE,,1921-04-22,2003-02-07,ÖREBRO SK,1951,4,1,
7638,"JOHANSSON, JAKOB",Nej,SWE,,1990-06-21,,IFK GÖTEBORG,2007-2020,181,18,
3966,"JOHANSSON, JAN",Nej,SWE,CARLSTEDT,1937-02-26,2024-06-08,IFK GÖTEBORG,1960,9,2,
5160,"JOHANSSON, JERKER",Nej,SWE,,1958-02-25,,KALMAR FF,1984-1985,13,1,
6991,"JOHANSSON, JOEL",Nej,SWE,ANELL,1986-01-16,,HALMSTADS BK,2005-2011,40,3,
6991,"JOHANSSON, JOEL",Nej,SWE,ANELL,1986-01-16,,IF ELFSBORG,2009,14,1,
6991,"JOHANSSON, JOEL",Nej,SWE,ANELL,1986-01-16,,GAIS,2010,23,2,
6991,"JOHANSSON, JOEL",Nej,SWE,ANELL,1986-01-16,,BK HÄCKEN,2012,11,1,
5272,"JOHANSSON, JOHAN",Nej,SWE,,1966-06-25,,AIK,1986-1991,73,1,
3985,"JOHANSSON, JOHNNY",Nej,SWE,MALLA,1943-04-15,2018-12-04,IFK MALMÖ,1962,5,0,
7720,"JOHANSSON, JONATAN",Nej,FIN,TINTIN,1975-08-16,,MALMÖ FF,2006-2008,55,23,
1902,"JOHANSSON, KARL",Nej,SWE,VIKING,1911-02-27,1980-04-24,IK SLEIPNER,1931-1941,174,0,
2639,"JOHANSSON, KARL",Nej,SWE,,1915-07-02,1993-01-13,IFK NORRKÖPING,1941-1944,44,1,TRÄN DOMSJÖ 55
3320,"JOHANSSON, KARL-ERIK",Ja,SWE,,1935-03-12,2008-11-10,HELSINGBORGS IF,1959-1961,36,0,"KAL AIK,IFK V-O 62,BROM63"
3949,"JOHANSSON, KARL-EVERT",Nej,SWE,VEVA,1928-04-04,2009-02-02,DEGERFORS IF,1960-1961,21,9,
4586,"JOHANSSON, KENT",Nej,SWE,,1951-12-01,,GIF SUNDSVALL,1975,13,0,"EJ TAPPER, WARTA 79-81"
4586,"JOHANSSON, KENT",Nej,SWE,,1951-12-01,,ÖRGRYTE IS,1976,7,0,
3981,"JOHANSSON, KJELL",Nej,SWE,HAMNEDA,1941-03-10,,JÖNKÖPINGS SÖDRA IF,1960,2,0,
6234,"JOHANSSON, KJELL",Ja,SWE,,1963-07-14,,VÄSTRA FRÖLUNDA IF,1995,15,0,
5397,"JOHANSSON, KJELL-OVE",Nej,SWE,KOJ,1968-01-23,,GAIS,1989,1,0,
4578,"JOHANSSON, KLAS",Nej,SWE,,1956-07-07,,HAMMARBY IF,1975-1988,286,6,
1329,"JOHANSSON, KNUT",Nej,SWE,,1902-09-22,1987-06-20,WESTERMALMS IF,1927-1929,30,14,
1329,"JOHANSSON, KNUT",Nej,SWE,,1902-09-22,1987-06-20,AIK,1931-1932,37,12,
1867,"JOHANSSON, KNUT",Nej,SWE,,1918-04-02,2001-03-02,IF ELFSBORG,1937-1944,125,92,
1867,"JOHANSSON, KNUT",Nej,SWE,,1918-04-02,2001-03-02,HELSINGBORGS IF,1945-1947,40,15,
3346,"JOHANSSON, KURT",Ja,SWE,,1932-04-30,1998-04-24,ÖRGRYTE IS,1959-1965,145,0,
0460,"JOHANSSON, LARS",Nej,SWE,,1944-11-24,,HELSINGBORGS IF,1964,1,0,
2636,"JOHANSSON, LARS",Nej,SWE,,1915-07-31,1983-02-08,MALMÖ FF,1940,4,2,
3998,"JOHANSSON, LARS-GÖRAN",Nej,SWE,LILL-GALENTO,1946-08-01,,ÖRGRYTE IS,1965-1975,192,4,KUNGSHAMN 1983
5590,"JOHANSSON, LARS-OLOF",Ja,SWE,,1965-10-28,,VÄSTRA FRÖLUNDA IF,1988-1989,16,0,
3312,"JOHANSSON, LARS-OVE",Nej,SWE,LARSA,1938-11-14,2019-11-11,HAMMARBY IF,1957-1963,103,57,
6155,"JOHANSSON, LASSE",Nej,SWE,,1975-04-02,,ÖSTERS IF,1994-1998,77,2,
6155,"JOHANSSON, LASSE",Nej,SWE,,1975-04-02,,KALMAR FF,1999-2009,179,13,
6155,"JOHANSSON, LASSE",Nej,SWE,,1975-04-02,,GAIS,2000,25,4,
4572,"JOHANSSON, LEIF",Nej,SWE,,1950-06-04,,GAIS,1975,18,2,
5023,"JOHANSSON, LEIF",Nej,SWE,,1948-11-11,,ÅTVIDABERGS FF,1978-1980,64,2,
3297,"JOHANSSON, LENNART",Nej,SWE,,1935-10-12,2005-11-27,GAIS,1958-1959,31,5,
3318,"JOHANSSON, LENNART",Nej,SWE,JÖRLIDEN,1930-03-20,2020-09-11,HELSINGBORGS IF,1950,1,0,
3325,"JOHANSSON, LENNART",Nej,SWE,LENTE ENGSTRÖM,1921-11-08,2001-03-08,KALMAR FF,1950-1954,58,0,
3999,"JOHANSSON, LENNART",Nej,SWE,LELLEN KOOL,1947-08-24,,ÖRGRYTE IS,1968-1972,48,14,
4568,"JOHANSSON, LENNART",Nej,SWE,"RÄVEN GÖHLIN,SEN WIDERFELDT",1955-05-02,,IF ELFSBORG,1975-1982,64,1,
5369,"JOHANSSON, LENNART",Nej,SWE,,1957-01-30,,MJÄLLBY AIF,1980-1985,66,12,
5369,"JOHANSSON, LENNART",Nej,SWE,,1957-01-30,,IF ELFSBORG,1986-1987,31,2,
2617,"JOHANSSON, LENNART-CF",Nej,SWE,RÖE-LENNART,1924-06-15,2006-04-19,IFK GÖTEBORG,1948-1950,22,12,
2617,"JOHANSSON, LENNART-CF",Nej,SWE,RÖE-LENNART,1924-06-15,2006-04-19,ÖREBRO SK,1951,3,0,
7538,"JOHANSSON, LINUS",Nej,SWE,,1985-08-14,,GIF SUNDSVALL,2005,7,0,
3323,"JOHANSSON, LISS",Nej,SWE,,1928-03-01,1996-03-24,JÖNKÖPINGS SÖDRA IF,1952,1,0,
9935,"JOHANSSON, LUDVIG",Nej,SWE,,1998-05-14,,FALKENBERGS FF,2019,1,0,BR GABRIEL
5408,"JOHANSSON, MAGNUS",Nej,SWE,LILL-TIDAN,1964-10-05,,IFK GÖTEBORG,1985-1990,93,8,EM NORGE
5408,"JOHANSSON, MAGNUS",Nej,SWE,LILL-TIDAN,1964-10-05,,VÄSTRA FRÖLUNDA IF,1992,18,2,
5689,"JOHANSSON, MAGNUS II",Nej,SWE,ÖLME,1971-11-10,,IFK GÖTEBORG,1990-2007,224,7,
1330,"JOHANSSON, MANFRED",Nej,SWE,PAMPE,1903-06-22,1982-07-09,IFK ESKILSTUNA,1925-1926,13,0,
8122,"JOHANSSON, MARCUS",Nej,SWE,,1994-02-01,,IFK NORRKÖPING,2011,1,0,
8952,"JOHANSSON, MARCUS",Nej,SWE,,1993-08-24,,HALMSTADS BK,2015-2017,26,1,
8667,"JOHANSSON, MARKO",Ja,SWE,,1998-08-25,,TRELLEBORGS FF,2018,29,0,
8667,"JOHANSSON, MARKO",Ja,SWE,,1998-08-25,,MJÄLLBY AIF,2020,8,0,
8667,"JOHANSSON, MARKO",Ja,SWE,,1998-08-25,,MALMÖ FF,2020-2021,25,0,
8667,"JOHANSSON, MARKO",Ja,SWE,,1998-08-25,,HALMSTADS BK,2023,11,0,
3324,"JOHANSSON, MATS",Nej,SWE,,1929-05-26,2018-05-30,KALMAR FF,1950-1955,53,2,FR PUKEBERG
4944,"JOHANSSON, MATS",Nej,SWE,,1953-04-23,2016-02-07,IS HALMIA,1979,20,0,
4569,"JOHANSSON, MATS",Ja,SWE,,1956-08-29,,IF ELFSBORG,1975-1978,41,0,
4569,"JOHANSSON, MATS",Ja,SWE,,1956-08-29,,BK HÄCKEN,1983,22,0,
5517,"JOHANSSON, MATS",Ja,SWE,,1962-05-28,,IFK NORRKÖPING,1982-1988,85,0,
5517,"JOHANSSON, MATS",Ja,SWE,,1962-05-28,,ÖREBRO SK,1990-1991,13,0,
5517,"JOHANSSON, MATS",Ja,SWE,,1962-05-28,,DEGERFORS IF,1993,21,0,
5970,"JOHANSSON, MATTHIAS",Nej,SWE,MUSSE,1973-01-12,,AIK,1993-1997,110,17,
5970,"JOHANSSON, MATTHIAS",Nej,SWE,MUSSE,1973-01-12,,HALMSTADS BK,1998,13,0,
6647,"JOHANSSON, MATTIAS",Nej,SWE,BORG,1973-09-20,,ÖSTERS IF,1998,20,1,
7788,"JOHANSSON, MATTIAS",Nej,SWE,,1992-02-16,,KALMAR FF,2009-2011,41,1,
3974,"JOHANSSON, MATTS",Nej,SWE,SODA,1943-04-11,2021-04-01,HELSINGBORGS IF,1963-1968,97,17,
3959,"JOHANSSON, MATZ-ALLAN",Nej,SWE,,1942-02-16,,IFK ESKILSTUNA,1964,19,0,
6932,"JOHANSSON, MICHAEL",Nej,SWE,,1985-04-13,,ÖRGRYTE IS,2004,1,0,
4571,"JOHANSSON, MIKAEL",Nej,SWE,BOLMÉR,1956-11-28,,GAIS,1975-1988,41,2,
4571,"JOHANSSON, MIKAEL",Nej,SWE,BOLMÉR,1956-11-28,,HALMSTADS BK,1981,7,0,
5088,"JOHANSSON, MIKAEL",Nej,SWE,,1960-05-16,,IF ELFSBORG,1981,2,0,SEN IFK TROLL
4575,"JOHANSSON, MORGAN",Nej,SWE,SOLIS,1954-05-13,,HALMSTADS BK,1974-1975,32,1,FR SMÖGEN
6233,"JOHANSSON, NICKLAS",Nej,SWE,PACKAN GORTON,1968-08-20,,VÄSTRA FRÖLUNDA IF,1995,13,0,FR ELFSBORG
6262,"JOHANSSON, NICKLAS",Ja,SWE,,1970-10-08,,HAMMARBY IF,1999,1,0,FR BYTTORP
6262,"JOHANSSON, NICKLAS",Ja,SWE,,1970-10-08,,IF ELFSBORG,1999,3,0,
0704,"JOHANSSON, NICLAS",Nej,SWE,GALLE,1973-08-31,,VÄSTRA FRÖLUNDA IF,1998-2000,50,2,"MÖLNLYCKE 94,GAIS 96"
2599,"JOHANSSON, NILS",Nej,SWE,FÄRNÄS,1920-09-02,2006-09-16,IK BRAGE,1944,4,1,FR FÄRNÄS
2619,"JOHANSSON, NILS",Nej,SWE,TVILLING,1918-01-14,2006-05-01,IS HALMIA,1944-1949,111,45,FR HUSKV IF
3302,"JOHANSSON, NILS",Nej,SWE,TIDAN,1934-12-14,,IFK GÖTEBORG,1956-1967,218,20,
3332,"JOHANSSON, NILS",Nej,SWE,,1931-01-07,2016-09-17,IFK MALMÖ,1953-1960,14,0,
3343,"JOHANSSON, NILS",Nej,SWE,MASSA,1920-10-21,2009-06-29,ÅTVIDABERGS FF,1952,17,1,FR SKÄRBLACKA
3350,"JOHANSSON, NILS-VB",Nej,SWE,-ERIK,1931-05-30,2008-01-15,RÅÅ IF,1952,18,0,
3350,"JOHANSSON, NILS-VB",Nej,SWE,-ERIK,1931-05-30,2008-01-15,HELSINGBORGS IF,1955,5,0,
6289,"JOHANSSON, NILS-ERIC",Nej,SWE,,1980-01-13,,AIK,2007-2017,297,16,
5061,"JOHANSSON, NILS-ERIK",Nej,SWE,SERIK,1950-11-03,,IK BRAGE,1980-1982,49,5,
2611,"JOHANSSON, NILS",Ja,SWE,NIPPE,1918-02-06,1987-10-16,GAIS,1942-1948,123,0,
9737,"JOHANSSON, NOAH",Nej,SWE,,2003-09-21,,VARBERGS BOIS,2020-2021,2,0,
1876,"JOHANSSON, NORE",Nej,SWE,,1912-08-20,1988-08-09,GEFLE IF,1935,10,0,
6633,"JOHANSSON, OLA",Nej,SWE,FOGELMARK,1975-03-28,,VÄSTRA FRÖLUNDA IF,1998-2000,44,3,
1859,"JOHANSSON, OLLE",Nej,SWE,OLOF BÄLLSTA,1905-07-29,1979-12-10,AIK,1936,3,1,
1885,"JOHANSSON, OLLE",Nej,SWE,OLOF LILL-OLLE,1908-07-01,1978-12-02,IFK GÖTEBORG,1931-1936,26,1,
1331,"JOHANSSON, OSCAR",Nej,SWE,GASEN,1902-08-24,1985-09-09,IFK UDDEVALLA,1926,11,0,EM USA
8668,"JOHANSSON, OSCAR",Nej,SWE,+SCHELLHAS,1995-05-06,,TRELLEBORGS FF,2018,13,0,
8668,"JOHANSSON, OSCAR",Nej,SWE,+SCHELLHAS,1995-05-06,,IFK VÄRNAMO,2022-2023,58,8,
7780,"JOHANSSON, OSKAR",Nej,SWE,,1990-12-27,,ÖREBRO SK,2008,1,0,
5159,"JOHANSSON, OVE",Nej,SWE,,1961-03-03,,KALMAR FF,1984,1,0,
3964,"JOHANSSON, PAUL",Nej,SWE,,1939-08-05,,IFK GÖTEBORG,1962-1966,82,1,
1561,"JOHANSSON, PER",Nej,SWE,HEBY,1963-12-19,,GEFLE IF,1983,1,0,830523 INB 85
6819,"JOHANSSON, PER",Nej,SWE,TEXAS,1978-05-06,,GAIS,2000,18,0,
6819,"JOHANSSON, PER",Nej,SWE,TEXAS,1978-05-06,,HALMSTADS BK,2002-2010,136,6,
7563,"JOHANSSON, PER",Nej,SWE,,1989-04-06,,DJURGÅRDENS IF,2008,4,0,
7563,"JOHANSSON, PER",Nej,SWE,,1989-04-06,,ÖREBRO SK,2008-2011,48,2,
1907,"JOHANSSON, PER",Nej,SWE,PEHR SYNNERMAN,1909-09-06,2003-04-20,ÖRGRYTE IS,1933-1939,35,1,FR MARIEHOLM
5596,"JOHANSSON, PER-ERIK",Nej,SWE,PEPPEN,1964-10-29,,VÄSTRA FRÖLUNDA IF,1988-1989,23,4,
4593,"JOHANSSON, PETER",Nej,SWE,KUNO,1955-01-17,,ÖSTERS IF,1974-1977,24,4,
8150,"JOHANSSON, PIOTR",Nej,SWE,,1995-02-28,,MALMÖ FF,2014-2016,5,0,
8150,"JOHANSSON, PIOTR",Nej,SWE,,1995-02-28,,ÖSTERSUNDS FK,2016,7,0,
8150,"JOHANSSON, PIOTR",Nej,SWE,,1995-02-28,,KALMAR FF,2019-2021,71,4,
8150,"JOHANSSON, PIOTR",Nej,SWE,,1995-02-28,,DJURGÅRDENS IF,2022-2023,58,0,
1869,"JOHANSSON, RAGNAR",Nej,SWE,PLUTTEN WALLIN,1918-08-11,2016-07-28,GAIS,1937-1938,13,3,
2629,"JOHANSSON, ROBERT",Nej,SWE,KAI BERTIL,1922-01-24,2010-02-10,LANDSKRONA BoIS,1945-1949,16,0,
6528,"JOHANSSON, ROBERT",Nej,SWE,,1980-03-29,,PANOS LJUNGSKILE SK,2008,14,0,
6208,"JOHANSSON, ROBERTH",Nej,SWE,BJÖRKNESJÖ,1973-04-30,,AIK,1995,11,3,
3305,"JOHANSSON, ROGER",Nej,SWE,,1932-02-19,2008-03-15,IFK GÖTEBORG,1950-1956,24,0,"EM USA, DÖD LA"
5099,"JOHANSSON, ROGER",Nej,SWE,,1960-09-06,,GEFLE IF,1983-1984,26,2,
5144,"JOHANSSON, ROGER",Nej,SWE,ALNÄS,1956-05-06,,BK HÄCKEN,1983,15,2,
5438,"JOHANSSON, ROGER",Nej,SWE,NEMO,1964-10-12,2023-10-22,HALMSTADS BK,1983-1994,120,4,
3300,"JOHANSSON, ROLAND",Nej,SWE,PINOCCHIO,1930-10-08,2003-12-11,GAIS,1955-1957,41,2,
4577,"JOHANSSON, ROLAND",Nej,SWE,,1955-06-03,,HALMSTADS BK,1974-1978,38,5,"SEN FALK FF, LÅNGÅS 86"
2624,"JOHANSSON, ROLF",Nej,SWE,,1922-06-05,1987-11-03,HALMSTADS BK,1946,1,0,ENL HBK
3289,"JOHANSSON, ROLF",Nej,SWE,KINIS,1928-05-28,2009-11-04,IF ELFSBORG,1950-1961,82,1,SEN KINNA 63
3294,"JOHANSSON, ROLF",Nej,SWE,,1926-11-21,2014-11-05,GAIS,1950,7,0,FR ALINGSÅS
3299,"JOHANSSON, ROLF",Nej,SWE,,1936-08-30,,IFK GÖTEBORG,1956,3,1,EM FRA
3299,"JOHANSSON, ROLF",Nej,SWE,,1936-08-30,,GAIS,1958,3,0,
3955,"JOHANSSON, ROLF",Ja,SWE,LILL-KUBBEN,1935-01-03,1997-10-18,JÖNKÖPINGS SÖDRA IF,1960,22,0,
3955,"JOHANSSON, ROLF",Ja,SWE,LILL-KUBBEN,1935-01-03,1997-10-18,IF ELFSBORG,1962-1966,66,0,
3304,"JOHANSSON, RONALD",Ja,SWE,,1936-03-06,1964-01-21,IFK GÖTEBORG,1957-1958,44,0,
3965,"JOHANSSON, ROY",Nej,SWE,,1934-01-10,2018-04-23,IFK GÖTEBORG,1961-1963,12,0,"VARBERGS GIF+BOIS, LULEÅ"
4570,"JOHANSSON, ROY",Nej,SWE,SELIN,1953-09-24,,GAIS,1972-1973,18,0,
3326,"JOHANSSON, RUNE """,Nej,SWE,LILL-RUNEJIPAS,1923-02-07,2007-09-07,KALMAR FF,1950,2,0,"FR NYBRO,SEN EMMABODA(MKL"
6399,"JOHANSSON, SEBASTIAN",Nej,SWE,,1980-09-04,,IFK GÖTEBORG,2000-2005,103,4,
6399,"JOHANSSON, SEBASTIAN",Nej,SWE,,1980-09-04,,HALMSTADS BK,2007-2009,44,1,
6399,"JOHANSSON, SEBASTIAN",Nej,SWE,,1980-09-04,,ÖRGRYTE IS,2009,14,1,
4576,"JOHANSSON, SIGVARD",Nej,SWE,SIGGE  SIGGE,1951-02-17,,HALMSTADS BK,1974-1984,238,45,
4580,"JOHANSSON, SONNY",Nej,SWE,SUNE,1948-10-17,,LANDSKRONA BoIS,1971-1980,243,110,
4582,"JOHANSSON, STAFFAN",Nej,SWE,,1943-11-29,,IFK LULEÅ,1971,22,1,
3298,"JOHANSSON, STEN-OLOF",Nej,SWE,,1940-03-23,,GAIS,1959-1964,21,4,FD SKOGEN
6095,"JOHANSSON, STEPHAN",Nej,SWE,STORKEN,1975-01-21,,AIK,1994-1996,4,0,
1888,"JOHANSSON, STIG",Nej,SWE,RABELIUS,1918-05-23,1999-01-04,HALLSTAHAMMARS SK,1939,16,0,
2621,"JOHANSSON, STIG",Nej,SWE,,1924-08-12,2014-04-25,IS HALMIA,1945-1948,20,0,
3948,"JOHANSSON, STIG",Nej,SWE,LILL-MASSA,1940-01-14,2014-08-09,IK BRAGE,1966,22,0,
3957,"JOHANSSON, STIG",Nej,SWE,SPIKEN TALMARK,1939-10-29,2007-08-11,ÖRGRYTE IS,1960,3,2,
3957,"JOHANSSON, STIG",Nej,SWE,SPIKEN TALMARK,1939-10-29,2007-08-11,IF ELFSBORG,1962,10,3,
2593,"JOHANSSON, STIG-VB",Nej,SWE,MURREN BJELLEFORS,1914-08-03,2011-01-29,AIK,1940-1941,4,0,
1332,"JOHANSSON, STURE",Nej,SWE,STARCK,1903-12-02,1979-10-23,LANDSKRONA BoIS,1928,7,1,
3317,"JOHANSSON, STURE",Nej,SWE,,1929-05-31,1992-04-15,HELSINGBORGS IF,1952,1,0,"SEN MJÄLLBY 55,RÅÅ,BJUV"
1333,"JOHANSSON, SVEN",Nej,SWE,REISARN,1899-04-11,1953-05-12,IFK GÖTEBORG,1925-1926,25,3,HAGA IF
2269,"JOHANSSON, SVEN",Nej,SWE,DJURGÅRN,1905-04-08,1990-02-26,AIK,1930,3,1,
3287,"JOHANSSON, SVEN",Nej,SWE,TUMBA TUMBA,1931-08-27,2011-10-01,DJURGÅRDENS IF,1951-1960,83,46,
3969,"JOHANSSON, SVEN",Nej,SWE,,1944-11-12,,HAMMARBY IF,1967,13,0,"FR STUREBY, FEL 370411"
4000,"JOHANSSON, SVEN",Nej,SWE,,1945-01-18,,ÖRGRYTE IS,1966-1968,35,6,FD WARTA
3956,"JOHANSSON, SVEN-ERIK",Nej,SWE,,1941-12-21,2007-08-18,IF ELFSBORG,1962,10,0,"FR LIMMARED, SEN SKÖVDE"
0700,"JOHANSSON, THOMAS",Nej,SWE,,1967-01-13,,MALMÖ FF,1991,1,0,
4567,"JOHANSSON, THOMAS",Nej,SWE,GÄLLSTAD WIGESTÅL,1952-02-13,,IF ELFSBORG,1970-1984,280,19,"SEN IFK ULR,SP/T GÄLLS 88"
5276,"JOHANSSON, THOMAS",Nej,SWE,,1961-12-20,,AIK,1982-1989,115,39,
5354,"JOHANSSON, THOMAS",Nej,SWE,GIMO SVÄRDH,1966-09-13,,DJURGÅRDENS IF,1988-1989,12,0,
5895,"JOHANSSON, THOMAS",Nej,SWE,,1969-03-22,,ÖREBRO SK,1991,2,0,
6462,"JOHANSSON, THOMAS",Nej,SWE,RÄKA,1969-10-02,,IFK NORRKÖPING,1997,1,0,
5091,"JOHANSSON, THOMAS II",Nej,SWE,RYDIS,1962-04-27,,IF ELFSBORG,1983-1984,16,1,
2604,"JOHANSSON, THORSTEN",Nej,SWE,JANVEDEN,1922-02-04,2015-07-25,IF ELFSBORG,1948,2,0,FR BOLLEBYGD
1891,"JOHANSSON, THURE",Nej,SWE,,1907-01-27,1960-08-17,IS HALMIA,1934,9,0,FR HALMSTADS AIS 3307
6559,"JOHANSSON, TOBIAS",Nej,SWE,EHRENSTRÅLE,1982-01-27,,HELSINGBORGS IF,2003-2004,11,1,
3944,"JOHANSSON, TOMMY",Nej,SWE,,1948-08-10,,AIK,1967,1,0,FR GIMO
1882,"JOHANSSON, TOR",Nej,SWE,MAGGIE,1906-09-10,1989-03-21,GÅRDA BK,1936,4,1,MARIEHOLM
6480,"JOHANSSON, TORBJÖRN",Nej,SWE,,1967-07-28,,PANOS LJUNGSKILE SK,1997,2,0,
1047,"JOHANSSON, TORSTEN",Nej,SWE,,1906-01-17,1989-01-08,IFK NORRKÖPING,1925-1941,177,8,
1874,"JOHANSSON, TORSTEN",Nej,SWE,TÖTA JOREHED,1917-10-10,2006-01-21,GAIS,1938,7,0,"FR KVILLE,HISINGSTAD"
5420,"JOHANSSON, ULF",Nej,SWE,BÅNG,1967-03-08,,IFK GÖTEBORG,1988-1991,31,5,
5420,"JOHANSSON, ULF",Nej,SWE,BÅNG,1967-03-08,,VÄSTRA FRÖLUNDA IF,1992,6,0,
5499,"JOHANSSON, ULF",Nej,SWE,LARVEN,1960-08-21,,MALMÖ FF,1986,1,0,
5499,"JOHANSSON, ULF",Nej,SWE,LARVEN,1960-08-21,,GAIS,1988,22,4,
5499,"JOHANSSON, ULF",Nej,SWE,LARVEN,1960-08-21,,IK ODDEVOLD,1996,24,1,
6446,"JOHANSSON, ULF",Nej,SWE,,1970-06-26,,IF ELFSBORG,1997-1998,23,0,
5244,"JOHANSSON, URBAN",Ja,SWE,STÅHL,1960-02-28,,ÅTVIDABERGS FF,1981-1982,24,0,
2270,"JOHANSSON, VALTER",Ja,SWE,GJUTARN,1907-10-02,1975-04-18,IF ELFSBORG,1929-1931,8,0,29? 1-0
1334,"JOHANSSON, WERNER",Nej,SWE,,1901-07-02,1966-02-20,HELSINGBORGS IF,1925,4,0,
2628,"JOHANSSON, WERNER",Nej,SWE,,1924-05-22,1995-09-29,JÖNKÖPINGS SÖDRA IF,1946-1948,15,3,"FR ANDERSTORP, ING"
3950,"JOHANSSON, WILLY",Nej,SWE,,1941-10-13,,DEGERFORS IF,1965-1966,44,5,FR HILLRINGSBERG
3330,"JOHANSSON, YNGVE",Nej,SWE,,1926-12-06,2010-06-25,MALMÖ FF,1951-1952,25,13,
5595,"JOHANSSON, YNGVE",Nej,SWE,MINI-TIDAN,1966-03-02,,VÄSTRA FRÖLUNDA IF,1988-1994,82,6,
2622,"JOHANSSON, ÅKE",Nej,SWE,TVILLING,1918-01-14,2007-07-06,IS HALMIA,1944-1947,63,5,
2642,"JOHANSSON, ÅKE",Nej,SWE,KLING,1921-03-11,2002-04-10,SANDVIKENS IF,1944,6,0,
3337,"JOHANSSON, ÅKE",Nej,SWE,BAJDOFF,1928-03-19,2014-12-21,IFK NORRKÖPING,1950-1965,321,1,
3993,"JOHANSSON, ÖRJAN",Nej,SWE,,1941-12-28,2024-04-12,ÅTVIDABERGS FF,1968-1971,31,0,BK KENTY
7434,"JOHNSEN, CHRISTIAN",Nej,NOR,,1977-06-10,,ÖREBRO SK,2004,2,0,
7021,"JOHNSON, DULEE",Nej,LBR,,1984-11-07,,BK HÄCKEN,2001-2005,33,2,
7021,"JOHNSON, DULEE",Nej,LBR,,1984-11-07,,AIK,2006-2010,99,6,
8932,"JOHNSON, SAM",Nej,LBR,,1993-05-06,,DJURGÅRDENS IF,2015-2016,41,17,
8932,"JOHNSON, SAM",Nej,LBR,,1993-05-06,,MJÄLLBY AIF,2021,5,1,
1887,"JOHNSSON, AXEL",Nej,SWE,HAGA,1918-04-24,1986-08-01,HALLSTAHAMMARS SK,1939,18,0,T IFK VÄSTERÅS 4109
3315,"JOHNSSON, BERT",Nej,SWE,,1942-06-22,,HELSINGBORGS IF,1959-1963,2,0,
3338,"JOHNSSON, BERTIL",Nej,SWE,TAXEN,1922-05-22,2002-09-09,RÅÅ IF,1951-1952,31,0,
4581,"JOHNSSON, BO",Nej,SWE,,1950-05-11,,LANDSKRONA BoIS,1974-1975,42,3,
1871,"JOHNSSON, CARL",Nej,SWE,,1908-02-17,1989-09-23,GAIS,1930-1938,142,3,
3291,"JOHNSSON, CARL-OTTO",Nej,SWE,,1935-04-02,1993-06-11,IF ELFSBORG,1953,1,0,
2609,"JOHNSSON, EGON",Nej,SWE,ATOM-EGON,1926-12-06,1985-07-20,GAIS,1949-1950,42,22,
1336,"JOHNSSON, GUNNAR",Nej,SWE,"KALOPS""JÖNSSON",1900-02-05,1956-10-31,IFK MALMÖ,1925-1926,30,1,
3951,"JOHNSSON, HANS",Nej,SWE,NÄTTRABY,1950-03-11,,DJURGÅRDENS IF,1969-1972,42,7,
4584,"JOHNSSON, JAN",Nej,SWE,,1953-05-02,,IFK NORRKÖPING,1976-1980,19,0,
7777,"JOHNSSON, KARL-JOHAN",Ja,SWE,,1990-01-28,,HALMSTADS BK,2008-2011,37,0,
4591,"JOHNSSON, LENNART",Nej,SWE,GASTON,1946-04-24,,ÖRGRYTE IS,1970-1973,55,8,
3306,"JOHNSSON, NILS",Nej,SWE,KATTEN,1932-12-07,1976-09-09,IFK GÖTEBORG,1955-1961,157,1,
3968,"JOHNSSON, PER",Ja,SWE,,1935-06-14,2019-09-09,IS HALMIA,1963,9,0,FR VARBERGS GIF 59
5440,"JOHNSSON, PER-ÅKE",Nej,SWE,,1964-10-28,2018-11-04,HALMSTADS BK,1986-1987,42,9,
4564,"JOHNSSON, ROBERT",Nej,SWE,DANELL,1957-04-25,,BK DERBY,1977,14,0,
1895,"JOHNSSON, TORE",Nej,SWE,,1918-03-05,2007-01-24,LANDSKRONA BoIS,1937-1942,50,12,
6123,"JOKISIC, NIKOLA",Nej,BIH,,1971-02-07,,IFK NORRKÖPING,1994,4,0,
6123,"JOKISIC, NIKOLA",Nej,BIH,,1971-02-07,,BK HÄCKEN,1994,1,1,
1044,"JONASSON, EINAR",Ja,SWE,,1907-02-23,1976-09-16,IF ELFSBORG,1927-1939,182,0,
8013,"JONASSON, HALLGRIMUR",Nej,ISL,,1986-05-04,,GAIS,2009-2011,35,1,
3327,"JONASSON, IVAN",Nej,SWE,,1923-11-05,2004-09-21,KALMAR FF,1950-1955,32,5,FR SLITE
2606,"JONASSON, KNUT",Ja,SWE,,1917-07-17,1994-01-30,IF ELFSBORG,1940-1941,9,0,
1043,"JONASSON, SVEN",Nej,SWE,JONAS,1909-07-09,1984-09-17,IF ELFSBORG,1928-1947,409,252,FD YMER JUNIORER
3316,"JONASSON, SVEN-ÅKE",Nej,SWE,,1933-07-11,,HELSINGBORGS IF,1955,1,0,
5056,"JONEVRET, KJELL",Nej,SWE,,1962-06-28,,AIK,1984-1985,17,2,
6601,"JONHARDSSON, JAKOB",Nej,SWE,,1971-04-24,,HELSINGBORGS IF,1998,1,0,
8447,"JONSON, FREDRIC",Nej,SWE,,1987-07-15,,GIF SUNDSVALL,2012,23,0,
8447,"JONSON, FREDRIC",Nej,SWE,,1987-07-15,,IF BROMMAPOJKARNA,2013-2014,13,0,
6036,"JONSON, MATTIAS",Nej,SWE,MIAS,1974-01-16,,ÖREBRO SK,1993-1995,61,24,
6036,"JONSON, MATTIAS",Nej,SWE,MIAS,1974-01-16,,HELSINGBORGS IF,1996-1999,84,23,
6036,"JONSON, MATTIAS",Nej,SWE,MIAS,1974-01-16,,DJURGÅRDENS IF,2005-2011,104,22,
5478,"JONSSON, ANDERS",Ja,SWE,,1964-03-24,,KALMAR FF,1986,13,0,
7116,"JONSSON, ANDERS",Ja,SWE,,1975-11-05,2013-08-24,IF ELFSBORG,2002,4,0,
2596,"JONSSON, BERTIL",Nej,SWE,,1919-06-27,1972-01-31,BILLINGSFORS IK,1947,5,0,
3952,"JONSSON, BJÖRN",Nej,SWE,BÖNA,1944-01-14,,DJURGÅRDENS IF,1965-1971,88,0,
7119,"JONSSON, DENNIS",Nej,SWE,CLIFF,1983-02-16,,IFK GÖTEBORG,2002-2006,53,5,
7119,"JONSSON, DENNIS",Nej,SWE,CLIFF,1983-02-16,,ÖRGRYTE IS,2009,23,0,
1338,"JONSSON, ELIS",Nej,SWE,SCHYLAN,1901-11-19,1977-09-06,IK CITY,1926,20,2,
2635,"JONSSON, FOLKE",Nej,SWE,,1914-10-05,1985-09-17,LUDVIKA FFI,1945,1,0,
1335,"JONSSON, FRIDOLF",Nej,SWE,,1890-01-21,1962-07-07,GAIS,1925,1,0,
6640,"JONSSON, GUNNLAUGUR",Nej,ISL,GULLI,1974-11-29,,ÖREBRO SK,1998,1,0,
1339,"JONSSON, GÖSTA",Nej,SWE,TANTO,1902-07-06,1980-10-23,WESTERMALMS IF,1927,4,0,
1340,"JONSSON, GÖSTA",Nej,SWE,,,,IFK ESKILSTUNA,1929,1,0,
3990,"JONSSON, HANS-ERIK",Nej,SWE,LILLIS,1945-03-17,,GIF SUNDSVALL,1965,22,1,SEN BP 69
1886,"JONSSON, HELGE",Nej,SWE,,1912-01-30,1992-03-31,IFK GÖTEBORG,1932-1938,74,31,
7117,"JONSSON, HJALMAR",Nej,ISL,,1980-07-29,,IFK GÖTEBORG,2002-2016,264,17,
4585,"JONSSON, JAN-ÅKE",Ja,SWE,,1953-02-06,,ÖREBRO SK,1973,1,0,
4585,"JONSSON, JAN-ÅKE",Ja,SWE,,1953-02-06,,IFK NORRKÖPING,1974-1985,239,0,
3285,"JONSSON, KARL-ERIK",Nej,SWE,PEDDE,1930-10-02,,DJURGÅRDENS IF,1950-1951,14,3,
4561,"JONSSON, KJELL",Nej,SWE,KULA,1941-06-23,,BRYNÄS IF,1974,22,0,
8812,"JONSSON, KRISTINN",Nej,ISL,,1990-08-04,,IF BROMMAPOJKARNA,2014,22,0,
6444,"JONSSON, KRISTJAN",Nej,ISL,,1963-10-29,,IF ELFSBORG,1997,10,0,
3988,"JONSSON, LEIF",Nej,SWE,JONTIK,1943-09-14,,SANDVIKENS IF,1961,3,0,
1861,"JONSSON, LENNART",Ja,SWE,,1919-09-27,1989-05-03,IK BRAGE,1938-1940,33,0,
8099,"JONSSON, LUKAS",Ja,SWE,,1992-10-21,,IK SIRIUS,2017-2020,69,0,
5665,"JONSSON, MAGNUS",Nej,SWE,,1968-05-25,,ÖSTERS IF,1988,1,0,
7519,"JONSSON, MAGNUS",Ja,SWE,MUMMI,1977-09-23,,BK HÄCKEN,2005,8,0,
1337,"JONSSON, MANFRED",Ja,SWE,MANNE,1903-09-13,1991-09-12,GAIS,1925-1927,48,0,
7323,"JONSSON, MARKUS",Nej,SWE,,1981-03-09,,ÖSTERS IF,2003,23,2,
7323,"JONSSON, MARKUS",Nej,SWE,,1981-03-09,,AIK,2006-2009,89,14,
4563,"JONSSON, MATS",Nej,SWE,,1955-04-25,,BK DERBY,1977,19,3,BK KENTY
9529,"JONSSON, MELKER",Nej,SWE,,2002-07-10,,DJURGÅRDENS IF,2020-2022,3,0,
8673,"JONSSON, OSCAR",Ja,SWE,,1997-01-24,,DJURGÅRDENS IF,2016,1,0,
8673,"JONSSON, OSCAR",Ja,SWE,,1997-01-24,,GIF SUNDSVALL,2022,13,0,
3947,"JONSSON, PER-ANDERS",Nej,SWE,PAJEN,1946-03-11,2006-11-11,IK BRAGE,1966,22,3,
3947,"JONSSON, PER-ANDERS",Nej,SWE,PAJEN,1946-03-11,2006-11-11,ÖREBRO SK,1968-1972,85,4,
6597,"JONSSON, PETUR BJÖRN",Nej,IS,,1971-10-29,,HAMMARBY IF,1998,8,0,
7213,"JONSSON, ROBIN",Nej,SWE,,1987-11-13,,ÖRGRYTE IS,2009,24,0,
3328,"JONSSON, ROLF",Nej,SWE,,1930-02-09,2005-01-06,KALMAR FF,1954-1955,18,0,
6366,"JONSSON, SIGURDUR",Nej,ISL,SIGGI,1966-09-27,,ÖREBRO SK,1996-1997,42,2,
5858,"JONSSON, STEFAN",Nej,SWE,,1966-10-06,,AIK,1992,1,0,
5858,"JONSSON, STEFAN",Nej,SWE,,1966-10-06,,IK BRAGE,1993,21,1,
4002,"JONSSON, STIG",Nej,SWE,PUSKAS,1939-08-26,1981-09-04,ÖRGRYTE IS,1962-1965,23,14,FR WARGÖN
5153,"JONSSON, TONY",Nej,SWE,,1961-04-27,,KALMAR FF,1981-1982,15,0,
3336,"JONSSON, TORBJÖRN",Nej,SWE,,1936-05-06,2018-10-16,IFK NORRKÖPING,1954-1972,241,94,
3946,"JONSSON, TORBJÖRN",Nej,SWE,,1931-10-11,2020-04-05,AIK,1960,15,0,FR YTTERHOGDAL
3329,"JONSSON, TORILD",Ja,SWE,,1921-12-08,1960-06-02,KALMAR FF,1951-1954,4,0,ÖIS 41/42 1M
2607,"JONSSON, TURE",Nej,SWE,,1919-12-21,2000-04-12,IFK ESKILSTUNA,1943,16,0,
2623,"JORDAN, PEARL",Nej,SWE,,1921-08-04,2011-09-06,HALMSTADS BK,1945-1946,14,3,"F I USA, FÖDD PAUL"
2623,"JORDAN, PEARL",Nej,SWE,,1921-08-04,2011-09-06,HELSINGBORGS IF,1947-1948,6,2,
6478,"JORFORS, ANDREAS",Nej,SWE,,1972-04-19,,PANOS LJUNGSKILE SK,1997,21,0,
1860,"JOSEFSSON, GUSTAF",Nej,SWE,NIGGERN REINSELL,1916-02-16,1983-04-16,AIK,1934-1940,98,32,
8054,"JOSÉ ZACHARIAS, REINALDO",Nej,BRA,,1984-05-25,,KALMAR FF,2009,13,1,
8059,"JOVANOVIC, ZORAN",Nej,SWE,,1986-09-25,,TRELLEBORGS FF,2009-2018,37,1,
6457,"JOVANOVSKI, ZORAN",Nej,MAK,,1972-08-21,,HELSINGBORGS IF,1997-1999,39,0,
7697,"JOZA, TIBOR",Nej,SWE,BRINK JOZA,1986-08-10,,HALMSTADS BK,2006-2007,7,0,
7697,"JOZA, TIBOR",Nej,SWE,BRINK JOZA,1986-08-10,,BK HÄCKEN,2011-2013,25,0,
7697,"JOZA, TIBOR",Nej,SWE,BRINK JOZA,1986-08-10,,FALKENBERGS FF,2014-2020,77,1,
9015,"JUEL-NIELSEN, THOMAS",Nej,DAN,,1990-06-18,,FALKENBERGS FF,2016,28,4,
3995,"JUHLIN, BJÖRN",Nej,SWE,,1943-05-18,2024-02-11,ÖREBRO SK,1961-1966,19,0,
1862,"JUHLIN, GÖSTA",Nej,SWE,,1909-09-19,1984-12-24,IK BRAGE,1938-1941,80,1,
7747,"JULIUSSON, HEDAR GEIR",Nej,ISL,,1987-08-16,,HAMMARBY IF,2007,11,1,
4588,"JUNGDALEN, LARS-GUNNAR",Ja,SWE,,1948-06-17,1987-05-04,GIF SUNDSVALL,1975,11,0,
7719,JUNIOR,Nej,BRA,JOSÉ LUIZ GUIMARAES SANA,1976-06-15,,MALMÖ FF,2006-2007,38,17,SANABIO JUNIOR
5627,"JUNTUNEN, MIIKA",Nej,FIN,,1964-10-09,,ÖRGRYTE IS,1986,10,2,
7544,"JURKIC, DEJAN",Nej,SLN,,1983-12-09,,ÖRGRYTE IS,2005-2006,4,0,
3989,"JÄDER, BÖRJE",Nej,SWE,,1944-03-28,,SANDVIKENS IF,1961,1,0,
5483,"JÄGERBRINK, HÅKAN",Nej,SWE,,1963-08-09,,KALMAR FF,1981-1986,24,0,
6669,"JÄRDLER, CHRISTIAN",Nej,SWE,,1982-06-03,,HELSINGBORGS IF,2002-2005,78,8,
6669,"JÄRDLER, CHRISTIAN",Nej,SWE,,1982-06-03,,MALMÖ FF,2006-2008,47,2,
6669,"JÄRDLER, CHRISTIAN",Nej,SWE,,1982-06-03,,HALMSTADS BK,2009-2013,64,0,
4960,"JÄRDLER, INGEMAR",Nej,SWE,,1955-10-22,,HALMSTADS BK,1978,3,0,
5379,"JÄRELÖV, SÖREN",Ja,SWE,,1965-01-10,,GAIS,1988-1992,100,0,
5379,"JÄRELÖV, SÖREN",Ja,SWE,,1965-01-10,,IFK GÖTEBORG,1996-1998,15,0,
3994,"JÄVERSTRÖM, KARL-OLOF",Nej,SWE,,1934-11-04,2015-05-09,ÖREBRO SK,1961-1962,24,0,
4579,"JÖNSSON, ALF",Nej,SWE,,1952-02-06,,HAMMARBY IF,1977,2,0,FR HÄSSLEH IF
1894,"JÖNSSON, ALLAN",Nej,SWE,PETTER,1914-03-24,1993-02-11,HELSINGBORGS IF,1933-1935,24,7,
1898,"JÖNSSON, ALLAN",Nej,SWE,MÖLLESTAM,1914-08-04,2002-06-26,MALMÖ FF,1939,5,1,SEN LIMHAMN
5506,"JÖNSSON, ANDERS",Nej,SWE,,1968-07-30,,MALMÖ FF,1988,1,0,
5506,"JÖNSSON, ANDERS",Nej,SWE,,1968-07-30,,HELSINGBORGS IF,1993-1996,84,0,
2630,"JÖNSSON, BENGT",Nej,SWE,,1923-09-25,2014-12-14,LANDSKRONA BoIS,1945-1949,6,0,FR ASMUNDSTORPS IF
3283,"JÖNSSON, BENGT",Nej,SWE,,1930-02-21,2000-09-12,AIK,1953,1,0,
3341,"JÖNSSON, BENGT",Nej,SWE,,1925-05-21,1998-06-27,SANDVIKENS IF,1954,4,0,
1341,"JÖNSSON, BROR",Nej,SWE,LILLE-BROR,1907-11-10,1979-10-11,IFK MALMÖ,1929-1932,44,6,EJ I HELS!
1342,"JÖNSSON, BROR",Nej,SWE,,1904-11-22,1990-01-26,HELSINGBORGS IF,1928,1,0,
5119,"JÖNSSON, CARL-JOHAN",Ja,SWE,,1955-04-10,,HALMSTADS BK,1982-1983,32,0,
2637,"JÖNSSON, EGON",Nej,SWE,"HEMLIGA""TODDE",1921-10-08,2000-03-19,MALMÖ FF,1944-1955,200,99,
1343,"JÖNSSON, EGON",Ja,SWE,,1903-01-23,1973-03-24,STATTENA IF,1928,2,0,
2271,"JÖNSSON, EMIL",Nej,SWE,,1911-03-15,1979-05-31,LANDSKRONA BoIS,1932,2,1,
1344,"JÖNSSON, ERIK",Nej,SWE,PILSA,1907-07-04,1962-05-10,LANDSKRONA BoIS,1927-1929,53,10,
1344,"JÖNSSON, ERIK",Nej,SWE,PILSA,1907-07-04,1962-05-10,IFK MALMÖ,1930,5,0,
2632,"JÖNSSON, ERIK",Nej,SWE,SLADDEN,1921-06-04,2007-07-23,LANDSKRONA BoIS,1940-1942,21,3,
3971,"JÖNSSON, GERT",Nej,SWE,,1938-09-14,,HELSINGBORGS IF,1960,1,0,"-3518, IFK YSTAD 61"
8481,"JÖNSSON, HAMPUS",Nej,SWE,,1991-10-27,,IF BROMMAPOJKARNA,2013,6,0,
1345,"JÖNSSON, HARRY",Nej,SWE,,1906-07-23,1974-04-23,IFK MALMÖ,1926,1,0,
2634,"JÖNSSON, HARRY",Nej,SWE,TAPPER,1929-05-30,2000-12-22,LANDSKRONA BoIS,1949,3,0,
3984,"JÖNSSON, HARRY",Nej,SWE,,1943-11-28,,MALMÖ FF,1967-1976,199,18,
2272,"JÖNSSON, HELGE",Nej,SWE,,1904-02-04,1976-09-07,LANDSKRONA BoIS,1930-1933,79,1,FR LANDSKR IF 2907
3004,"JÖNSSON, HENRY",Nej,SWE,,1919-09-17,2000-10-17,LANDSKRONA BoIS,1942,2,0,INGENJÖR
8997,"JÖNSSON, HUGO",Nej,SWE,JOLLE,1924-01-13,1981-04-08,LANDSKRONA BoIS,1945,1,0,INNER FR BK FRAM
9484,"JÖNSSON, ISAK",Nej,SWE,,1999-01-11,,TRELLEBORGS FF,2018,13,1,
3331,"JÖNSSON, JAN",Nej,SWE,,1936-07-05,,IFK MALMÖ,1957-1959,14,2,
4965,"JÖNSSON, JAN",Nej,SWE,,1960-05-24,,HALMSTADS BK,1979-1991,217,19,
4574,"JÖNSSON, JERKER",Nej,SWE,,1945-08-21,,HALMSTADS BK,1972,14,0,BÅSTAD TR 82
6682,"JÖNSSON, JON",Nej,SWE,,1983-07-08,,MALMÖ FF,2001-2006,59,3,
6682,"JÖNSSON, JON",Nej,SWE,,1983-07-08,,LANDSKRONA BoIS,2005,21,3,
6682,"JÖNSSON, JON",Nej,SWE,,1983-07-08,,IF ELFSBORG,2006-2019,161,12,
4583,"JÖNSSON, KENT",Nej,SWE,,1955-05-09,,MALMÖ FF,1974-1987,210,5,
2643,"JÖNSSON, LARS",Nej,SWE,,1920-02-15,2005-09-20,IK SLEIPNER,1940,1,1,FR IF KNEIPPEN
5229,"JÖNSSON, LARS",Nej,SWE,,1963-04-21,,TRELLEBORGS FF,1985,4,0,
6221,"JÖNSSON, MARCUS",Nej,SWE,,1972-02-28,,HALMSTADS BK,1995-1996,16,0,
5699,"JÖNSSON, NICLAS",Nej,SWE,,1968-03-05,,HAMMARBY IF,1990,21,8,
2626,"JÖNSSON, NILS",Nej,SWE,,1926-12-10,1990-08-25,HELSINGBORGS IF,1949-1953,55,22,
6850,"JÖNSSON, PATRIK",Nej,SWE,SPIGG,1982-04-08,,IFK NORRKÖPING,2000-2002,40,1,
5490,"JÖNSSON, PETER",Nej,SWE,,1965-02-11,,MALMÖ FF,1986-1993,57,4,
7772,"JÖNSSON, RASMUS",Nej,SWE,,1990-01-27,,HELSINGBORGS IF,2008-2022,161,34,
3308,"JÖNSSON, STIG-ARNE",Nej,SWE,,1934-03-18,,HALMSTADS BK,1957-1958,9,0,
1346,"JÖNSSON, STURE",Nej,SWE,LINDGREN,1904-12-13,1973-03-14,IFK MALMÖ,1925,2,1,
2633,"JÖNSSON, STURE",Nej,SWE,TOLLABÖSSA,1926-02-09,1986-02-14,LANDSKRONA BoIS,1949,22,2,
3977,"JÖNSSON, SUNE",Nej,SWE,TOLLARP,1940-03-06,,HÖGADALS IS,1962,21,4,
3977,"JÖNSSON, SUNE",Nej,SWE,TOLLARP,1940-03-06,,HELSINGBORGS IF,1966-1967,15,1,
3314,"JÖNSSON, SVEN",Ja,SWE,,1933-07-16,2003-04-01,HELSINGBORGS IF,1959-1960,6,0,SEN TECKOMANTORPS SK
5867,"JÖNSSON, TOMAS",Nej,SWE,,1969-01-25,,GAIS,1991,12,1,
5844,"JÖNSSON, TOMMY",Nej,SWE,,1976-03-04,,MALMÖ FF,1994-1997,66,2,
5844,"JÖNSSON, TOMMY",Nej,SWE,,1976-03-04,,HALMSTADS BK,1998-2010,304,29,
5432,"JÖNSSON, ULF",Nej,SWE,PUH,1958-12-25,,HALMSTADS BK,1980-1990,186,8,
2625,"JÖNSSON, ÅKE",Nej,SWE,SUDDEN,1925-06-26,1998-12-18,HELSINGBORGS IF,1944-1958,198,53,
8675,"JÖNSSON SALÉTROS, ANTON",Nej,SWE,,1996-04-12,,AIK,2013-2023,119,7,
8402,"JÖRGENSEN, JOACKIM",Nej,DAN,,1988-09-20,,IF ELFSBORG,2012-2013,37,1,
3953,"JÖRNLIND, STEN-ERIK",Nej,SWE,,1940-07-28,2023-04-13,DJURGÅRDENS IF,1965,2,0,FR LILLHÄRADS IF
9444,"KABASHI, ARIAN",Nej,SWE,,1997-03-14,,IF ELFSBORG,2018,5,0,
9444,"KABASHI, ARIAN",Nej,SWE,,1997-03-14,,HELSINGBORGS IF,2022,14,1,
8376,"KABIA, MOHAMED",Nej,SLE,,1988-10-04,,SYRIANSKA FC,2011,2,0,
1181,"KABRAN, KEVIN",Nej,SWE,,1993-11-22,,IF ELFSBORG,2019,11,0,
7652,"KACANIKLIC, ALEXANDER",Nej,SWE,,1991-08-13,,HAMMARBY IF,2019-2020,48,14,
7240,"KACANIKLIC, ROBIN",Nej,SWE,,1988-08-25,,HELSINGBORGS IF,2006,1,0,
8936,"KADEWERE, TINOTENDA",Nej,ZIM,,1996-01-05,,DJURGÅRDENS IF,2015-2018,48,13,
7897,"KADHIM, SAIF",Nej,SWE,,1991-02-07,,ÖRGRYTE IS,2009,1,0,
9650,"KADIRI, JORDAN",Nej,NIG,,2000-03-11,,ÖSTERSUNDS FK,2019-2020,21,5,
7259,"KAH, PA-MODOU",Nej,NOR,,1980-07-30,,AIK,2003-2004,27,1,
9655,"KAHL, ERIC",Nej,SWE,,2001-09-27,,AIK,2020-2021,29,0,
9014,"KAIB, RAMI",Nej,SWE,,1997-05-08,,IF ELFSBORG,2016-2020,57,1,SWE/TUN/LIBAN
9014,"KAIB, RAMI",Nej,SWE,,1997-05-08,,DJURGÅRDENS IF,2023,5,0,
9367,"KAIED, ADAM",Nej,SWE,,2002-03-02,,HELSINGBORGS IF,2022,12,0,
7522,"KAISSI, YAZID",Nej,MAR,,1981-05-16,,BK HÄCKEN,2005-2006,21,0,
9168,"KALABANE, AMADOU",Nej,GUI,,1996-01-02,,ATHLETIC FC ESKILSTU,2017,3,0,
6716,"KALDNER, NIKLAS",Nej,SWE,,1973-08-29,,KALMAR FF,1999-2006,98,1,
5520,"KALÉN, JAN",Nej,SWE,,1962-09-19,,IFK NORRKÖPING,1982-1993,171,6,
9368,"KALLEY, YAHYA",Nej,SWE,,2001-03-20,,IFK GÖTEBORG,2020-2021,17,0,
9368,"KALLEY, YAHYA",Nej,SWE,,2001-03-20,,IFK NORRKÖPING,2023,27,0,
6483,"KALLON, KIMOKAY",Nej,SLE,,1972-03-17,,PANOS LJUNGSKILE SK,1997,1,0,
5544,"KALPAKIDIS, MIKAEL",Nej,SWE,,1967-03-08,,IFK NORRKÖPING,1988,1,0,
8401,"KAMARA, ALHAJI",Nej,SLE,,1994-04-16,,DJURGÅRDENS IF,2012,5,0,
8401,"KAMARA, ALHAJI",Nej,SLE,,1994-04-16,,IFK NORRKÖPING,2014-2015,40,16,
8394,"KAMARA, ALHASSAN",Nej,SLE,CRESPO,1993-01-13,,AIK,2012-2013,14,0,
8394,"KAMARA, ALHASSAN",Nej,SLE,CRESPO,1993-01-13,,ÖREBRO SK,2012-2016,37,19,
8394,"KAMARA, ALHASSAN",Nej,SLE,CRESPO,1993-01-13,,BK HÄCKEN,2016-2018,40,12,
8375,"KAMARA, ALUSINE",Nej,SLE,,1989-09-05,,SYRIANSKA FC,2011,2,0,
8905,"KAMBUSI, KYRIA",Nej,SWE,,1998-06-06,,IK SIRIUS,2017,1,0,
4028,"KAMPE, THORVALD",Nej,SWE,PLOMBEN,1936-05-31,2020-04-12,HAMMARBY IF,1963-1967,14,0,FR VESTA
5556,"KANKAINEN, MATS",Nej,SWE,,1965-06-28,,GIF SUNDSVALL,1987-1988,25,1,
4459,"KANSLÄTT, MICHAEL",Ja,SWE,,1954-04-19,,AIK,1972,1,0,
8224,"KAPCEVIC, DRAGAN",Nej,BIH,,1985-11-10,,GEFLE IF,2010-2011,33,6,
8224,"KAPCEVIC, DRAGAN",Nej,BIH,,1985-11-10,,IK SIRIUS,2017,6,0,
7339,"KAPELLA-KARLSSON, RIKARD",Nej,SWE,,1983-08-18,,BK HÄCKEN,2005-2006,9,0,SEN KARLSSON
5712,"KARATHANASIS, GEORGIOS",Nej,SWE,JOJJE,1971-01-31,,IFK NORRKÖPING,1990-2002,26,1,
7510,"KAREKEZI, OLIVIER",Nej,RSA,,1983-05-25,,HELSINGBORGS IF,2005-2007,60,18,
8320,"KARIKARI, KWAME",Nej,GHA,,1992-01-21,,AIK,2011-2014,43,8,
8320,"KARIKARI, KWAME",Nej,GHA,,1992-01-21,,HALMSTADS BK,2015,9,2,
9877,"KARIM, SADAT",Nej,GHA,,1991-10-24,,HALMSTADS BK,2021,30,5,
7133,"KARISIK, ELDIN",Nej,SWE,,1983-03-18,,HELSINGBORGS IF,2002-2006,68,7,
7133,"KARISIK, ELDIN",Nej,SWE,,1983-03-18,,IFK GÖTEBORG,2007-2008,24,1,
7511,"KARISIK, FAHRUDIN",Nej,SWE,,1985-02-04,,HELSINGBORGS IF,2005,5,0,
9742,"KARJALAINEN, RASMUS",Nej,FIN,,1996-09-04,,ÖREBRO SK,2020,13,4,
9742,"KARJALAINEN, RASMUS",Nej,FIN,,1996-09-04,,HELSINGBORGS IF,2022,7,0,
4463,"KARLBERG, TOMMY",Nej,SWE,,1954-03-16,,ÖRGRYTE IS,1975-1976,22,4,
4463,"KARLBERG, TOMMY",Nej,SWE,,1954-03-16,,GEFLE IF,1983,21,2,
7313,"KARLEFJÄRD, JOHAN",Nej,SWE,,1984-02-13,,ÖRGRYTE IS,2003-2005,11,0,
5608,"KARLÉN, TOMAS",Nej,SWE,,1964-04-03,,ÖREBRO SK,1989-1990,32,7,
5608,"KARLÉN, TOMAS",Nej,SWE,,1964-04-03,,BK HÄCKEN,1993,1,0,
4010,"KARLSSON, ALF",Nej,SWE,ROHDÉN,1939-11-04,2017-08-12,DEGERFORS IF,1963,1,0,
1349,"KARLSSON, ALGOT",Nej,SWE,,1901-05-12,1975-11-05,IFK GÖTEBORG,1925,1,0,
1351,"KARLSSON, ALLAN",Nej,SWE,REGEMAR,1903-02-23,1982-05-01,IK CITY,1926,11,3,
2654,"KARLSSON, ALLAN",Nej,SWE,,1911-12-24,1977-04-09,BILLINGSFORS IK,1947,22,0,
3374,"KARLSSON, ALLAN",Nej,SWE,,1924-11-10,2017-11-04,MALMÖ FF,1953,1,0,FR/T IF ALLIANS
2656,"KARLSSON, ALLER",Nej,SWE,,1929-06-03,2006-12-05,BILLINGSFORS IK,1947,9,2,ÖIS 49-51 22/0
2656,"KARLSSON, ALLER",Nej,SWE,,1929-06-03,2006-12-05,ÅTVIDABERGS FF,1952,14,1,
4041,"KARLSSON, ANDERS",Nej,SWE,,1940-02-21,,ÖREBRO SK,1968,6,0,MKL LYCKSELE
5602,"KARLSSON, ANDERS",Ja,SWE,,1963-04-27,2015-11-23,ÖREBRO SK,1989-2002,290,0,FUNNEN 1604
2663,"KARLSSON, BENGT",Nej,SWE,TOTT,1920-07-04,1996-05-01,DEGERFORS IF,1942-1945,6,1,
3351,"KARLSSON, BENGT",Nej,SWE,BODEN,1936-04-27,2024-06-13,AIK,1959-1961,30,11,
4632,"KARLSSON, BENGT-ÅKE",Ja,SWE,BÄCKE,1953-05-14,,ÖSTERS IF,1974-1976,14,0,
4632,"KARLSSON, BENGT-ÅKE",Ja,SWE,BÄCKE,1953-05-14,,IFK GÖTEBORG,1978,23,0,
4620,"KARLSSON, BERNT",Nej,SWE,,1951-03-06,,IF SAAB,1973,26,5,
2693,"KARLSSON, BERNT",Ja,SWE,KLARBRANT,1925-08-19,1991-07-29,ÖREBRO SK,1947-1953,70,0,FR ALMBY BK 1945
1051,"KARLSSON, BERTIL",Nej,SWE,IFFA,1899-06-13,1976-03-04,IFK ESKILSTUNA,1925-1936,129,79,
3373,"KARLSSON, BERTIL",Nej,SWE,,1931-03-02,1986-06-28,HELSINGBORGS IF,1951-1960,128,1,
4026,"KARLSSON, BERTIL",Nej,SWE,,1943-01-11,,HAMMARBY IF,1963-1967,6,0,
1353,"KARLSSON, BIRGER",Nej,SWE,BIGGE BACKIS,1902-10-29,1991-01-19,AIK,1928,3,0,
3370,"KARLSSON, BORIS",Nej,SWE,,1935-09-29,2017-06-30,HALMSTADS BK,1956-1959,20,0,
2680,"KARLSSON, BROR",Nej,SWE,BAGARN,1921-06-02,2011-02-25,HELSINGBORGS IF,1945-1950,128,44,
5819,"KARLSSON, CHRISTIAN",Nej,SWE,,1969-09-20,,TRELLEBORGS FF,1992-1995,104,7,
5819,"KARLSSON, CHRISTIAN",Nej,SWE,,1969-09-20,,MALMÖ FF,1996-1997,35,2,
5819,"KARLSSON, CHRISTIAN",Nej,SWE,,1969-09-20,,IFK GÖTEBORG,1998-1999,24,0,
7226,"KARLSSON, CHRISTOFFER",Nej,SWE,,1988-01-27,,ÅTVIDABERGS FF,2010-2012,25,0,
4613,"KARLSSON, CLAES",Nej,SWE,-GÖRAN LILLIS,1951-07-17,,HALMSTADS BK,1974-1982,120,0,
4627,"KARLSSON, CLAS-GÖRAN",Nej,SWE,KLOSSEN,1948-08-02,,ÖRGRYTE IS,1970,6,0,
4609,"KARLSSON, CONNY",Nej,SWE,,1953-11-21,,IFK GÖTEBORG,1977-1982,143,0,
4609,"KARLSSON, CONNY",Nej,SWE,,1953-11-21,,ÖRGRYTE IS,1985-1987,37,0,
7122,"KARLSSON, DANIEL",Nej,SWE,KALLE,1980-03-23,,HALMSTADS BK,2002,6,0,
1928,"KARLSSON, DAVID",Nej,SWE,,1910-10-02,1981-09-14,HALLSTAHAMMARS SK,1932-1939,36,5,
1924,"KARLSSON, EINAR",Nej,SWE,,1910-11-26,1964-07-17,GÅRDA BK,1936-1943,151,1,MARIEHOLM
3378,"KARLSSON, EINAR",Nej,SWE,RÖNNSKÄR RÖNNSKÄR,1928-09-20,2001-10-05,IFK NORRKÖPING,1950-1953,58,6,
1323,"KARLSSON, ELION",Nej,SWE,,1944-11-18,,HELSINGBORGS IF,1968,1,0,
1914,"KARLSSON, ERIC",Nej,SWE,KELLER,1912-07-27,2000-10-11,DEGERFORS IF,1939-1943,63,14,"FR MOTALA AIF,TR DERBY"
1355,"KARLSSON, ERIK",Nej,SWE,KIRRE,1904-05-24,1979-05-16,IFK UDDEVALLA,1927,5,0,
1384,"KARLSSON, ERIK",Nej,SWE,BRACKO,1902-10-01,1975-06-03,IFK NORRKÖPING,1927-1930,9,2,
1925,"KARLSSON, ERIK",Nej,SWE,,1913-04-01,1980-02-02,GÅRDA BK,1936-1938,48,4,MARIEHOLM
2646,"KARLSSON, ERIK",Nej,SWE,PROSTEN,1915-06-04,2002-05-19,AIK,1946-1948,43,40,
3382,"KARLSSON, ERIK",Nej,SWE,DAMMIS,1927-10-23,1983-07-27,RÅÅ IF,1951-1952,44,1,
6507,"KARLSSON, ERIK",Nej,SWE,SJÖSTRÖM,1978-06-01,,ÖREBRO SK,1997-1998,23,1,
2273,"KARLSSON, ERIK",Ja,SWE,DAGGY,1907-04-20,1956-09-01,REDBERGSLIDS IK,1931,11,0,
2274,"KARLSSON, EVERT",Ja,SWE,,1907-04-28,1960-10-28,SANDVIKENS IF,1930,8,0,
1357,"KARLSSON, GEORG",Nej,SWE,"SURRA""GURRA CEDEUS",1899-04-23,1976-05-10,IFK ESKILSTUNA,1925-1932,97,2,FR VERDANDI
1050,"KARLSSON, GUNNAR",Nej,SWE,,1907-07-15,1978-09-04,IFK ESKILSTUNA,1926-1933,13,5,
2676,"KARLSSON, GUNNAR",Nej,SWE,,1923-03-05,2012-09-29,HALMSTADS BK,1948,1,0,SEN KRISTINEDALS IF 50-T
2685,"KARLSSON, GUNNAR",Nej,SWE,SKUTSKÄR,1914-11-09,1962-07-15,LUDVIKA FFI,1945,22,0,
3379,"KARLSSON, GUNNAR",Nej,SWE,,1936-05-01,,IFK NORRKÖPING,1958,6,1,
1358,"KARLSSON, GUNNAR",Ja,SWE,,1903-08-30,1981-12-24,IF ELFSBORG,1927,13,0,29? 1-0
4024,"KARLSSON, GÖRAN",Nej,SWE,VESSLAN,1944-04-13,,IS HALMIA,1963,3,0,
4912,"KARLSSON, GÖRAN",Nej,SWE,RIALA,1957-03-18,,AIK,1978-1984,121,0,
5087,"KARLSSON, GÖRAN",Nej,SWE,BORGSTENA,1963-02-08,,IF ELFSBORG,1981,3,0,
4625,"KARLSSON, GÖRAN E",Nej,SWE,EUSEBIO,1953-04-12,2022-02-27,ÅTVIDABERGS FF,1975-1982,119,38,EM SYDAFRIKA
4625,"KARLSSON, GÖRAN E",Nej,SWE,EUSEBIO,1953-04-12,2022-02-27,IFK NORRKÖPING,1980-1981,41,3,
1943,"KARLSSON, GÖSTA",Nej,SWE,DOKTORN,1907-04-16,1994-12-29,IK SLEIPNER,1931-1933,24,11,
3360,"KARLSSON, HANS",Nej,SWE,,1932-09-01,2008-06-01,DJURGÅRDENS IF,1957-1964,119,29,
4037,"KARLSSON, HANS",Nej,SWE,STJÄRNA,1937-06-23,,IFK NORRKÖPING,1961,1,0,
4621,"KARLSSON, HANS",Nej,SWE,,1950-04-28,,IF SAAB,1973,3,0,
4622,"KARLSSON, HANS",Nej,SWE,TVÅAN ILEBRAND,1952-02-04,,IK SIRIUS,1973,2,0,FR ESK
3352,"KARLSSON, HELGE",Nej,SWE,TIMPA,1931-07-20,2019-09-12,AIK,1959,1,0,
6169,"KARLSSON, HENRIC",Nej,SWE,,1977-09-23,,IFK NORRKÖPING,1997,1,0,
1922,"KARLSSON, HOLGER",Nej,SWE,HOGGA,1911-02-27,1989-01-08,GEFLE IF,1934-1935,40,19,
4012,"KARLSSON, INGE",Nej,SWE,,1946-09-25,,DJURGÅRDENS IF,1965-1973,163,0,
4011,"KARLSSON, JAN",Nej,SWE,,1940-12-04,2019-04-16,JÖNKÖPINGS SÖDRA IF,1960-1969,38,2,
4011,"KARLSSON, JAN",Nej,SWE,,1940-12-04,2019-04-16,DJURGÅRDENS IF,1962-1965,70,2,
4615,"KARLSSON, JAN",Nej,SWE,,1956-12-18,,HAMMARBY IF,1975-1979,14,0,
4009,"KARLSSON, JAN-ERIK",Nej,SWE,,1939-04-23,,DEGERFORS IF,1962-1964,7,1,
8908,"KARLSSON, JESPER",Nej,SWE,,1998-07-25,,FALKENBERGS FF,2016,26,7,
8908,"KARLSSON, JESPER",Nej,SWE,,1998-07-25,,IF ELFSBORG,2017-2020,83,19,
6152,"KARLSSON, JOACHIM",Nej,SWE,,1969-01-13,,TRELLEBORGS FF,1994-1996,69,20,
6152,"KARLSSON, JOACHIM",Nej,SWE,,1969-01-13,,ÖRGRYTE IS,1998-2002,96,23,
5688,"KARLSSON, JOACIM",Nej,SWE,,1965-02-13,,IFK GÖTEBORG,1990,2,0,
5688,"KARLSSON, JOACIM",Nej,SWE,,1965-02-13,,ÖSTERS IF,1993,9,3,
6556,"KARLSSON, JOAKIM",Nej,SWE,RAMTZÉN,1981-05-04,,ÖSTERS IF,1998-2003,8,0,
8241,"KARLSSON, JOAKIM",Nej,SWE,,1989-02-04,,KALMAR FF,2010,2,0,
8241,"KARLSSON, JOAKIM",Nej,SWE,,1989-02-04,,JÖNKÖPINGS SÖDRA IF,2016-2017,46,0,
7010,"KARLSSON, JOHAN",Nej,SWE,,1975-04-06,,IF ELFSBORG,2001-2011,263,7,EJ SPELKLAR 2001
9715,"KARLSSON, JOHAN",Nej,SWE,,2001-06-20,,IK SIRIUS,2020-2022,55,1,
9715,"KARLSSON, JOHAN",Nej,SWE,,2001-06-20,,KALMAR FF,2022-2023,39,1,
2677,"KARLSSON, JOHN",Nej,SWE,DOMPEN,1912-11-14,1997-09-10,HAMMARBY IF,1940,13,0,
4032,"KARLSSON, JOHNNY",Nej,SWE,,1931-11-11,,HÖGADALS IS,1962,7,1,
8045,"KARLSSON, JOSEF",Nej,SWE,ELVBY,1982-07-13,,BK HÄCKEN,2009-2012,93,6,
8045,"KARLSSON, JOSEF",Nej,SWE,ELVBY,1982-07-13,,ÖSTERS IF,2013,26,0,
2275,"KARLSSON, KARL",Nej,SWE,KULA,1909-11-18,1978-04-28,HALLSTAHAMMARS SK,1932,17,4,
2691,"KARLSSON, KARL",Nej,SWE,-ERIC WINGQVIST,1918-06-20,2004-01-27,IK SLEIPNER,1941,11,0,
2327,"KARLSSON, KARL-GUSTAF",Nej,SWE,MUGGAS,1916-11-09,2008-09-16,REYMERSHOLMS IK,1942,11,0,FR IK GÖTA
9785,"KARLSSON, KAZPER",Nej,SWE,,2005-03-21,,HALMSTADS BK,2023,24,2,
4042,"KARLSSON, KENNETH",Nej,SWE,KETTE,1939-05-23,,ÖREBRO SK,1961-1969,143,0,
4019,"KARLSSON, KENNY",Nej,SWE,,1941-01-16,,IFK GÖTEBORG,1961-1965,23,0,SEN VFRÖL
4018,"KARLSSON, KENT",Nej,SWE,,1945-11-25,,IFK ESKILSTUNA,1964,7,0,
4018,"KARLSSON, KENT",Nej,SWE,,1945-11-25,,ÅTVIDABERGS FF,1968-1976,193,4,
3369,"KARLSSON, KJELL",Nej,SWE,LILL-GOGGO,1935-02-14,2023-03-22,HALMSTADS BK,1959,21,13,FR HÖGANÄS 59
4605,"KARLSSON, KJELL",Nej,SWE,,1953-06-20,,DJURGÅRDENS IF,1974-1978,85,18,
3376,"KARLSSON, KNUT",Nej,SWE,,1933-08-04,2023-01-06,MOTALA AIF,1958,8,1,
2684,"KARLSSON, KURT",Nej,SWE,KUTA,1922-09-24,2015-08-02,LANDSKRONA BoIS,1949,3,0,
4043,"KARLSSON, LAGE",Nej,SWE,,1937-12-01,2002-02-05,ÖREBRO SK,1962,1,1,
5254,"KARLSSON, LARS",Nej,SWE,,1958-02-16,,ÖRGRYTE IS,1982-1983,18,2,
5030,"KARLSSON, LARS-ERIK",Ja,SWE,ANTTONEN,1954-06-14,,ÖREBRO SK,1978,19,0,
5321,"KARLSSON, LEIF",Nej,SWE,VESSLAN,1957-11-19,,IK BRAGE,1980-1987,24,1,
4594,"KARLSSON, LEIF",Ja,SWE,,1952-03-29,,AIK,1972-1979,86,0,
2679,"KARLSSON, LENNART",Nej,SWE,PUTTE,1915-12-23,1999-08-12,HAMMARBY IF,1940,4,0,"FR ERIKSDAL,F.VINTERKRIG"
3362,"KARLSSON, LENNART",Nej,SWE,JOCKE,1932-08-26,2003-02-26,IFK ESKILSTUNA,1958,21,9,FR/T SÖDERTÄLJE
2662,"KARLSSON, LINUS",Nej,SWE,,1922-12-27,1997-11-29,DEGERFORS IF,1947-1952,28,3,
5538,"KARLSSON, MAGNUS",Nej,SWE,MUNKEN,1967-11-06,,IFK NORRKÖPING,1987-1991,80,5,
5538,"KARLSSON, MAGNUS",Nej,SWE,MUNKEN,1967-11-06,,ÖREBRO SK,1993-1995,77,3,
6317,"KARLSSON, MARKUS",Nej,SWE,,1972-08-30,,DJURGÅRDENS IF,1996-2004,125,0,
6317,"KARLSSON, MARKUS",Nej,SWE,,1972-08-30,,IF BROMMAPOJKARNA,2007-2009,29,0,
7328,"KARLSSON, MARKUS",Nej,SWE,,1979-12-13,,AIK,2006,8,0,
9530,"KARLSSON, MARKUS",Nej,SWE,,2004-01-20,,HAMMARBY IF,2023,19,1,
6608,"KARLSSON, MARTIN",Nej,SWE,,1972-09-07,,BK HÄCKEN,1998-2001,51,4,MKL FLODA BOIF
4031,"KARLSSON, MATS",Nej,SWE,,1945-02-18,2023-03-10,HELSINGBORGS IF,1963-1966,9,2,
4599,"KARLSSON, MATS",Nej,SWE,,1957-06-30,,BK DERBY,1977,3,0,MKL MALEXANDER IF
5234,"KARLSSON, MATS",Nej,SWE,LILL-TOTT,1957-05-13,,ÅTVIDABERGS FF,1980-1982,59,0,
8548,"KARLSSON, MÅNZ",Nej,SWE,BERG,1989-04-04,,ÖSTERS IF,2013,28,2,
8548,"KARLSSON, MÅNZ",Nej,SWE,BERG,1989-04-04,,ÅTVIDABERGS FF,2014-2015,50,1,
1366,"KARLSSON, NILS",Nej,SWE,,1897-04-10,1967-08-17,GAIS,1925,1,0,FR HISINGSTAD
2681,"KARLSSON, NILS",Nej,SWE,,1916-03-26,1947-01-07,HELSINGBORGS IF,1945,1,0,FR HÖGADAL
5870,"KARLSSON, OLA",Nej,SWE,,1971-05-19,,GAIS,1991-1992,14,0,
5870,"KARLSSON, OLA",Nej,SWE,,1971-05-19,,ÖRGRYTE IS,1993-1995,32,1,
5870,"KARLSSON, OLA",Nej,SWE,,1971-05-19,,BK HÄCKEN,1998,14,0,
8828,"KARLSSON, OSCAR",Nej,SWE,,1992-01-23,,GEFLE IF,2014,3,0,
9476,"KARLSSON, OTTAR MAGNUS",Nej,I,,1997-02-21,,TRELLEBORGS FF,2018,14,1,
2321,"KARLSSON, OVE",Nej,SWE,WIDRICKS,1915-08-02,1982-05-23,MALMÖ FF,1937-1943,114,0,
2321,"KARLSSON, OVE",Nej,SWE,WIDRICKS,1915-08-02,1982-05-23,AIK,1944-1948,104,0,
4619,"KARLSSON, OVE",Nej,SWE,SLANGEN,1953-12-05,,IFK NORRKÖPING,1974-1980,111,9,INTE 06
0489,"KARLSSON, PATRIC",Nej,SWE,,1967-11-09,,IFK NORRKÖPING,1995,26,12,
0489,"KARLSSON, PATRIC",Nej,SWE,,1967-11-09,,ÖRGRYTE IS,1996-1997,18,3,
0489,"KARLSSON, PATRIC",Nej,SWE,,1967-11-09,,BK HÄCKEN,1998-2000,49,14,
6649,"KARLSSON, PATRIK",Nej,SWE,BOJENT,1980-12-26,,ÖSTERS IF,1998-2013,55,0,
6649,"KARLSSON, PATRIK",Nej,SWE,BOJENT,1980-12-26,,GEFLE IF,2005-2006,51,1,
6649,"KARLSSON, PATRIK",Nej,SWE,BOJENT,1980-12-26,,AIK,2007-2009,36,1,
5004,"KARLSSON, PER",Nej,SWE,,1957-03-06,,IFK SUNDSVALL,1979,4,0,
6992,"KARLSSON, PER",Nej,SWE,,1986-01-02,,AIK,2003-2022,346,2,
8824,"KARLSSON, PER",Nej,SWE,PÄRLAN,1989-04-20,,FALKENBERGS FF,2014-2019,64,1,
5632,"KARLSSON, PETER",Nej,SWE,PK,1961-08-04,,ÅTVIDABERGS FF,1980-1982,41,4,
5632,"KARLSSON, PETER",Nej,SWE,PK,1961-08-04,,KALMAR FF,1984-1986,63,25,
5632,"KARLSSON, PETER",Nej,SWE,PK,1961-08-04,,ÖRGRYTE IS,1987-1989,64,30,
5991,"KARLSSON, PETER",Nej,SWE,,1970-08-11,,DEGERFORS IF,1993,13,0,
6367,"KARLSSON, PETER",Nej,SWE,,1973-08-11,,ÖREBRO SK,1996-2001,115,3,
6684,"KARLSSON, PONTUS",Nej,SWE,HYDÉN,1983-08-19,,ÅTVIDABERGS FF,2010,12,0,
6166,"KARLSSON, PÄR",Nej,SWE,,1978-05-29,,IFK GÖTEBORG,1997-2000,64,6,
6166,"KARLSSON, PÄR",Nej,SWE,,1978-05-29,,IF ELFSBORG,2002,8,0,
6905,"KARLSSON, ROBERT",Nej,SWE,VILAHAMN,1983-01-02,,IFK GÖTEBORG,2002,9,0,
4015,"KARLSSON, ROGER",Nej,SWE,,1944-01-02,,ÖRGRYTE IS,1961-1964,45,20,"VSK 65,RYDBOHOLMS SK 81"
4015,"KARLSSON, ROGER",Nej,SWE,,1944-01-02,,IF ELFSBORG,1966-1971,98,32,
4617,"KARLSSON, ROGER",Nej,SWE,,1945-04-12,,LANDSKRONA BoIS,1971-1975,95,0,
4005,"KARLSSON, ROLAND",Nej,SWE,,1941-05-19,,IK BRAGE,1966,2,0,"-703,BRAGE -62, ÖSTER 63-"
4023,"KARLSSON, ROLAND",Nej,SWE,,1936-12-04,,IS HALMIA,1963,16,1,FR MARKARYD
3361,"KARLSSON, ROLF",Nej,SWE,,1933-06-10,2014-09-27,IF ELFSBORG,1953-1954,19,1,
4628,"KARLSSON, ROLF",Nej,SWE,,1950-09-22,,ÖRGRYTE IS,1975-1976,32,3,
1915,"KARLSSON, ROLF",Ja,SWE,,1916-03-11,1974-09-23,IF ELFSBORG,1936,1,0,
2668,"KARLSSON, RUNE",Nej,SWE,"2:AN""LELLEN",1923-01-25,1982-03-09,GAIS,1949-1950,6,2,FR HISINGSTAD
2670,"KARLSSON, RUNE",Nej,SWE,,1919-10-29,2002-10-08,IS HALMIA,1944-1950,103,1,
2675,"KARLSSON, RUNE",Nej,SWE,,1927-04-07,2013-12-11,HALMSTADS BK,1945-1956,51,14,TRARYD 55/56
2276,"KARLSSON, SIGFRID",Nej,SWE,,1912-02-15,1993-10-27,STATTENA IF,1930,2,0,
5138,"KARLSSON, SONNY",Nej,SWE,,1959-05-14,,BK HÄCKEN,1983,22,2,
5263,"KARLSSON, STEFAN",Nej,SWE,,1959-03-23,,ÖSTERS IF,1983-1984,23,6,
8547,"KARLSSON, STEFAN",Nej,SWE,,1988-12-15,,ÖSTERS IF,2013,29,0,
8547,"KARLSSON, STEFAN",Nej,SWE,,1988-12-15,,DJURGÅRDENS IF,2014-2016,44,0,
8547,"KARLSSON, STEFAN",Nej,SWE,,1988-12-15,,ÖSTERSUNDS FK,2016,15,0,
8547,"KARLSSON, STEFAN",Nej,SWE,,1988-12-15,,JÖNKÖPINGS SÖDRA IF,2017,26,1,
3388,"KARLSSON, STELLAN",Nej,SWE,,1923-04-09,2012-03-02,ÖREBRO SK,1951,13,0,
2671,"KARLSSON, STIG",Nej,SWE,FIKA,1916-05-31,1993-09-03,IS HALMIA,1944-1946,24,1,
2678,"KARLSSON, STIG",Nej,SWE,LOTTA,1911-07-26,1965-02-21,HAMMARBY IF,1940,11,6,
2659,"KARLSSON, SVEN",Nej,SWE,,1920-06-12,2010-07-02,BILLINGSFORS IK,1947,12,6,
5111,"KARLSSON, THOMAS",Nej,SWE,DUNDER,1963-10-15,,IFK GÖTEBORG,1982,4,0,
8817,"KARLSSON, TOBIAS",Nej,SWE,,1989-01-14,,FALKENBERGS FF,2014-2020,91,3,
2661,"KARLSSON, TORE",Nej,SWE,,1925-03-04,2004-02-27,DEGERFORS IF,1943-1956,215,1,
1931,"KARLSSON, TORSTEN",Nej,SWE,TORRE,1908-04-07,1987-01-07,HALMSTADS BK,1934-1936,61,3,
1382,"KARLSSON, VERNER",Nej,SWE,,,,IFK ESKILSTUNA,1926,1,0,
9286,"KARLSSON, VICTOR",Nej,SWE,,2001-05-18,,VARBERGS BOIS,2021-2023,51,4,
1921,"KARLSSON, WALTER",Nej,SWE,,1908-12-02,1984-05-23,GAIS,1933,2,0,FR VIRGO
2655,"KARLSSON, WILLIS",Nej,SWE,WILHELM,1914-06-25,1987-08-01,BILLINGSFORS IK,1947,16,3,
3355,"KARLSSON, ÅKE",Nej,SWE,MYGGAN,1937-12-05,1994-05-26,AIK,1957-1958,13,2,
3375,"KARLSSON, ÅKE",Nej,SWE,,1934-01-26,2016-01-06,IFK MALMÖ,1957-1962,82,19,FR RAPAX
4030,"KARLSSON, ÅKE",Nej,SWE,,1944-04-18,,IFK HOLMSUND,1967,14,1,
9920,"KARLSSON ADJEI, SIMON",Nej,SWE,,1993-11-10,,VARBERGS BOIS,2021-2022,32,5,24 2021?
9933,"KARLSSON GRACH, SEBASTIAN",Nej,SWE,,2001-05-06,,ÖSTERSUNDS FK,2021,20,1,
8907,"KARLSSON LAGEMYR, PATRIK",Nej,SWE,PAKA,1996-12-18,,IFK GÖTEBORG,2016-2020,74,13,
8907,"KARLSSON LAGEMYR, PATRIK",Nej,SWE,PAKA,1996-12-18,,IK SIRIUS,2022,17,1,
8482,"KARLSTRÖM, JESPER",Nej,SWE,,1995-06-21,,IF BROMMAPOJKARNA,2013-2014,41,3,
8482,"KARLSTRÖM, JESPER",Nej,SWE,,1995-06-21,,DJURGÅRDENS IF,2015-2020,147,8,
5355,"KARLSTRÖM, NIKLAS",Nej,SWE,,1966-12-13,,KALMAR FF,1985-1986,9,0,
5355,"KARLSTRÖM, NIKLAS",Nej,SWE,,1966-12-13,,GIF SUNDSVALL,1987-1988,44,9,
5355,"KARLSTRÖM, NIKLAS",Nej,SWE,,1966-12-13,,DJURGÅRDENS IF,1989-1990,41,10,
5355,"KARLSTRÖM, NIKLAS",Nej,SWE,,1966-12-13,,GAIS,1991-1992,33,7,
5355,"KARLSTRÖM, NIKLAS",Nej,SWE,,1966-12-13,,BK HÄCKEN,1993-1994,45,3,
9026,"KASIM, PROSPER",Nej,GHA,,1996-12-15,,IFK GÖTEBORG,2016,1,0,
9642,"KASIM, YASER",Nej,IRQ,,1991-05-10,,ÖREBRO SK,2019,12,0,
5017,"KASKI, REIJO",Nej,SWE,,1950-07-30,2007-12-21,VÄSTERÅS SK,1978,6,0,FD FIN
4004,"KASTMAN, TOMMY",Nej,SWE,,1946-12-13,,ÅTVIDABERGS FF,1968-1969,6,0,
4004,"KASTMAN, TOMMY",Nej,SWE,,1946-12-13,,AIK,1972-1973,25,0,
5033,"KATEBY, LARS",Nej,SWE,,1957-01-08,,ÖREBRO SK,1978,7,0,
1048,"KAUFELDT, PER",Nej,SWE,PÄRA,1902-08-01,1956-03-21,AIK,1925-1934,170,122,
8235,KAYKE,Nej,BRA,K MORENO DE ANDRADE RODR,1988-04-01,,BK HÄCKEN,2010,4,0,RODRIGUES
8819,"KEAT, DAN",Nej,NZL/ENG,,1987-09-28,,FALKENBERGS FF,2014-2015,50,5,
7688,"KEENE, JAMES",Nej,ENG,,1985-12-26,,GAIS,2006,24,10,
7688,"KEENE, JAMES",Nej,ENG,,1985-12-26,,IF ELFSBORG,2007-2013,123,25,
7688,"KEENE, JAMES",Nej,ENG,,1985-12-26,,DJURGÅRDENS IF,2012,26,6,
7688,"KEENE, JAMES",Nej,ENG,,1985-12-26,,HALMSTADS BK,2015,22,4,
9195,"KEITA, ABOUBAKAR",Nej,ELF,,1997-11-05,,HALMSTADS BK,2017,25,2,
9195,"KEITA, ABOUBAKAR",Nej,ELF,,1997-11-05,,AIK,2023,14,0,
9004,"KEITA, ALY",Ja,SWE,,1986-12-08,,ÖSTERSUNDS FK,2016-2021,131,0,
1055,"KELLER, TORE",Nej,SWE,TOSSE,1905-01-04,1988-07-15,IK SLEIPNER,1925-1940,305,157,
7526,"KELLY, ANDREW",Nej,ENG,,1984-01-09,,LANDSKRONA BoIS,2005,1,0,
1052,"KEMPE, EINAR",Nej,SWE,,1903-10-22,1948-11-05,IK CITY,1926,22,8,
1052,"KEMPE, EINAR",Nej,SWE,,1903-10-22,1948-11-05,IFK ESKILSTUNA,1928-1936,135,38,
7322,"KENNFORS, PETER",Ja,SWE,,1979-06-12,,ÖSTERS IF,2003,5,0,
5173,"KERTESZ, ROBERT",Nej,SWE,KERTES,1961-11-12,,MALMÖ FF,1984-1985,5,0,
7483,"KESENCI, MATTIAS",Nej,SWE,,1986-03-31,,ASSYRISKA FF,2005,1,0,
4607,"KETTIL, BENGT",Nej,SWE,,1953-05-01,,IF ELFSBORG,1974,1,0,
4607,"KETTIL, BENGT",Nej,SWE,,1953-05-01,,ÖRGRYTE IS,1975,10,0,
5400,"KETTUNEN, THOMAS",Nej,SWE,,1967-12-17,,GAIS,1989,2,0,
5400,"KETTUNEN, THOMAS",Nej,SWE,,1967-12-17,,BK HÄCKEN,1993,7,0,
7879,"KHALILI, ADBULRAHMAN",Nej,SWE,,1992-06-07,,HELSINGBORGS IF,2010-2022,26,1,
7879,"KHALILI, ADBULRAHMAN",Nej,SWE,,1992-06-07,,HAMMARBY IF,2020-2022,43,6,
8219,"KHALILI, ARAM",Nej,NOR,,1989-07-28,,GAIS,2010,20,2,
7089,"KHALILI, IMAD",Nej,SWE,,1987-04-03,,HELSINGBORGS IF,2005-2013,37,9,
7089,"KHALILI, IMAD",Nej,SWE,,1987-04-03,,IFK NORRKÖPING,2008-2013,64,15,
7089,"KHALILI, IMAD",Nej,SWE,,1987-04-03,,HAMMARBY IF,2015-2020,100,26,
9448,"KHARAISHVILI, GIORGI",Nej,GEO,,1996-07-29,,IFK GÖTEBORG,2018-2020,70,18,
6463,"KHARLITOV, JEVGENIJ",Nej,RYS,,1978-10-29,,IFK NORRKÖPING,1997,1,0,
9910,"KHAZENI, KRISTOFFER",Nej,SWE,,1995-06-25,,IFK NORRKÖPING,2021-2023,38,2,
7541,"KHREIS, NAIM",Nej,SWE,,1986-01-01,,GIF SUNDSVALL,2005,1,0,
6551,"KIBEBE, BENJAMIN",Nej,SWE/E,,1981-08-13,,AIK,2000-2004,80,2,*SWE/ETI
7028,"KIEBACK, PATRIK",Nej,SWE,KIBBE,1972-01-10,,IFK NORRKÖPING,2001-2002,48,2,
4600,"KIEBACK, PETER",Nej,SWE,,1955-03-03,,BK DERBY,1977,22,0,BK KENTY
6023,"KIEL, ANDERS",Nej,SWE,,1964-01-05,,BK HÄCKEN,1993,1,0,
7944,"KIENAST, ROMAN",Nej,AUT,,1984-03-29,,HELSINGBORGS IF,2008,12,3,
8094,"KIESE THELIN, ISAAC",Nej,SWE,,1992-06-24,,IFK NORRKÖPING,2012-2014,48,6,
8094,"KIESE THELIN, ISAAC",Nej,SWE,,1992-06-24,,MALMÖ FF,2014-2023,90,47,
1369,"KIHL, BROR",Nej,SWE,,1906-07-26,1986-12-26,ÖRGRYTE IS,1926,1,1,
1369,"KIHL, BROR",Nej,SWE,,1906-07-26,1986-12-26,REDBERGSLIDS IK,1931,9,6,
6158,"KIHLBERG, MAGNUS",Nej,SWE,,1973-10-25,,ÖRGRYTE IS,1995-1996,52,3,
6158,"KIHLBERG, MAGNUS",Nej,SWE,,1973-10-25,,IFK GÖTEBORG,2006,21,2,
6158,"KIHLBERG, MAGNUS",Nej,SWE,,1973-10-25,,ÖREBRO SK,2008-2011,108,5,
1919,"KIHLMARK, KARL-ERIK",Nej,SWE,,1914-06-21,1983-08-12,IFK ESKILSTUNA,1936,5,0,
6330,"KIHLSTEDT, MAGNUS",Ja,SWE,,1972-02-29,,IK ODDEVOLD,1996,25,0,
4598,"KIHLSTRÖM, HÅKAN",Nej,SWE,,1948-03-24,,BRYNÄS IF,1974,18,0,
3384,"KIHLSTRÖM, SIGURD",Ja,SWE,,1921-01-10,2001-02-25,SANDVIKENS AIK,1955,1,0,
4618,"KILCEWSKIS, KURT",Nej,SWE,KILLIS,1958-02-18,,LANDSKRONA BoIS,1975-1976,2,0,
3372,"KIMBY, STIG",Nej,SWE,,1931-07-02,2022-11-23,HAMMARBY IF,1957-1959,5,0,
1913,"KINDAHL, SVEN",Nej,SWE,,1916-04-10,2004-04-11,AIK,1939-1944,69,7,
9994,"KINDBERG, JAKOB",Ja,SWE,,1994-02-07,,KALMAR FF,2022-2023,7,0,
0492,"KINDBOM, KRISTOFFER",Nej,SWE,,1973-01-19,,DJURGÅRDENS IF,1992,4,1,
5271,"KINDLUND, BJÖRN",Nej,SWE,,1962-01-05,,AIK,1983-1993,228,27,
8680,"KINDLUND, OSCAR",Nej,SWE,,1997-01-11,,IK SIRIUS,2017-2018,16,0,
3371,"KINDSTEDT, TOMMY",Nej,SWE,,1938-01-13,,HAMMARBY IF,1959-1960,7,4,"FR SUNDBYB, ÅTER 61"
5284,"KINDVALL, NICLAS",Nej,SWE,NICO,1967-02-19,,AIK,1987-1990,76,13,
5284,"KINDVALL, NICLAS",Nej,SWE,NICO,1967-02-19,,IFK NORRKÖPING,1991-1994,80,34,
5284,"KINDVALL, NICLAS",Nej,SWE,NICO,1967-02-19,,MALMÖ FF,1996-1999,83,22,
4022,"KINDVALL, OVE",Nej,SWE,,1943-05-16,,IFK NORRKÖPING,1962-1975,178,100,
4022,"KINDVALL, OVE",Nej,SWE,,1943-05-16,,IFK GÖTEBORG,1977,21,3,
3972,"KINGSON, RICHARD",Ja,GHA,,1978-06-13,,HAMMARBY IF,2007,11,0,FARUK GÜRSOY *TUR*
8681,"KINNANDER, ANTON",Nej,SWE,,1996-02-23,,HELSINGBORGS IF,2014-2015,8,0,
4987,"KINNVALL , JAN-OLOV",Nej,SWE,KINDVALL,1960-05-08,,MALMÖ FF,1978-1983,61,4,
9194,"KINOSHITA, KOSUKE",Nej,JAP,,1994-10-03,,HALMSTADS BK,2017,23,1,
7952,"KITIC, ALEXANDAR",Nej,BIH,,1983-08-26,,PANOS LJUNGSKILE SK,2008,28,1,
8436,"KIVUVU, DOMINIQUE",Nej,ANG,,1987-09-16,,MJÄLLBY AIF,2012,16,3,
9626,"KIZITO, KWAME",Nej,GHA,,1996-07-21,,BK HÄCKEN,2019,13,3,
9626,"KIZITO, KWAME",Nej,GHA,,1996-07-21,,FALKENBERGS FF,2020,1,0,
9054,"KJARTANSSON, VIDAR",Nej,ISL,,1990-03-11,,MALMÖ FF,2016,20,14,
9054,"KJARTANSSON, VIDAR",Nej,ISL,,1990-03-11,,HAMMARBY IF,2019,15,7,
3386,"KJELL, ARNE",Nej,SWE,,1925-07-12,2016-08-29,ÅTVIDABERGS FF,1952,21,5,
3356,"KJELL, BENGT",Ja,SWE,SPJÄLLET,1926-04-11,2020-04-22,KALMAR FF,1950,13,0,
3356,"KJELL, BENGT",Ja,SWE,SPJÄLLET,1926-04-11,2020-04-22,AIK,1951-1956,88,0,
1370,"KJELLBERG, JOSEF",Nej,SWE,,1902-08-05,1973-08-20,IK CITY,1926,17,0,
3367,"KJELLBERG, KURT",Nej,SWE,,1931-10-11,2019-07-29,IFK GÖTEBORG,1958,1,0,
4039,"KJELLIN, LENNART",Nej,SWE,,1943-03-17,,ÖREBRO SK,1966-1970,22,0,
0714,"KJELLIN, ROBERT",Nej,SWE,,1973-03-11,,MALMÖ FF,2001,8,0,
1371,"KJELLMAN, OSCAR",Nej,SWE,,1900-02-15,1946-10-30,IFK ESKILSTUNA,1926-1927,4,0,
3365,"KJELLMAN, RUNE",Nej,SWE,,1925-01-16,2006-08-16,IFK GÖTEBORG,1952-1955,29,0,
4040,"KJELLMAN, ULF",Nej,SWE,,1939-02-04,2004-09-20,ÖREBRO SK,1961,4,0,
7150,"KJELLSSON, MAGNUS",Nej,SWE,,1979-01-22,,LANDSKRONA BoIS,2002-2003,19,0,
2653,"KJELLSTRÖM, KURT",Nej,SWE,BIFFEN,1921-03-19,1965-12-10,AIK,1940,7,3,
6874,"KJÄLL, AXEL",Nej,SWE,,1981-06-01,,ÖREBRO SK,2000-2004,29,0,
6582,"KJÖLÖ, MIKE",Nej,NOR,,1971-10-27,,AIK,1998-1999,49,2,
6448,"KLARSTRÖM, ANDREAS",Nej,SWE,,1977-12-23,,IF ELFSBORG,1997-2015,279,18,
4606,"KLARSTRÖM, FRANK",Nej,SWE,,1954-09-12,,IF ELFSBORG,1973-1984,211,35,BRÄMHULT 88.89
2651,"KLASSON, OLLE",Nej,SWE,OLOF,1923-01-02,2013-03-21,AIK,1948-1951,60,0,
4035,"KLEANDER, ULF",Nej,SWE,,1947-01-07,,MALMÖ FF,1967-1972,57,3,
5599,"KLINCARSKI, NIKICA",Nej,JUG,NIKI,1957-01-05,,VÄSTRA FRÖLUNDA IF,1989,16,0,
6726,"KLING, ANDREAS",Nej,SWE,,1976-06-11,,KALMAR FF,1999,2,0,
3357,"KLING, BENGT",Nej,SWE,,1934-08-16,2013-10-26,ÖRGRYTE IS,1959,1,0,"FR MÖLNLYCKE IF,ÖIS 55-59"
3357,"KLING, BENGT",Nej,SWE,,1934-08-16,2013-10-26,IK BRAGE,1966,20,1,
2278,"KLING, JOHN",Nej,SWE,RÄVEN,1900-11-10,1950-11-07,SANDVIKENS IF,1930-1931,29,9,
6113,"KLING, JONAS",Nej,SWE,,1972-05-21,,HAMMARBY IF,1994,2,0,
2689,"KLING, YNGVE",Nej,SWE,KROSSEN,1917-02-11,1993-09-22,SANDVIKENS IF,1944,8,0,
2688,"KLING, ÅKE",Nej,SWE,,1924-08-26,2001-12-01,SANDVIKENS IF,1943-1957,64,4,KARLSKOGA IF 5207
6974,"KLINGBERG, NIKLAS",Nej,SWE,,1985-04-13,,ÖREBRO SK,2003-2004,12,0,
4597,"KLINGBORG, LEIF",Nej,SWE,,1951-11-02,,AIK,1974,1,0,
1372,"KLINGSTRÖM, IVAR",Nej,SWE,KLINGA,1897-08-01,1993-09-29,ÖRGRYTE IS,1925-1929,84,2,
9901,"KLINKENBERG, DEAN",Nej,NED,,1996-01-12,,MJÄLLBY AIF,2021,7,0,
4007,"KLINTBERG, OVE",Nej,SWE,,1937-06-27,,DEGERFORS IF,1960,2,0,
3358,"KLINTBERG, ÅKE",Nej,SWE,,1936-05-07,2024-05-28,DEGERFORS IF,1954-1966,96,32,
6371,"KLOO, KRISTOFFER",Nej,FIN,,1973-03-01,,ÖSTERS IF,1996-1998,40,0,
4623,"KLÜFT, JOHNNY",Nej,SWE,,1953-10-26,,ÖSTERS IF,1972-1973,19,3,
4623,"KLÜFT, JOHNNY",Nej,SWE,,1953-10-26,,GIF SUNDSVALL,1975,24,0,
4008,"KNAST, HELGE",Nej,SWE,,1939-01-15,1991-06-04,DEGERFORS IF,1962,1,0,
4604,"KNEZEVIC, VITO",Nej,SWE,,1956-01-25,,DJURGÅRDENS IF,1977-1988,123,7,
9631,"KNUDSEN, JONAS",Nej,DAN,,1992-09-16,,MALMÖ FF,2019-2022,63,1,
4021,"KNUTSSON, ARNE",Nej,SWE,JÄTTEN,1934-11-22,2000-07-25,IFK GÖTEBORG,1960-1961,16,2,FR KINNA
2682,"KNUTSSON, INGEMAR",Nej,SWE,,1926-01-12,2008-10-08,IFK NORRKÖPING,1946-1951,10,0,SEN IFK ESK
2682,"KNUTSSON, INGEMAR",Nej,SWE,,1926-01-12,2008-10-08,HELSINGBORGS IF,1949-1950,16,0,
4626,"KNUTSSON, MAGNUS",Nej,SWE,,1955-03-14,,ÖREBRO SK,1977-1978,6,1,
5367,"KNUTSSON, PER-ÅKE",Nej,SWE,,1957-10-25,,ÖRGRYTE IS,1981-1984,84,7,
5367,"KNUTSSON, PER-ÅKE",Nej,SWE,,1957-10-25,,IF ELFSBORG,1986,7,2,
9210,"KOBOZEV, JEVGENIJ",Nej,RYS,,1990-01-11,,JÖNKÖPINGS SÖDRA IF,2017,5,0,
1373,"KOCK, RUDOLF",Nej,SWE,PUTTE,1901-06-29,1979-10-31,AIK,1925-1928,32,6,
6365,"KOCSIC, PETER",Ja,SWE,,1968-02-15,,UMEÅ FC,1996,7,0,
9203,"KOFFIE, GERSHON",Nej,GHA,,1991-08-25,,HAMMARBY IF,2017-2018,2,0,
8166,"KOJIC, ADNAN",Nej,SWE,,1995-10-28,,HALMSTADS BK,2017,13,0,
8166,"KOJIC, ADNAN",Nej,SWE,,1995-10-28,,ATHLETIC FC ESKILSTU,2019,27,0,
8166,"KOJIC, ADNAN",Nej,SWE,,1995-10-28,,VARBERGS BOIS,2021,2,0,
7815,"KOLAR, MARTIN",Nej,TJE,,1983-09-18,,HELSINGBORGS IF,2007-2008,10,0,
7680,"KOMAC, ANDREJ",Nej,SLN,,1979-12-04,,DJURGÅRDENS IF,2006-2009,71,4,
8523,"KONATE, PA",Nej,SWE,,1994-04-25,,MALMÖ FF,2013-2017,56,0,
8523,"KONATE, PA",Nej,SWE,,1994-04-25,,GIF SUNDSVALL,2019,25,1,
7958,"KONDAPONI, PASCAL",Nej,NIG,,1980-12-26,,PANOS LJUNGSKILE SK,2008,17,2,
6134,"KONGSBÖG, JOHNNY",Nej,DAN,,1966-12-01,,LANDSKRONA BoIS,1994,21,2,
9109,"KONSTANDELIASZ, FELIX",Nej,SWE,,1999-03-26,,MALMÖ FF,2018,3,0,
6114,"KONTINEN, JUSSI",Nej,SWE,JUHA,1973-05-13,,HAMMARBY IF,1994,1,0,
4616,"KORDUNER, HANS",Nej,SWE,,1951-01-21,,HAMMARBY IF,1974,1,0,
8206,"KORKMAZ, FERHAT",Nej,SWE,,1981-09-14,,IF BROMMAPOJKARNA,2010,12,1,
7275,"KOROMA, BRIMA",Nej,SLE,,1984-07-08,,ENKÖPINGS SK,2003,14,0,
7275,"KOROMA, BRIMA",Nej,SLE,,1984-07-08,,KALMAR FF,2005-2006,21,1,
8256,"KOROMA, IBRAHIM",Nej,SLE,MARCEL,1989-05-17,,TRELLEBORGS FF,2010-2011,35,4,
6464,"KORTESNIEMI, ULF",Ja,FIN,,1966-03-28,,PANOS LJUNGSKILE SK,1997,14,0,
7286,"KOSKINEN, SAMPO",Nej,FIN,,1979-03-01,,IFK GÖTEBORG,2003,1,0,
6859,"KOTTILA, MIKA",Nej,FIN,,1974-09-22,,TRELLEBORGS FF,2000-2001,45,9,
8155,"KOUAKOU, CHRISTIAN",Nej,SWE,,1995-04-20,,AIK,2011-2013,7,0,
8155,"KOUAKOU, CHRISTIAN",Nej,SWE,,1995-04-20,,IF BROMMAPOJKARNA,2014,3,1,
8155,"KOUAKOU, CHRISTIAN",Nej,SWE,,1995-04-20,,IFK GÖTEBORG,2020,7,0,
8155,"KOUAKOU, CHRISTIAN",Nej,SWE,,1995-04-20,,IK SIRIUS,2021-2023,61,19,
7535,"KOUAKOU, RAOUL",Nej,CIV,GÖKEN,1980-03-01,,MALMÖ FF,2005-2006,6,1,EJ 800103
9674,"KOUAME, ISAAC PRINCE",Nej,SWE,,2000-10-20,,IF ELFSBORG,2020,6,0,
9591,"KOUYATÉ, MAMADOU",Nej,MALI,,1997-09-13,,ATHLETIC FC ESKILSTU,2019,1,0,
5710,"KOUZNETSOV, JEVGENIJ",Nej,SOV,SJENKA,1961-08-30,,IFK NORRKÖPING,1990-1993,80,12,SEN RYS
5710,"KOUZNETSOV, JEVGENIJ",Nej,SOV,SJENKA,1961-08-30,,ÖSTERS IF,1997,6,0,
8186,"KOZICA, DZENIS",Nej,SWE,,1993-04-28,,JÖNKÖPINGS SÖDRA IF,2016-2017,60,10,
8186,"KOZICA, DZENIS",Nej,SWE,,1993-04-28,,DJURGÅRDENS IF,2018-2019,36,3,
8186,"KOZICA, DZENIS",Nej,SWE,,1993-04-28,,ATHLETIC FC ESKILSTU,2019,15,1,
1249,"KPOZO, PATRICK",Nej,GHA,,1997-07-15,,AIK,2016,11,0,
1249,"KPOZO, PATRICK",Nej,GHA,,1997-07-15,,ÖSTERSUNDS FK,2017-2021,48,3,
2652,"KRAEMER, GEORG",Nej,SWE,KINNA,1925-06-20,2010-09-01,AIK,1945-1951,8,1,
2652,"KRAEMER, GEORG",Nej,SWE,KINNA,1925-06-20,2010-09-01,HAMMARBY IF,1955-1957,40,2,
8422,"KRAFTH, EMIL",Nej,SWE,,1994-08-02,,HELSINGBORGS IF,2012-2015,76,2,
8686,"KRALJ, ANTON",Nej,SWE,,1998-03-12,,DEGERFORS IF,2021-2022,33,0,
8686,"KRALJ, ANTON",Nej,SWE,,1998-03-12,,HAMMARBY IF,2023,11,0,
2658,"KRANTZ, FOLKE",Nej,SWE,,1916-09-21,1956-12-24,BILLINGSFORS IK,1947,6,1,
1374,"KRANTZ, GÖSTA",Nej,SWE,GUSTAF,1895-08-24,1968-03-22,VÄSTERÅS IK,1925,21,1,
5718,"KRANTZ, STEFAN",Nej,SWE,,1966-06-09,,ÖRGRYTE IS,1990,18,2,
4603,"KRANTZ, SVEN",Nej,SWE,,1956-08-04,1976-11-04,DJURGÅRDENS IF,1975-1976,13,2,
9929,"KRASNIQI, MERGIM",Ja,SWE,,1992-08-23,,ÖREBRO SK,2021,7,0,
5386,"KREIVI, LENNA",Nej,SWE,,1966-11-07,,GAIS,1988-1990,66,2,
9722,"KREZIC, DANIEL",Nej,SWE,,1996-05-03,,VARBERGS BOIS,2020-2021,10,2,
9722,"KREZIC, DANIEL",Nej,SWE,,1996-05-03,,DEGERFORS IF,2022,10,0,
9902,"KRICAK, IVAN",Nej,SER,,1996-07-19,,MJÄLLBY AIF,2021-2023,58,2,
6705,"KRISTAL, MARKO",Nej,EST,,1973-06-02,,IF ELFSBORG,1999,4,0,
3368,"KRISTENSSON, HANS",Ja,SWE,,1936-03-22,,HALMSTADS BK,1958-1959,33,0,"FR GETINGE, EV CHR"
3389,"KRISTENSSON, KARL-ERIK",Nej,SWE,TÖLÖ,1926-09-20,2009-06-16,ÖRGRYTE IS,1959-1960,21,2,ÖIS 48-60
4034,"KRISTENSSON, KRISTER",Nej,SWE,,1942-07-25,2023-01-28,MALMÖ FF,1963-1978,348,7,
1375,"KRISTIANSSON, JOHN",Nej,SWE,,1903-02-05,1966-09-14,IFK MALMÖ,1929-1932,86,2,
2669,"KRISTIANSSON, ÅKE",Nej,SWE,ÅLEN,1920-10-18,1994-05-29,IFK GÖTEBORG,1943-1946,53,25,VIRGO
6213,"KRISTIC, ALEXANDAR",Nej,JUG,,1970-10-05,,DEGERFORS IF,1995,7,0,SKV
6625,"KRISTINSSON, BIRKIR",Ja,ISL,,1964-08-15,,IFK NORRKÖPING,1998,3,0,
6245,"KRISTINSSON, RUNAR",Nej,ISL,,1969-09-05,,ÖRGRYTE IS,1995-1997,59,13,
8960,"KRISTINSSON, ÖGMUNDUR",Ja,IS,ÖMMI,1989-06-19,,HAMMARBY IF,2015-2017,61,0,
9184,"KRISTOFFERSEN, JULIAN",Nej,NOR,,1997-05-10,,DJURGÅRDENS IF,2017,3,0,
6885,"KRISTOFFERSSON, ANDREAS",Nej,SWE,"KÄRNA RAMM, SEN KÄRNFALK",1978-09-23,,PANOS LJUNGSKILE SK,2008,15,6,
2657,"KRISTOFFERSSON, JOHAN",Nej,SWE,,1918-12-27,2001-07-17,BILLINGSFORS IK,1947,14,1,
9018,"KRIZANOVSKI, ZLATAN",Nej,SWE,,1991-05-17,,FALKENBERGS FF,2016,19,2,
6331,"KROGDAL, MAGNUS",Nej,SWE,,1969-06-24,,IK ODDEVOLD,1996,26,1,
8949,"KROGSGÅRD, SNORRE",Nej,NOR,,1991-05-25,,HALMSTADS BK,2015,26,0,
4633,"KRONBERG, HÅKAN",Nej,SWE,,1956-03-06,,ÖSTERS IF,1976-1978,7,0,
3381,"KRONKVIST, KARL",Nej,SWE,,1931-11-10,1990-03-31,IFK NORRKÖPING,1955-1957,2,0,
6628,"KRONVALL, MATTIAS",Nej,SWE,,1977-04-25,,TRELLEBORGS FF,1998-2004,111,1,
1377,"KROOK, DOUGLAS",Nej,SWE,DÅAN,1897-07-01,1971-09-03,ÖRGRYTE IS,1925-1931,140,0,
1378,"KROOK, FOLKE",Nej,SWE,,1905-05-04,1971-04-12,IFK MALMÖ,1926-1930,7,2,
1926,"KROOK, SVEIJDE",Nej,SWE,,1914-08-06,1999-11-09,IFK GÖTEBORG,1935-1938,76,29,
9746,"KROON, GILLIS",Nej,SWE,,1911-05-16,1982-12-18,STATTENA IF,1930,1,0,NY I ST F EKELIN
1053,"KROON, KNUT",Nej,SWE,KNUTTE,1906-06-19,1975-02-27,HELSINGBORGS IF,1926-1942,269,139,
9880,"KROON, SAMUEL",Nej,SWE,,1996-11-28,,HALMSTADS BK,2021,22,2,
9880,"KROON, SAMUEL",Nej,SWE,,1996-11-28,,IF BROMMAPOJKARNA,2023,12,1,
8349,"KROON, SIMON",Nej,SWE,,1993-06-16,,MALMÖ FF,2011-2015,51,3,
8349,"KROON, SIMON",Nej,SWE,,1993-06-16,,ÖSTERSUNDS FK,2018-2021,37,5,
1496,"KRPIC, SULEJMAN",Nej,BIH,,1991-01-01,,AIK,2017,6,0,
1929,"KRUSBERG, GÖSTA",Ja,SWE,HUMMERN,1912-07-14,1988-07-17,IS HALMIA,1933-1934,30,0,
1935,"KRUSE, EINAR",Nej,SWE,,1910-03-11,1981-08-19,MALMÖ FF,1933,1,0,
8688,"KRUSNELL, OSCAR",Nej,SWE,,1999-02-17,,HAMMARBY IF,2017-2018,5,0,
7966,"KRUYS, RICK",Nej,NED,,1985-05-09,,MALMÖ FF,2008-2010,21,0,
7954,"KUBALA, MICHAL",Nej,SLK,,1980-06-12,,PANOS LJUNGSKILE SK,2008,6,0,
5893,"KUBISZTAL, MIROSLAW",Nej,POL,KUBA,1962-02-12,,ÖREBRO SK,1991-1997,148,58,
7168,"KUHI, HERISH",Nej,SWE,,1981-03-21,,ÖREBRO SK,2002-2004,49,8,
6513,"KUHN, ALLAN",Nej,DAN,,1968-03-02,,ÖRGRYTE IS,1997-2000,75,9,
7263,"KUIVASTO, TONI",Nej,FIN,,1975-12-31,,DJURGÅRDENS IF,2003-2009,165,6,
6995,"KUJOVIC, AJSEL",Nej,SWE,,1986-03-01,,HALMSTADS BK,2006-2009,64,7,
6995,"KUJOVIC, AJSEL",Nej,SWE,,1986-03-01,,ÅTVIDABERGS FF,2015,10,0,
7932,"KUJOVIC, EMIR",Nej,SWE,,1988-06-22,,HALMSTADS BK,2008-2010,75,14,
7932,"KUJOVIC, EMIR",Nej,SWE,,1988-06-22,,IFK NORRKÖPING,2013-2016,59,38,
7932,"KUJOVIC, EMIR",Nej,SWE,,1988-06-22,,DJURGÅRDENS IF,2019-2021,48,9,
5021,"KULLBERG, STEPHAN",Nej,SWE,,1959-01-10,,ÅTVIDABERGS FF,1978-1982,125,4,
5021,"KULLBERG, STEPHAN",Nej,SWE,,1959-01-10,,IFK GÖTEBORG,1983-1985,63,0,
5021,"KULLBERG, STEPHAN",Nej,SWE,,1959-01-10,,DJURGÅRDENS IF,1986-1991,115,4,
7290,"KULLINGER, OLLE",Nej,SWE,OLOF,1974-08-05,,HALMSTADS BK,2003-2004,20,5,
2692,"KULLMAN, GUNNAR",Nej,SWE,,1920-03-08,2000-03-17,IK SLEIPNER,1940-1941,27,0,
1938,"KULLMAN, STIG",Nej,SWE,,1914-11-23,1982-12-19,IFK NORRKÖPING,1937,11,2,
5000,"KULTANEN, PEKKA",Nej,FIN,,1956-07-23,,IFK SUNDSVALL,1979,24,1,
3359,"KUMMELSTEDT, GÖRAN",Nej,SWE,KARLSSON TID.,1937-07-07,2015-09-11,DEGERFORS IF,1956-1964,103,7,
3359,"KUMMELSTEDT, GÖRAN",Nej,SWE,KARLSSON TID.,1937-07-07,2015-09-11,ÖREBRO SK,1965-1971,126,20,
8461,"KUNIC, BESIM",Nej,SWE,,1986-02-13,,SYRIANSKA FC,2012-2013,23,1,
9925,"KUNST, DES",Nej,NED,,1999-10-12,,VARBERGS BOIS,2021-2022,21,0,
7914,"KURBJEGOVIC, ELMIN",Nej,SWE,,1987-06-03,,IF ELFSBORG,2008-2010,16,0,
7537,"KURTOVIC, EDIB",Nej,SWE,,1982-09-02,,GIF SUNDSVALL,2005,9,0,
9878,"KURTULUS, EDVIN",Nej,SWE/KOS,,2000-03-05,,HALMSTADS BK,2021,29,0,
9878,"KURTULUS, EDVIN",Nej,SWE/KOS,,2000-03-05,,HAMMARBY IF,2022-2023,54,2,
6702,"KUSI-ASARE, JONES",Nej,SWE/GHA,,1980-05-21,,DJURGÅRDENS IF,1999-2008,130,36,
6702,"KUSI-ASARE, JONES",Nej,SWE/GHA,,1980-05-21,,LANDSKRONA BoIS,2003-2004,33,7,
9287,"KUSU, MANASSE",Nej,SWE,,2001-12-22,,IFK NORRKÖPING,2019-2021,12,0,
6153,"KUZELJEVIC, MILAN",Nej,JUG,,1970-03-24,,VÄSTRA FRÖLUNDA IF,1994,2,0,
6563,"KUZEV, DIME",Nej,SWE,,1982-01-07,,ÖRGRYTE IS,2000-2001,3,0,
8212,"KUZMANOVIC, DANILO",Nej,SER,,1992-01-04,,DJURGÅRDENS IF,2010,1,0,
1933,"KVIST, EVERT",Nej,SWE,,1911-04-25,1987-06-21,HELSINGBORGS IF,1935,1,0,
2279,"KVIST, HOLGER",Nej,SWE,,1910-01-15,1999-04-10,SANDVIKENS IF,1930-1931,2,0,
4029,"KVIST, HÅKAN",Nej,SWE,,1944-09-15,,IFK HOLMSUND,1967,9,0,EJ HAN I SANDV IF=QVIST
1379,"KVIST, IVAR",Nej,SWE,,1901-01-21,1974-02-13,WESTERMALMS IF,1927-1929,25,9,DJURGÅRDSHOV 1928.32/33-
4036,"KVIST, LARS",Nej,SWE,,1941-03-16,,MALMÖ FF,1963,4,0,
1054,"KVIST, SVANTE",Nej,SWE,,1904-03-07,1999-08-23,LANDSKRONA BoIS,1926-1933,129,7,
1932,"KVIST, VERNER",Nej,SWE,,1914-03-14,1998-11-19,HELSINGBORGS IF,1933-1935,11,0,
8941,"KWAKWA, ENOCK",Nej,GHA,,1994-07-02,,FALKENBERGS FF,2015-2016,21,1,
7398,"KWEDI, PATRICE",Nej,KAM,,1983-09-30,,IFK GÖTEBORG,2004,3,0,
9288,"KÅHED, LUCAS",Nej,SWE,,2002-07-26,,IFK GÖTEBORG,2023,19,1,
5425,"KÅMARK, PONTUS",Nej,SWE,,1969-04-05,,IFK GÖTEBORG,1989-2002,168,4,
5425,"KÅMARK, PONTUS",Nej,SWE,,1969-04-05,,AIK,1999-2000,11,0,
8934,"KÄCK, ELLIOT",Nej,SWE,,1989-09-18,,DJURGÅRDENS IF,2015-2022,161,1,
5587,"KÄKÄLÄ, RAIMO",Nej,SWE,,1962-04-26,,VÄSTRA FRÖLUNDA IF,1987,16,6,
5587,"KÄKÄLÄ, RAIMO",Nej,SWE,,1962-04-26,,ÖRGRYTE IS,1988,16,1,
4631,"KÄLL, PETER",Nej,SWE,,1949-07-10,,ÖRGRYTE IS,1972,2,0,
1380,"KÄLL, SVEN",Nej,SWE,SKRÄDDARN,1897-12-30,1985-08-01,HAMMARBY IF,1925,8,0,
5015,"KÄLL, TOMMY",Nej,SWE,,1960-05-04,,VÄSTERÅS SK,1978,14,2,
5015,"KÄLL, TOMMY",Nej,SWE,,1960-05-04,,ÖSTERS IF,1983-1984,21,2,
5593,"KÄLLANDER, MAGNUS",Nej,SWE,JOHANSSON TID.,1969-02-06,,VÄSTRA FRÖLUNDA IF,1988-1995,117,10,
5593,"KÄLLANDER, MAGNUS",Nej,SWE,JOHANSSON TID.,1969-02-06,,ÖRGRYTE IS,1996-2009,244,17,
2666,"KÄLLÉN, ARNE",Nej,SWE,,1924-07-11,1998-04-28,IF ELFSBORG,1944-1948,42,9,
2664,"KÄLLÉN, SVEN",Nej,SWE,,1921-07-26,1990-03-27,DJURGÅRDENS IF,1946,5,0,
1940,"KÄLLGREN, FOLKE",Nej,SWE,,1916-06-22,1982-04-15,SANDVIKENS IF,1939-1940,21,4,
3380,"KÄLLGREN, HENRY",Nej,SWE,PUTTE,1931-03-13,2005-01-21,IFK NORRKÖPING,1950-1959,181,126,
1939,"KÄLLGREN, OLLE",Nej,SWE,OLOV PLÅTEN,1907-09-07,1983-04-13,SANDVIKENS IF,1933-1943,218,14,
4630,"KÄLLKVIST, YNGVE",Ja,SWE,,1949-01-16,2023-11-25,ÖRGRYTE IS,1971-1981,119,0,
6676,"KÄLLQVIST, CHRISTOFFER",Ja,SWE,,1983-08-26,,BK HÄCKEN,2001-2019,248,0,
4006,"KÄLLSTRÖM, BENGT",Nej,SWE,PUTTE,1944-05-23,,IK BRAGE,1966,11,0,
1916,"KÄLLSTRÖM, ERIK",Nej,SWE,JÄRNBACKEN,1908-03-05,1997-01-16,IF ELFSBORG,1930-1941,191,6,FD YMER
5319,"KÄLLSTRÖM, JONAS",Nej,SWE,,1963-09-23,,IK BRAGE,1987-1993,98,6,
6577,"KÄLLSTRÖM, KIM",Nej,SWE,,1982-08-24,,BK HÄCKEN,2000-2001,47,10,
6577,"KÄLLSTRÖM, KIM",Nej,SWE,,1982-08-24,,DJURGÅRDENS IF,2002-2017,76,29,
5104,"KÄLLSTRÖM, MIKAEL",Nej,SWE,,1959-02-26,,GEFLE IF,1984,22,1,
5104,"KÄLLSTRÖM, MIKAEL",Nej,SWE,,1959-02-26,,BK HÄCKEN,1993-1994,35,7,
3366,"KÄLLSTRÖM, ROLF",Nej,SWE,UFFEN,1927-10-06,1983-10-22,IFK GÖTEBORG,1950-1952,14,1,
4596,"KÄLLSTRÖM, TOM",Nej,FIN,,1954-01-23,,AIK,1976-1978,35,1,
5027,"KÄLLUM, ULF",Nej,SWE,,1956-04-11,,ÅTVIDABERGS FF,1978-1980,33,0,
3363,"KÄMPENDAHL, GUNNAR",Nej,SWE,,1937-01-27,2020-12-26,GAIS,1959,20,0,
5392,"KÖHL, ULF",Nej,SWE,,1960-07-12,,IF ELFSBORG,1987,21,8,
5392,"KÖHL, ULF",Nej,SWE,,1960-07-12,,GAIS,1988-1990,48,6,
3354,"KÖHLSTRÖM, GÖSTA",Ja,SWE,KÖLAS,1927-02-24,1990-07-31,AIK,1955-1958,27,0,
5971,"L'ABBÉ, HERNANDO",Nej,SWE/C,,1970-02-13,,AIK,1993,1,0,SV MEDB 1992
3854,"LA FLEUR, BO",Nej,SWE,,1943-07-05,2016-11-15,IFK NORRKÖPING,1965-1970,85,1,
9607,"LACI, MERGIM",Nej,SWE,,1998-04-02,,FALKENBERGS FF,2019,1,0,
9594,"LACKELL, JACOB",Nej,SWE,,2001-07-05,,ATHLETIC FC ESKILSTU,2019,4,0,
6685,"LAGEMYR, FREDRIK",Nej,SWE,FIGGE,1983-12-13,,BK HÄCKEN,2000-2001,9,0,
1959,"LAGER, ERIK",Nej,SWE,,1907-05-24,1988-09-05,IF ELFSBORG,1930-1938,159,0,"29? 1-0, FD YMER"
1959,"LAGER, ERIK",Nej,SWE,,1907-05-24,1988-09-05,REDBERGSLIDS IK,1931,22,0,
1064,"LAGER, EVERT",Nej,SWE,PEVE,1907-07-15,1964-09-18,IFK NORRKÖPING,1927-1937,97,53,
1064,"LAGER, EVERT",Nej,SWE,PEVE,1907-07-15,1964-09-18,ÖRGRYTE IS,1931,19,4,
4651,"LAGER, KJELL",Nej,SWE,,1949-03-04,,IFK GÖTEBORG,1970,2,0,EM RYSSLAND
5536,"LAGER, PER",Nej,SWE,,1964-05-13,,IFK NORRKÖPING,1986,1,0,
9289,"LAGERBIELKE, GUSTAF",Nej,SWE,,2000-04-10,,IF ELFSBORG,2021-2023,24,2,
9289,"LAGERBIELKE, GUSTAF",Nej,SWE,,2000-04-10,,DEGERFORS IF,2022,14,3,
1949,"LAGERKRANTZ, FLOYD",Nej,SWE,,1915-01-09,1977-10-04,AIK,1938-1939,33,20,
4082,"LAGERLUND, BO",Nej,SWE,BOBBEN,1944-01-29,,IFK NORRKÖPING,1962-1965,49,3,
9533,"LAGERLUND, SEBASTIAN",Nej,SWE,,2002-09-14,,BK HÄCKEN,2021-2022,2,0,
5669,"LAGERLÖF, THOMAS",Nej,SWE,TOLLE,1971-11-15,,AIK,1990-2001,208,15,
5669,"LAGERLÖF, THOMAS",Nej,SWE,TOLLE,1971-11-15,,IF BROMMAPOJKARNA,2007,21,2,
7694,"LAGO, ALEJANDRO",Nej,URU,,1979-06-28,,IFK GÖTEBORG,2006,12,2,EDUARDO A.LAGO CORREA
9884,"LAHDO, MAYCKEL",Nej,SWE,,2002-12-30,,HAMMARBY IF,2021-2022,17,1,
9110,"LAHNE, JACK",Nej,SWE,,2001-10-24,,IF BROMMAPOJKARNA,2018,19,4,
9110,"LAHNE, JACK",Nej,SWE,,2001-10-24,,AIK,2019,9,1,
9110,"LAHNE, JACK",Nej,SWE,,2001-10-24,,ÖREBRO SK,2020,10,0,
7056,"LAI, VALENTINO",Nej,SWE,,1984-02-03,,LANDSKRONA BoIS,2005,4,0,
7337,"LAITINEN, HARIS",Nej,SWE,,1984-12-05,,HAMMARBY IF,2004-2009,88,3,
0529,"LAJSIC, MARCO",Nej,SWE,,1970-11-14,,BK HÄCKEN,1993-1994,43,1,
5092,"LAKHALL, PETER",Nej,SWE,,1959-05-26,,IF ELFSBORG,1984,2,0,
8982,"LAMEIRAS, RUBEN",Nej,POR,,1994-12-22,,ÅTVIDABERGS FF,2015,11,0,
3438,"LANDBERG, GÖRAN",Nej,SWE,LAMPA,1929-08-24,2007-08-05,IFK NORRKÖPING,1950,3,0,
5729,"LANDBERG, STEFAN",Nej,SWE,LAMPAN,1970-05-05,,ÖSTERS IF,1990-1994,102,18,
5729,"LANDBERG, STEFAN",Nej,SWE,LAMPAN,1970-05-05,,IFK GÖTEBORG,1995-2000,106,5,
1969,"LANDBERG, TURE",Nej,SWE,MASEN,1912-07-11,1993-10-14,GEFLE IF,1935,1,0,
3446,LANDBLOM,Nej,SWE,KARL-ÅKE KÅL,1934-03-02,,SANDVIKENS IF,1957-1959,5,0,
5213,"LANDELL, LARS",Nej,SWE,,1958-04-17,,IFK SUNDSVALL,1980-1981,4,0,
7364,"LANDGREN, ANDREAS",Nej,SWE,,1989-03-17,,HELSINGBORGS IF,2006-2022,122,5,
7364,"LANDGREN, ANDREAS",Nej,SWE,,1989-03-17,,HALMSTADS BK,2013,27,2,
5446,"LANDGREN, SVEN-ÅKE",Nej,SWE,,1958-10-28,,HALMSTADS BK,1987-1989,35,2,
4059,"LANDHAGE, OVE",Nej,SWE,,1944-11-23,2019-09-04,GAIS,1964,3,1,
1398,"LANDIN, STURE/CF",Ja,SWE,LANKAS,1900-02-11,1965-02-04,IFK MALMÖ,1925-1926,42,1,
4053,"LANDKVIST, FRANK",Nej,SWE,,1934-10-02,1983-01-07,DEGERFORS IF,1961,4,0,
1401,"LANDSTRÖM, VALTER",Nej,SWE,KLIPPAN,1901-12-06,1983-06-05,IFK NORRKÖPING,1925-1930,110,0,
9034,"LANGE, JESPER",Nej,DAN,,1986-01-11,,HELSINGBORGS IF,2016,9,0,
0536,"LANGEMAR, PETER",Nej,SWE,SLANGEN,1974-02-04,,DJURGÅRDENS IF,1995-1996,20,2,
9059,"LANGER, MICHAEL",Ja,AUT,,1985-01-06,,IFK NORRKÖPING,2016-2017,28,0,
9534,"LANGWAGEN, ERIK",Nej,SWE,,2003-08-10,,IK SIRIUS,2020,1,0,
5322,"LANNERBRO, ANDERZ",Nej,SWE,,1966-07-25,,IK BRAGE,1987-1988,5,0,
7648,"LANS, ANTON",Nej,SWE,,1991-04-17,,IF ELFSBORG,2010-2015,24,1,
7648,"LANS, ANTON",Nej,SWE,,1991-04-17,,GEFLE IF,2016,14,0,
5485,"LANSDOWNE, BILLY",Nej,ENG,,1959-04-28,,KALMAR FF,1984-1986,59,13,EG WILLIAM
5445,"LANSING, THOMAS",Ja,SWE,,1967-07-03,,HALMSTADS BK,1987,6,0,
7345,"LANTTO, JONAS",Nej,SWE,,1987-05-22,,GEFLE IF,2007-2016,274,27,
3423,"LANTZ, ARNE",Nej,SWE,,1926-11-05,,JÖNKÖPINGS SÖDRA IF,1950,1,0,
1997,"LANTZ, GÖSTA",Nej,SWE,PUTTE,1911-06-04,1992-11-20,IK SLEIPNER,1936,2,0,
7141,"LANTZ, JOACHIM",Nej,SWE,,1977-05-10,,KALMAR FF,2002-2010,159,2,
7141,"LANTZ, JOACHIM",Nej,SWE,,1977-05-10,,MJÄLLBY AIF,2011,12,0,
5845,"LANTZ, MARCUS",Nej,SWE,,1975-10-23,,HELSINGBORGS IF,1994-2010,168,16,
4073,"LANTZ, ULF",Nej,SWE,,1946-03-20,,JÖNKÖPINGS SÖDRA IF,1969,15,1,FR BOTTNARYD
5873,"LAPPAS, TINOS",Nej,SWE/GRE,,1969-05-10,,GAIS,1992,15,0,EG KONSTANTINOS
5873,"LAPPAS, TINOS",Nej,SWE/GRE,,1969-05-10,,VÄSTRA FRÖLUNDA IF,1998,5,0,
5466,"LARENIUS, BO",Nej,SWE,,1962-09-12,,HAMMARBY IF,1987-1990,55,2,
1948,"LARNER, PER",Nej,SWE,KARLSSON TID.,1911-11-03,1977-04-05,IFK ESKILSTUNA,1932-1936,6,1,
1948,"LARNER, PER",Nej,SWE,KARLSSON TID.,1911-11-03,1977-04-05,IK SLEIPNER,1932,2,0,
1948,"LARNER, PER",Nej,SWE,KARLSSON TID.,1911-11-03,1977-04-05,DJURGÅRDENS IF,1937,11,10,
1948,"LARNER, PER",Nej,SWE,KARLSSON TID.,1911-11-03,1977-04-05,AIK,1942,8,4,
9464,"LARSEN, KASPER",Nej,DAN,,1993-01-25,,IFK NORRKÖPING,2018-2019,30,2,
7714,"LARSEN, KIM",Nej,NOR,,1976-09-07,,KALMAR FF,2006,9,1,
7305,"LARSEN, LARS",Nej,DAN,,1970-12-06,,ÖREBRO SK,2003-2007,73,13,
7394,"LARSEN, SÖREN",Nej,DAN,,1981-09-06,,DJURGÅRDENS IF,2004-2005,13,10,
9226,"LARSON, KARL",Nej,SWE,,1991-09-16,,IK SIRIUS,2017-2022,135,5,
9777,"LARSSON, ALEXANDER",Nej,SWE,,2004-01-14,,GIF SUNDSVALL,2022,13,0,
4092,"LARSSON, ALLAN",Nej,SWE,,1938-05-16,2019-01-29,ÖRGRYTE IS,1962-1967,29,0,SEN GAIK 70
3447,"LARSSON, ANDERS",Nej,SWE,,1928-11-08,2012-12-26,SANDVIKENS IF,1959,7,0,FR SKELL AIK
3401,"LARSSON, ARNE",Nej,SWE,,1931-04-27,2011-11-03,DJURGÅRDENS IF,1951-1955,42,0,
3417,"LARSSON, ARNE",Nej,SWE,,1934-12-30,1994-04-26,HAMMARBY IF,1959-1965,116,3,
3451,"LARSSON, BENGT",Nej,SWE,NORA,1929-06-20,1985-08-24,ÖREBRO SK,1951,2,0,
4085,"LARSSON, BERRY",Nej,SWE,,1946-12-26,,ÖRGRYTE IS,1968-1973,88,8,
4085,"LARSSON, BERRY",Nej,SWE,,1946-12-26,,IFK SUNDSVALL,1976,22,4,
2737,"LARSSON, BERTIL",Nej,SWE,,1917-11-26,2007-12-22,LUDVIKA FFI,1945,19,3,
2738,"LARSSON, BERTIL-HY",Nej,SWE,,1926-05-04,2006-01-06,MALMÖ FF,1946-1954,4,1,
4076,"LARSSON, BO",Nej,SWE,,1944-05-05,2023-12-18,MALMÖ FF,1962-1979,307,120,
4669,"LARSSON, BO",Nej,SWE,OBALL,1956-04-29,,IFK NORRKÖPING,1976-1980,23,0,
4686,"LARSSON, BO-LEINE",Nej,SWE,,1949-03-08,,ÖRGRYTE IS,1970-1971,8,2,
1419,"LARSSON, BROR",Nej,SWE,,1903-09-12,1963-08-13,STATTENA IF,1928,1,0,
1411,"LARSSON, CARL",Nej,SWE,MYRAN MYHRAN,1903-06-13,1980-04-12,VÄSTERÅS IK,1925,21,4,
0528,"LARSSON, CHRISTER",Nej,SWE,,1969-10-18,,GIF SUNDSVALL,2000,12,0,
5365,"LARSSON, CHRISTER",Nej,SWE,,1966-09-05,,IF ELFSBORG,1984-1987,49,4,
5365,"LARSSON, CHRISTER",Nej,SWE,,1966-09-05,,ÖRGRYTE IS,1989-1990,33,0,
5204,"LARSSON, DAN",Nej,SWE,,1958-09-30,,IFK NORRKÖPING,1984-1985,26,0,
6035,"LARSSON, DAN",Ja,SWE,,1964-01-24,,ÖREBRO SK,1993,9,0,
6035,"LARSSON, DAN",Ja,SWE,,1964-01-24,,DEGERFORS IF,1994-1995,32,0,
7093,"LARSSON, DANIEL",Nej,SWE,,1987-01-25,,BK HÄCKEN,2005-2006,22,2,
7093,"LARSSON, DANIEL",Nej,SWE,,1987-01-25,,MALMÖ FF,2009-2012,113,31,
7656,"LARSSON, ERIC",Nej,SWE,,1991-07-15,,GEFLE IF,2010-2012,36,1,
7656,"LARSSON, ERIC",Nej,SWE,,1991-07-15,,GIF SUNDSVALL,2015-2017,81,4,
7656,"LARSSON, ERIC",Nej,SWE,,1991-07-15,,MALMÖ FF,2018-2022,116,5,
1393,"LARSSON, ERIK",Nej,SWE,BURRET,1905-01-18,1970-03-08,HAMMARBY IF,1925,10,1,
1978,"LARSSON, ERIK",Nej,SWE,,,,IFK GÖTEBORG,1932-1933,4,0,VY I HAGA IF
1979,"LARSSON, ERIK",Nej,SWE,,1917-02-26,2011-07-24,HALLSTAHAMMARS SK,1939,1,1,
2280,"LARSSON, ERIK",Nej,SWE,,1904-11-04,1966-12-07,IFK MALMÖ,1932,1,0,
1971,"LARSSON, FOLKE",Nej,SWE,,1915-08-22,1995-11-25,GÅRDA BK,1937-1938,34,11,
1971,"LARSSON, FOLKE",Nej,SWE,,1915-08-22,1995-11-25,IFK GÖTEBORG,1940-1948,158,12,
2744,"LARSSON, FRANS",Nej,SWE,,1919-12-19,1949-01-27,REYMERSHOLMS IK,1942,4,1,
5940,"LARSSON, FREDRIK",Ja,SWE,,1976-08-05,,HELSINGBORGS IF,2001-2003,35,0,
3430,"LARSSON, GERT",Nej,SWE,LUDDE,1935-08-13,2015-04-28,IFK MALMÖ,1957-1958,5,0,
2695,"LARSSON, GUNNAR",Nej,SWE,,1922-04-11,1984-12-06,AIK,1941-1942,6,1,CF FR STURE
1980,"LARSSON, GÖSTA",Nej,SWE,,1910-10-09,1995-07-23,IS HALMIA,1934,6,0,
4080,"LARSSON, HANS",Nej,SWE,,1947-05-05,2013-05-05,IFK NORRKÖPING,1967-1974,148,17,
4080,"LARSSON, HANS",Nej,SWE,,1947-05-05,2013-05-05,IFK SUNDSVALL,1976-1977,52,3,
5194,"LARSSON, HANS",Nej,SWE,,1962-02-19,,MJÄLLBY AIF,1983-1985,35,3,
1962,"LARSSON, HELGE",Nej,SWE,JACOB,1908-08-18,1988-02-15,GAIS,1934,2,2,FR JONSERED
5927,"LARSSON, HENRIK",Nej,SWE,HENKE,1971-09-20,,HELSINGBORGS IF,1993-2009,109,54,
6500,"LARSSON, HENRIK",Nej,SWE,,1975-05-16,,VÄSTERÅS SK,1997,14,0,
2714,"LARSSON, HENRY",Nej,SWE,,1924-08-28,2015-10-30,IFK GÖTEBORG,1944-1954,158,4,"IK STANDARET, SKOGEN"
3402,"LARSSON, HENRY",Nej,SWE,,1934-02-26,2022-10-09,IF ELFSBORG,1953-1968,217,80,221010 ENL SKV
9762,"LARSSON, HUGO",Nej,SWE,,2004-06-27,,MALMÖ FF,2022-2023,39,3,
4672,"LARSSON, HÅKAN",Nej,SWE,KALLE,1945-09-26,,IK SIRIUS,1973-1974,52,3,FR CITY
4995,"LARSSON, HÅKAN",Nej,SWE,RÅING,1955-02-15,,IFK NORRKÖPING,1978-1981,55,1,
6159,"LARSSON, JAKE",Nej,SWE,,1999-01-09,,ÖREBRO SK,2019-2021,70,11,
6112,"LARSSON, JENS",Nej,SWE,,1973-08-09,,HAMMARBY IF,1994,1,0,
1407,"LARSSON, JOHAN",Nej,SWE,,1900-06-04,1988-12-02,IFK UDDEVALLA,1926,2,0,ENL UDDEV 000605
8199,"LARSSON, JOHAN",Nej,SWE,,1990-05-05,,IF ELFSBORG,2010-2023,257,39,
1409,"LARSSON, JOHN",Nej,SWE,,1909-09-18,1971-02-09,IFK UDDEVALLA,1926-1927,5,2,
5900,"LARSSON, JONAS",Ja,SWE,,1969-07-23,,ÖREBRO SK,1992,1,0,
8693,"LARSSON, JORDAN",Nej,SWE,,1997-06-20,,HELSINGBORGS IF,2014-2016,61,10,
8693,"LARSSON, JORDAN",Nej,SWE,,1997-06-20,,IFK NORRKÖPING,2018-2019,42,12,
8693,"LARSSON, JORDAN",Nej,SWE,,1997-06-20,,AIK,2022,11,3,
2726,"LARSSON, KARL",Nej,SWE,,1916-05-07,1987-02-04,HELSINGBORGS IF,1940-1945,55,0,
4061,"LARSSON, KARL-HENRIK",Nej,SWE,KARLA,1947-11-23,1983-09-12,IFK GÖTEBORG,1968,8,2,
4061,"LARSSON, KARL-HENRIK",Nej,SWE,KARLA,1947-11-23,1983-09-12,HAMMARBY IF,1972-1973,20,0,
4655,"LARSSON, KENNETH",Nej,SWE,,1944-08-28,,HALMSTADS BK,1972,2,0,
4069,"LARSSON, KJELL",Nej,SWE,,1932-12-23,2010-05-27,HÖGADALS IS,1962,22,1,
5206,"LARSSON, KJELL",Nej,SWE,,1958-03-10,,IFK NORRKÖPING,1984,7,1,
2727,"LARSSON, KLAS",Nej,SWE,,1914-11-20,1997-03-19,HELSINGBORGS IF,1941-1942,4,0,FR HÖGANÄS 39
3391,"LARSSON, LARS",Nej,SWE,,1929-05-07,1997-07-17,AIK,1951-1954,29,2,FR HBK
3398,"LARSSON, LARS",Nej,SWE,,1923-06-28,2010-01-24,DEGERFORS IF,1951-1956,108,9,FR KRISTINEHAMN
5496,"LARSSON, LARS",Nej,SWE,TARZAN,1962-03-16,2015-03-08,MALMÖ FF,1982-1991,97,52,
5496,"LARSSON, LARS",Nej,SWE,TARZAN,1962-03-16,2015-03-08,TRELLEBORGS FF,1992,2,0,
4653,"LARSSON, LARS-ERIK",Nej,SWE,SVÄNGSTA,1950-08-23,,HALMSTADS BK,1972-1978,126,24,
4673,"LARSSON, LARS-ERIK",Ja,SWE,,1953-01-18,2018-02-20,IK SIRIUS,1973-1974,6,0,"FR GUSK 70,EV SUNNERSTA80"
2709,"LARSSON, LEIF",Nej,SWE,SOTARN,1921-12-10,1975-09-08,IFK GÖTEBORG,1940-1945,95,76,
2709,"LARSSON, LEIF",Nej,SWE,SOTARN,1921-12-10,1975-09-08,GAIS,1947-1950,49,31,
4650,"LARSSON, LEIF",Nej,SWE,,1953-01-15,,GAIS,1975,11,0,
4078,"LARSSON, LENNART",Nej,SWE,KÄMPE,1940-12-12,1993-03-18,MALMÖ FF,1961,2,0,FR TRELLEBORG
4654,"LARSSON, LENNART",Nej,SWE,LIE,1953-07-09,,HALMSTADS BK,1976-1982,104,27,
2728,"LARSSON, LESTER",Nej,SWE,,1922-11-13,2004-10-17,HELSINGBORGS IF,1940-1941,8,0,
6639,"LARSSON, MAGNUS",Nej,SWE,,1979-09-01,,VÄSTRA FRÖLUNDA IF,1998-1999,6,0,
2281,"LARSSON, MALTE",Nej,SWE,,1909-03-26,1987-08-29,IFK MALMÖ,1931-1932,26,3,SEN KARLSHAMNS FF
6294,"LARSSON, MARTIN",Nej,SWE,,1979-08-20,,MALMÖ FF,1999,1,0,
2282,"LARSSON, MARTIN",Ja,SWE,,1908-06-12,1993-06-02,HALLSTAHAMMARS SK,1932,19,0,
6609,"LARSSON, MATHIAS",Nej,SWE,,1972-12-01,,BK HÄCKEN,1998,26,7,
6609,"LARSSON, MATHIAS",Nej,SWE,,1972-12-01,,GAIS,2000,12,1,
6713,"LARSSON, MATS",Nej,SWE,,1975-03-15,,HAMMARBY IF,1999-2000,6,0,
3448,"LARSSON, MATTS",Nej,SWE,,1938-05-14,2021-02-01,SANDVIKENS IF,1957-1958,32,0,IFK ESK 59
5152,"LARSSON, MIKAEL",Nej,SWE,,1962-07-06,,KALMAR FF,1980-1981,4,0,
6337,"LARSSON, MIKAEL",Nej,SWE,BULLARN,1975-02-05,,IK ODDEVOLD,1996,16,1,
6337,"LARSSON, MIKAEL",Nej,SWE,BULLARN,1975-02-05,,BK HÄCKEN,1998,6,0,
6504,"LARSSON, NIKLAS",Nej,SWE,HEPLINGER,1974-02-07,,VÄSTERÅS SK,1997,7,1,
1414,"LARSSON, NILS",Nej,SWE,SKOTTLAND,1897-03-22,1965-08-11,ÖRGRYTE IS,1925-1927,11,0,
6268,"LARSSON, OLA",Nej,SWE,,1977-09-19,,TRELLEBORGS FF,2000-2001,35,1,
4649,"LARSSON, OSBORN",Nej,SWE,,1951-05-30,,GAIS,1974-1975,52,0,KUNGSHAMN 1983
0525,"LARSSON, PATRIK",Nej,SWE,TORA,1971-03-22,,VÄSTERÅS SK,1997,25,1,
5908,"LARSSON, PATRIK",Nej,SWE,,1970-12-21,,TRELLEBORGS FF,1992-2000,136,10,
4646,"LARSSON, PEDER",Nej,SWE,,1955-02-19,,IF ELFSBORG,1976-1979,2,0,
2749,"LARSSON, PER-OLOF",Nej,SWE,PEO,1924-11-30,2008-04-22,ÖREBRO SK,1949-1952,29,13,
2746,"LARSSON, PER-UNO",Ja,SWE,,1922-05-17,1989-10-07,SANDVIKENS IF,1942,5,0,
5402,"LARSSON, PETER",Nej,SWE,SLUGGO,1961-03-08,,HALMSTADS BK,1982-1983,44,6,
5402,"LARSSON, PETER",Nej,SWE,SLUGGO,1961-03-08,,IFK GÖTEBORG,1984-1987,86,8,
5402,"LARSSON, PETER",Nej,SWE,SLUGGO,1961-03-08,,AIK,1991-1993,76,0,
6344,"LARSSON, PETER",Nej,SWE,,1972-05-02,,IK ODDEVOLD,1996,11,2,
7338,"LARSSON, PETER",Nej,SWE,,1984-04-30,,HALMSTADS BK,2004-2008,80,6,
7338,"LARSSON, PETER",Nej,SWE,,1984-04-30,,HELSINGBORGS IF,2011-2016,118,9,
1951,"LARSSON, RAGNAR",Nej,SWE,,1914-10-15,2008-03-10,IK BRAGE,1939,1,1,
2708,"LARSSON, RAGNAR",Nej,SWE,,1916-10-02,2008-10-03,IFK ESKILSTUNA,1943,20,5,
2748,"LARSSON, RAGNAR",Nej,SWE,SPARLÅGAN,1921-10-18,1989-11-03,ÖREBRO SK,1947-1953,87,4,FR MEDÅKERS IK 1946
5894,"LARSSON, RICHARD",Nej,SWE,,1972-04-09,,ÖREBRO SK,1991-1992,26,0,
5894,"LARSSON, RICHARD",Nej,SWE,,1972-04-09,,DEGERFORS IF,1997,11,1,
1394,"LARSSON, RIKARD",Nej,SWE,ERIK,1901-05-18,1981-06-27,HAMMARBY IF,1925,1,1,
2715,"LARSSON, ROLF",Nej,SWE,,1925-07-14,2002-01-25,IFK GÖTEBORG,1949,6,2,ÄV MÖLNDAL
3399,"LARSSON, ROLF",Nej,SWE,,1936-12-28,2021-07-16,DEGERFORS IF,1956,1,0,
3414,"LARSSON, ROLF",Nej,SWE,,1934-02-06,1992-02-10,HALMSTADS BK,1958-1959,23,4,FR HÄCKEN 56
4634,"LARSSON, ROLF",Nej,SWE,,1957-04-27,2012-04-03,AIK,1977-1978,6,0,
4640,"LARSSON, RONNY",Nej,SWE,,1949-10-02,,ÖREBRO SK,1974,5,2,
4640,"LARSSON, RONNY",Nej,SWE,,1949-10-02,,BK DERBY,1977,8,1,
3392,"LARSSON, RUNE",Nej,SWE,,1927-07-17,2014-08-15,AIK,1950-1953,33,7,
3392,"LARSSON, RUNE",Nej,SWE,,1927-07-17,2014-08-15,HAMMARBY IF,1955-1957,60,16,
1625,"LARSSON, SAM",Nej,SWE,,1993-04-10,,IFK GÖTEBORG,2012-2014,49,6,
6934,"LARSSON, SEBASTIAN",Nej,SWE,BISSEN,1985-06-06,,AIK,2018-2023,123,21,
4647,"LARSSON, STEFAN",Nej,SWE,LINUS,1959-05-14,,IF ELFSBORG,1977-1987,165,37,
4963,"LARSSON, STEFAN",Nej,SWE,,1953-10-05,,HALMSTADS BK,1979-1980,45,7,
4963,"LARSSON, STEFAN",Nej,SWE,,1953-10-05,,ÖSTERS IF,1981,17,1,
7445,"LARSSON, STEFAN",Nej,SWE,,1983-01-21,,KALMAR FF,2007-2017,183,5,
7445,"LARSSON, STEFAN",Nej,SWE,,1983-01-21,,IF ELFSBORG,2012-2013,20,0,
2718,"LARSSON, STIG",Nej,SWE,,1916-05-18,1973-02-11,IS HALMIA,1944,4,0,
2703,"LARSSON, STIG",Ja,SWE,,1927-10-20,2008-10-29,IF ELFSBORG,1948,4,0,"FR TIDAHOLM, SKÖVDE"
2283,"LARSSON, STURE",Nej,SWE,,1905-09-05,1982-11-26,IFK MALMÖ,1932,21,5,
2701,"LARSSON, STURE",Nej,SWE,STUBBEN,1919-12-14,2003-04-27,DJURGÅRDENS IF,1946-1948,37,12,"SVALAN"""""
4668,"LARSSON, SVANTE",Nej,SWE,,1955-05-23,,IFK NORRKÖPING,1976-1977,28,5,
2698,"LARSSON, SVEN",Nej,SWE,"SKYTTEN""KORSNÄ",1920-03-18,2006-11-23,IK BRAGE,1944,10,0,FR KORSNÄS
4057,"LARSSON, SVEN-ERIK",Nej,SWE,,1945-01-10,,IFK ESKILSTUNA,1964,1,0,KÖPINGS IS 69
4087,"LARSSON, SVEN-GUNNAR",Ja,SWE,,1940-05-10,,ÖREBRO SK,1962-1975,274,0,BK KENTY
2704,"LARSSON, SVEN-OLOF",Nej,SWE,,1922-09-26,2011-07-07,IF ELFSBORG,1947,3,0,
4685,"LARSSON, THOMAS",Nej,SWE,POLLETTEN,1955-01-20,,ÖRGRYTE IS,1975-1987,90,34,
1408,"LARSSON, THURE",Nej,SWE,,1904-07-04,1980-09-14,IFK UDDEVALLA,1926,2,0,
4077,"LARSSON, TOMMY",Nej,SWE,,1951-09-07,2020-12-22,MALMÖ FF,1969-1978,133,26,
4077,"LARSSON, TOMMY",Nej,SWE,,1951-09-07,2020-12-22,LANDSKRONA BoIS,1979-1980,43,1,
1977,"LARSSON, TORILD",Nej,SWE,,1908-01-05,1975-05-21,IFK GÖTEBORG,1930-1934,71,0,
2702,"LARSSON, URBAN",Nej,SWE,,1921-02-08,1985-09-30,IF ELFSBORG,1948-1954,141,7,
1995,"LARSSON, WALDEMAR",Nej,SWE,LIMME,1907-06-25,1987-12-27,IK SLEIPNER,1932-1937,107,0,
2741,"LARSSON, ÅKE",Nej,SWE,,1918-02-14,1978-06-07,IFK NORRKÖPING,1941,1,0,
3429,"LARSSON, ÅKE",Nej,SWE,,1931-09-07,2017-04-25,MALMÖ FF,1953-1959,111,2,
4068,"LARSSON, ÅKE",Nej,SWE,,1943-01-22,,HELSINGBORGS IF,1961-1963,9,0,SEN GUNNARSTORP
9605,"LASSAGÅRD, JOHAN",Nej,SWE,,1994-06-22,,FALKENBERGS FF,2019,1,0,
0722,"LAST, DICK",Ja,SWE,,1969-02-03,,IFK GÖTEBORG,1992-1998,24,0,
0722,"LAST, DICK",Ja,SWE,,1969-02-03,,IFK NORRKÖPING,1996-1997,49,0,
0722,"LAST, DICK",Ja,SWE,,1969-02-03,,ÖRGRYTE IS,2000-2006,154,0,
9632,"LAURITSEN, RASMUS",Nej,DAN,,1996-02-27,,IFK NORRKÖPING,2019-2020,48,11,
7423,"LAURSEN, JOHAN",Nej,SWE,,1980-06-30,,TRELLEBORGS FF,2004,17,1,
7396,"LAWAL, GARBA",Nej,NIG,,1974-05-22,,IF ELFSBORG,2004,12,0,
7344,"LAWAN, RAWEZ",Nej,SWE,,1987-10-04,,MALMÖ FF,2005-2006,7,0,
7344,"LAWAN, RAWEZ",Nej,SWE,,1987-10-04,,IFK NORRKÖPING,2013-2015,57,4,
7344,"LAWAN, RAWEZ",Nej,SWE,,1987-10-04,,DALKURD FF,2018,21,1,
9727,"LE ROUX, LUKE",Nej,RSA,,2000-03-10,,VARBERGS BOIS,2020-2023,90,3,
8653,"LEACH HOLM, SAMUEL",Nej,SWE,,1997-10-09,,IF BROMMAPOJKARNA,2023,27,1,HOLM
1947,"LEANDER, BÖRJE",Nej,SWE,,1918-03-07,2003-10-30,AIK,1939-1953,249,25,
6808,"LEANDERSSON, WILLIAM",Nej,SWE,,1984-01-09,,MJÄLLBY AIF,2010-2012,71,0,
7816,LEANDRO CASTAN,Nej,BRA/ITA,LEANDRO CASTAN DA SILVA,1986-11-05,,HELSINGBORGS IF,2007,4,0,
4636,"LEBACK, BÖRJE",Nej,SWE,,1948-09-10,,AIK,1971-1978,166,24,
4635,"LEBACK, YNGVE",Nej,SWE,,1948-09-10,,AIK,1971-1978,196,57,
5983,"LEBEDEV, ANDREI",Nej,RYS,,1963-01-02,,IK BRAGE,1993,6,0,
8515,"LEBEDYNSKI, NIKOLAJ",Nej,POL,,1990-10-14,,BK HÄCKEN,2013,8,1,
5476,"LEFVERT, MAGNUS",Nej,SWE,,1966-08-31,,HAMMARBY IF,1988-1995,62,3,
6389,"LEINAR, DAVID",Nej,SWE,,1979-11-12,,PANOS LJUNGSKILE SK,2008,28,0,
6389,"LEINAR, DAVID",Nej,SWE,,1979-11-12,,ÖRGRYTE IS,2009,25,2,
8021,"LEINO, DANIEL",Nej,SWE,,1991-08-29,,GEFLE IF,2009,2,0,
5075,"LEINONEN, MIKA",Nej,SWE,,1957-10-05,2018-03-01,DJURGÅRDENS IF,1980-1981,30,0,FR BP
8696,"LEKSELL, ALEXANDER",Nej,SWE,,1997-02-14,,IFK GÖTEBORG,2016,1,0,
5878,"LEKSELL, FREDRIK",Nej,SWE,,1971-02-16,,IFK GÖTEBORG,1991-1994,27,8,
7699,"LEKSTRÖM, BENNY",Ja,SWE,,1981-02-19,,HAMMARBY IF,2006-2007,10,0,
7699,"LEKSTRÖM, BENNY",Ja,SWE,,1981-02-19,,IF BROMMAPOJKARNA,2009-2010,15,0,
4091,"LENNARTSSON, BENNY",Nej,SWE,,1942-12-14,,ÖREBRO SK,1963-1969,110,6,
4683,"LENNARTSSON, INGE",Nej,SWE,,1955-11-03,,ÖREBRO SK,1976-1978,22,3,"SKOGSLUNDS IF,SEN HEIMER"
5200,"LENNARTSSON, PATRIK",Nej,SWE,,1963-10-01,,MJÄLLBY AIF,1985,17,1,
6005,"LENNARTSSON, PETER",Nej,SWE,,1973-01-22,,HALMSTADS BK,1993-2000,106,2,
7946,"LENNARTSSON, PETTER",Nej,SWE,,1988-03-13,,KALMAR FF,2008-2009,6,0,
1957,"LENNARTSSON, RAGNAR",Nej,SWE,RAGGEN,1910-01-20,1988-08-08,IF ELFSBORG,1938-1940,11,6,
1957,"LENNARTSSON, RAGNAR",Nej,SWE,RAGGEN,1910-01-20,1988-08-08,GÅRDA BK,1940-1943,41,7,
4682,"LENNARTSSON, TORE",Nej,SWE,,1952-11-29,,ÖREBRO SK,1972-1978,154,18,SKOGSLUNDS IF
4682,"LENNARTSSON, TORE",Nej,SWE,,1952-11-29,,GEFLE IF,1983-1984,33,5,
1388,"LENSING, KNUT",Nej,SWE,,1896-11-13,1960-02-01,IFK ESKILSTUNA,1925-1928,53,7,FD LARSSON
2722,"LEONARDSSON, BO",Nej,SWE,BYRSELL,1927-04-16,2003-11-04,HALMSTADS BK,1945-1946,19,1,
8091,"LEONIDSSON, SIMON",Nej,SWE,,1992-01-17,,ÖREBRO SK,2010-2012,2,0,
3450,"LEOO, EINAR",Nej,SWE,,1919-02-11,1984-02-08,ÅTVIDABERGS FF,1952,14,0,SEN IFK TUNA
6015,"LESSMARK, PATRIK",Nej,SWE,,1967-01-12,,BK HÄCKEN,1993-1994,35,5,
5992,"LEU, JESPER",Ja,SWE,,1969-05-21,,DEGERFORS IF,1993,5,0,
4090,"LEUFSTEDT, LEIF",Nej,SWE,,1945-09-24,,ÖREBRO SK,1968-1970,49,0,
9589,"LEVCHENKO, IGOR",Ja,UKR,,1991-02-23,,ATHLETIC FC ESKILSTU,2019,16,0,
6935,"LEVI, JONATAN",Nej,SWE,,1985-06-17,,IF ELFSBORG,2019,21,5,
6935,"LEVI, JONATAN",Nej,SWE,,1985-06-17,,IFK NORRKÖPING,2020-2022,81,17,
6862,"LEVIN, BJÖRN",Ja,SWE,,1977-06-10,,TRELLEBORGS FF,2000-2001,4,0,
1988,"LEVIN, ERIK",Nej,SWE,,1912-07-07,1987-08-02,MALMÖ FF,1938-1945,48,1,
5503,"LEWICKI, ANDERS",Nej,SWE,,1967-01-07,,MALMÖ FF,1987,2,0,
7795,"LEWICKI, OSCAR",Nej,SWE,,1992-07-14,,BK HÄCKEN,2012-2014,69,2,
7795,"LEWICKI, OSCAR",Nej,SWE,,1992-07-14,,MALMÖ FF,2015-2023,203,4,
8109,"LEWICKI, TOBIAS",Nej,SWE,,1993-05-02,,MALMÖ FF,2012,1,0,
9580,"LÉON, JOSÉ",Nej,SPA,,1995-02-03,,ATHLETIC FC ESKILSTU,2019,13,0,
3394,"LIANDER, KURT",Nej,SWE,,1932-01-28,2020-03-10,AIK,1953-1959,94,9,
1974,"LIBERG, LORENTZ",Nej,SWE,LOLLE,1912-02-21,1973-03-08,GÅRDA BK,1936-1941,42,0,
8697,"LIDBERG, ISAC",Nej,SWE,,1998-09-08,,HAMMARBY IF,2015-2016,7,0,
6352,"LIDÉN, BO",Ja,SWE,,1967-09-03,,UMEÅ FC,1996,12,0,
4660,"LIDHEIM, HÅKAN",Nej,SWE,,1951-09-10,2007-07-07,KALMAR FF,1976-1978,41,1,
5568,"LIDMAN, DICK",Nej,SWE,,1967-01-24,,GIF SUNDSVALL,1989-1991,26,9,
5568,"LIDMAN, DICK",Nej,SWE,,1967-01-24,,AIK,1992-1997,120,47,
1952,"LIDMAN, GUNNAR",Nej,SWE,,1909-04-08,1993-08-06,DEGERFORS IF,1939,4,0,FR JANNELUND
2000,"LIDSTEDT, ALVAR",Nej,SWE,,1916-12-27,1997-02-23,IK SLEIPNER,1939,5,0,
2742,"LIEDHOLM, NILS",Nej,SWE,"LIDAS""GREVEN",1922-10-08,2007-11-05,IFK NORRKÖPING,1947-1949,48,22,
4674,"LIEDHOLM, TOMAS",Nej,SWE,,1953-05-02,,IK SIRIUS,1973-1974,12,0,
3405,"LIF, BERNT",Nej,SWE,,1938-01-19,2008-01-13,IFK ESKILSTUNA,1958,9,2,T GULLÄNGET 67
3405,"LIF, BERNT",Nej,SWE,,1938-01-19,2008-01-13,HAMMARBY IF,1962-1965,36,17,
5823,"LILIENBERG, MATS",Nej,SWE,,1969-12-22,,TRELLEBORGS FF,1992-2004,74,33,
5823,"LILIENBERG, MATS",Nej,SWE,,1969-12-22,,IFK GÖTEBORG,1995-1996,29,6,
5823,"LILIENBERG, MATS",Nej,SWE,,1969-12-22,,HALMSTADS BK,1997-1998,52,25,
5823,"LILIENBERG, MATS",Nej,SWE,,1969-12-22,,MALMÖ FF,1999-2002,49,14,
0298,"LILIUS, BJÖRN",Nej,SWE,,1970-06-02,,HELSINGBORGS IF,1993,23,0,
0298,"LILIUS, BJÖRN",Nej,SWE,,1970-06-02,,ÖSTERS IF,1994-1995,37,1,
1405,"LILJEBERG, ERIK",Nej,SWE,,1902-07-04,1976-06-05,IK SLEIPNER,1925,1,0,EJ STIG LILJENBERG
1418,"LILJEBERG, IVAR",Nej,SWE,SURA,1904-03-24,1977-11-26,IFK ESKILSTUNA,1928,1,0,
5214,"LILJEBJÖRN, CHRISTER",Nej,SWE,PICASSO,1955-02-08,,IFK SUNDSVALL,1980-1981,23,1,
1058,"LILJEBJÖRN, HELGE",Nej,SWE,,1904-08-16,1952-05-02,GAIS,1929-1938,181,7,
4079,"LILJEBLAD, ROLF",Nej,SWE,,1938-09-08,,IFK MALMÖ,1960-1961,2,0,
1390,"LILJEDAHL, ALBERT",Nej,SWE,KYPARN,1902-12-03,1975-01-02,GAIS,1925,9,6,FR VIRGO
4670,"LILJEDAHL, PETER",Nej,SWE,,1955-10-24,,IFK NORRKÖPING,1974-1982,155,0,BK KENTY
5197,"LILJEGREN, STEFAN",Nej,SWE,,1961-01-05,,MJÄLLBY AIF,1983,5,0,
5109,"LILJEKRANTZ, JAN",Nej,SWE,CHALLE,1960-08-16,,IFK GÖTEBORG,1980,4,0,
9721,"LILJENBÄCK, ANTON",Nej,SWE,,1995-02-21,,VARBERGS BOIS,2020-2022,77,3,
4681,"LILJESSON, TAGE",Nej,SWE,,1947-09-17,,ÖREBRO SK,1970-1972,15,0,
9292,"LIMA, LUCAS",Nej,SWE,,2002-04-02,,IFK NORRKÖPING,2021-2022,17,1,
5621,"LIMPAR, ANDERS",Nej,SWE,,1965-09-24,,ÖRGRYTE IS,1986-1988,47,9,
5621,"LIMPAR, ANDERS",Nej,SWE,,1965-09-24,,AIK,1997-1998,22,2,
3393,"LIND, ARNE",Nej,SWE,BIMBO,1924-07-09,2003-08-25,AIK,1953-1954,12,0,
1963,"LIND, FOLKE",Nej,SWE,,1913-04-04,2001-02-06,GAIS,1933-1948,265,8,
3425,"LIND, INGE",Nej,SWE,,1929-05-19,1995-11-16,KALMAR FF,1951,4,1,
6604,"LIND, JOHAN",Nej,SWE,,1974-02-08,,BK HÄCKEN,1998-2010,151,0,
5528,"LIND, JONAS",Nej,SWE,,1962-06-06,,IFK NORRKÖPING,1981-1995,285,23,
4639,"LIND, KENNETH",Nej,SWE,,1951-01-25,2022-02-15,BRYNÄS IF,1974,1,0,ENL BRFO
3424,"LIND, OLLE",Nej,SWE,SVEN-OLOF,1931-01-05,1999-05-31,KALMAR FF,1951-1955,58,18,
4642,"LIND, STEWEN",Nej,SWE,,1957-01-26,,BK DERBY,1977,4,0,
4675,"LINDAHL, ANDERS",Nej,SWE,,1952-02-01,,GIF SUNDSVALL,1975,26,6,
4675,"LINDAHL, ANDERS",Nej,SWE,,1952-02-01,,IFK SUNDSVALL,1977-1981,99,18,
9855,"LINDAHL, AXEL",Nej,SWE,,1996-04-04,,DEGERFORS IF,2021,15,1,
9855,"LINDAHL, AXEL",Nej,SWE,,1996-04-04,,KALMAR FF,2022-2023,50,1,
2717,"LINDAHL, GUNNAR",Nej,SWE,,1925-09-16,1994-06-05,IFK GÖTEBORG,1948-1950,42,0,
4086,"LINDAHL, TORBJÖRN",Nej,SWE,BABBEN,1943-06-30,2011-01-16,ÅTVIDABERGS FF,1968,2,0,
4063,"LINDAU, JOHN",Nej,SWE,,1943-08-28,,IFK MALMÖ,1962,18,2,MKL LINDERÖDS IF 58
4063,"LINDAU, JOHN",Nej,SWE,,1943-08-28,,ÖSTERS IF,1971,8,0,
4063,"LINDAU, JOHN",Nej,SWE,,1943-08-28,,HALMSTADS BK,1972,11,1,
7417,"LINDBAEK, ANDRÉ SHEI",Nej,NOR,,1977-11-01,,LANDSKRONA BoIS,2004-2005,12,1,
7981,"LINDBERG, ANDREAS",Ja,SWE,,1980-12-14,,GIF SUNDSVALL,2008,19,0,
7981,"LINDBERG, ANDREAS",Ja,SWE,,1980-12-14,,IFK NORRKÖPING,2012-2014,7,0,
4097,"LINDBERG, AXEL",Nej,SWE,ACKE,1943-06-10,,ÖSTERS IF,1968-1970,30,1,
0910,"LINDBERG, EINAR",Nej,SWE,,1906-01-14,1986-09-29,STATTENA IF,1928-1930,39,10,BF
7786,"LINDBERG, ELLIOT",Nej,SWE,,1992-03-13,,IF BROMMAPOJKARNA,2010,1,0,
1991,"LINDBERG, EMRITZ",Nej,SWE,BISSEN,1910-06-28,1994-12-04,SANDVIKENS IF,1933-1935,41,16,
1060,"LINDBERG, ERIK",Nej,SWE,INDIANEN,1907-04-20,1990-05-05,HELSINGBORGS IF,1928-1935,104,0,
4060,"LINDBERG, GUNRO",Ja,SWE,,1937-01-09,2021-08-29,IFK GÖTEBORG,1960-1967,135,0,FR FINSPÅNG 60
1992,"LINDBERG, GÖSTA",Ja,SWE,GÖKEN,1911-08-21,1980-03-24,SANDVIKENS IF,1933,1,0,EG GUSTAF
1404,"LINDBERG, HADAR",Nej,SWE,BROSKET,1904-04-13,1977-08-24,IK SLEIPNER,1925-1927,2,0,
2005,"LINDBERG, HARALD",Nej,SWE,,1913-12-10,1975-04-24,HELSINGBORGS IF,1939,1,0,
1396,"LINDBERG, HERBERT",Nej,SWE,,1903-10-27,1977-01-14,LANDSKRONA BoIS,1925-1928,8,0,
5001,"LINDBERG, IVAN",Nej,SWE,,1954-02-20,,IFK SUNDSVALL,1979-1981,68,7,
8000,"LINDBERG, JONAS",Nej,SWE,MYGGAN,1989-03-24,,GAIS,2010-2011,26,1,
8000,"LINDBERG, JONAS",Nej,SWE,MYGGAN,1989-03-24,,IK SIRIUS,2018-2019,30,2,
1989,"LINDBERG, JUNUS",Nej,SWE,,1914-12-13,2004-08-01,IK SLEIPNER,1935-1936,20,4,
1989,"LINDBERG, JUNUS",Nej,SWE,,1914-12-13,2004-08-01,IFK NORRKÖPING,1937,3,1,
3433,"LINDBERG, LENNART",Nej,SWE,,1930-06-24,2021-10-21,IFK MALMÖ,1958,1,0,
6417,"LINDBERG, MARCUS",Nej,SWE,,1980-08-31,,HELSINGBORGS IF,1999-2003,30,0,
6417,"LINDBERG, MARCUS",Nej,SWE,,1980-08-31,,KALMAR FF,2008-2010,52,2,
6474,"LINDBERG, NILS",Nej,SWE,,1906-03-23,1968-10-20,LANDSKRONA BoIS,1927-1928,0,0,
4684,"LINDBERG, ODD",Ja,NOR,,1948-11-20,,ÖREBRO SK,1976-1978,59,0,SEN SVENSK MEDB
4684,"LINDBERG, ODD",Ja,NOR,,1948-11-20,,IFK GÖTEBORG,1979,26,0,
4666,"LINDBERG, OVE",Nej,SWE,,1949-01-09,2021-06-18,IFK LULEÅ,1971,4,0,
1973,"LINDBERG, ROLAND",Nej,SWE,KONGEN,1910-05-15,1993-03-09,GÅRDA BK,1937-1943,136,1,FR LANDALA 3608
1063,"LINDBERG, SIGFRID",Ja,SWE,SIGGE,1897-03-26,1977-01-04,HELSINGBORGS IF,1925-1931,147,0,
1063,"LINDBERG, SIGFRID",Ja,SWE,SIGGE,1897-03-26,1977-01-04,LANDSKRONA BoIS,1932-1933,27,0,
3441,"LINDBERG, STANLEY",Nej,SWE,,1924-03-18,2015-05-19,RÅÅ IF,1951-1952,32,11,"FR HYLLINGE,SEN HIF,RÅÅ48"
3400,"LINDBERG, SVEN",Ja,SWE,,1930-01-31,,DJURGÅRDENS IF,1955-1958,12,0,FÖDD 300130!
3400,"LINDBERG, SVEN",Ja,SWE,,1930-01-31,,HAMMARBY IF,1960-1965,106,0,
2694,"LINDBERG, TAGE",Nej,SWE,SPARLÅGAN,1922-09-06,1998-10-30,AIK,1943-1944,7,0,
2739,"LINDBERG, TORSTEN",Ja,SWE,LINDY,1917-04-14,2009-08-31,ÖRGRYTE IS,1940,13,0,
2739,"LINDBERG, TORSTEN",Ja,SWE,LINDY,1917-04-14,2009-08-31,IFK NORRKÖPING,1941-1952,243,0,
1403,"LINDBERG, VIGOR",Nej,SWE,KUTA,1899-04-26,1956-04-28,IK SLEIPNER,1925-1932,137,48,
4084,"LINDBLAD, HANS",Nej,SWE,,1931-09-22,1993-12-03,GIF SUNDSVALL,1965,4,0,FR NYNÄSHAMN
6318,"LINDBLAD, MAGNUS",Ja,SWE,,1972-09-12,,DJURGÅRDENS IF,1996-1999,12,0,
6133,"LINDBLAD, MATS",Nej,SWE,SILLEN,1967-03-16,,LANDSKRONA BoIS,1994,7,0,
2730,"LINDBLAD, OLLE",Nej,SWE,CARL-OLOF,1922-11-17,2002-11-11,JÖNKÖPINGS SÖDRA IF,1946,20,0,
5647,"LINDBLAD, PER",Nej,SWE,PEPPE,1964-04-01,,ÖSTERS IF,1984-1988,73,3,
4094,"LINDBLAD, STEN",Nej,SWE,,1947-01-20,2013-01-02,ÖRGRYTE IS,1968,2,0,
4969,"LINDBLADH, LARS",Nej,SWE,,1959-06-30,,HAMMARBY IF,1979,7,0,
5575,"LINDBLOM, BENNO",Nej,SWE,,1957-08-23,,VÄSTRA FRÖLUNDA IF,1987-1988,44,1,
1993,"LINDBLOM, GUNNAR",Nej,SWE,,1912-03-27,1994-05-14,SANDVIKENS IF,1933-1934,2,0,EJ ARNE 33
4052,"LINDBLOM, HANS",Nej,SWE,,1944-08-01,,IK BRAGE,1966,2,0,FR LUDVIKA
1960,"LINDBLOM, HENRY",Nej,SWE,,1912-07-28,1982-03-12,IF ELFSBORG,1935-1936,26,1,
2284,"LINDBLOM, IVAR",Nej,SWE,,1906-05-29,1974-09-24,SANDVIKENS IF,1930,3,0,
3416,"LINDBLOM, JENS",Nej,SWE,LILL-LOTTA,1935-05-15,2004-07-28,HAMMARBY IF,1957-1959,3,1,
3443,"LINDBLOM, TORBJÖRN",Nej,SWE,,1935-01-29,2008-05-09,SANDVIKENS AIK,1955,9,2,
1421,"LINDBOM, ERIK",Nej,SWE,MÖRDARN,1902-04-12,1965-06-28,DJURGÅRDENS IF,1928,21,16,FR/T IFK STHLM 27/28
4949,"LINDBOM, HANS",Nej,SWE,,1953-02-12,,IS HALMIA,1979,12,0,
8177,"LINDE, ANDREAS",Ja,SWE,,1993-07-24,,HELSINGBORGS IF,2014,2,0,
2285,"LINDE, BERTIL",Ja,SWE,,1907-02-28,1990-03-25,AIK,1932,1,0,
4089,"LINDE, JAN",Nej,SWE,,1948-11-10,,ÖREBRO SK,1969-1972,67,0,
1422,"LINDEBERG, STEN",Nej,SWE,STINTA,1903-06-28,1971-08-15,IK SLEIPNER,1927,8,2,
1958,"LINDEBORG, OLOF",Nej,SWE,,1912-05-05,1993-09-07,IF ELFSBORG,1939,3,0,
9621,"LINDEGAARD, ANDERS",Ja,DAN,,1984-04-13,,HELSINGBORGS IF,2019-2022,31,1,
2001,"LINDEGREN, YNGVE",Nej,SWE,KNAPPEN,1912-04-26,1990-04-09,ÖRGRYTE IS,1933-1940,69,36,"FR OTTERH 32, BILLINGSF"
9847,"LINDELL, ERIK",Nej,SWE,,1996-02-14,,DEGERFORS IF,2021-2023,49,1,
4071,"LINDELL, THORSTEN",Nej,SWE,PILLE,1933-01-31,2020-04-28,HÖGADALS IS,1962,5,0,
1061,"LINDER, ERIK-B/MV",Nej,SWE,,1903-12-23,1971-05-29,LANDSKRONA BoIS,1925-1935,189,6,
2740,"LINDER, GÖRAN",Nej,SWE,GÖKAS,1925-02-17,1999-08-27,IFK NORRKÖPING,1944,1,0,
1062,"LINDER, HENNING",Nej,SWE,,1905-11-08,1982-12-19,LANDSKRONA BoIS,1928-1933,116,1,
1996,"LINDERHOLM, ARNE",Nej,SWE,MONKA,1916-02-22,1986-11-20,IK SLEIPNER,1937-1941,78,0,
4066,"LINDEROTH, ANDERS",Nej,SWE,,1950-03-21,,HELSINGBORGS IF,1968,22,1,
4066,"LINDEROTH, ANDERS",Nej,SWE,,1950-03-21,,ÖSTERS IF,1971-1977,158,23,
4066,"LINDEROTH, ANDERS",Nej,SWE,,1950-03-21,,MJÄLLBY AIF,1980,15,0,
3408,"LINDEROTH, LEIF",Nej,SWE,LIPPON,1936-01-31,,GAIS,1957-1958,47,0,
6188,"LINDEROTH, TOBIAS",Nej,SWE,,1979-04-21,,IF ELFSBORG,1997-1998,47,4,
1402,"LINDESTRÖM, CARL-ERIC",Nej,SWE,COLLE,1904-11-08,1995-07-05,IFK NORRKÖPING,1925,1,0,
5076,"LINDEWALL, INGEMAR",Nej,SWE,,1962-08-03,,DJURGÅRDENS IF,1980,5,0,
4645,"LINDEWALL, ROGER",Nej,SWE,,1960-01-30,,DJURGÅRDENS IF,1976-1978,19,1,UTV FILIPPINERNA
1986,"LINDÉN, ALEX",Nej,SWE,,1909-01-13,1988-12-01,MALMÖ FF,1932-1933,10,0,
4910,"LINDÉN, LEIF",Nej,SWE,,1958-09-01,,AIK,1978-1982,44,0,
1410,"LINDÉN, OSCAR/CF",Ja,SWE,,1902-05-15,1976-05-11,IFK UDDEVALLA,1926,2,0,
2716,"LINDÉN, ÅKE",Nej,SWE,,1924-01-23,2006-08-22,IFK GÖTEBORG,1943-1950,2,0,"RIK,BK VARG"
1395,"LINDFORS, FRITZ",Nej,SWE,FRILLE,1895-04-07,1971-11-22,LANDSKRONA BoIS,1925-1929,66,1,
1391,"LINDGREN, ALBERT",Nej,SWE,ABBEN,1894-03-31,1983-03-22,GAIS,1925,1,0,041003?
1423,"LINDGREN, BERTIL",Nej,SWE,,1908-11-04,1992-01-08,ÖRGRYTE IS,1928-1930,2,0,
4663,"LINDGREN, CHRISTER",Nej,SWE,HUGGARN,1947-01-17,,LANDSKRONA BoIS,1971-1973,43,3,
1961,"LINDGREN, EINAR",Nej,SWE,MOPPE,1909-07-14,1983-09-14,IFK ESKILSTUNA,1931-1936,105,30,FR VERDANDI 1929.BANDY-MV
5146,"LINDGREN, LARS-GUNNAR",Nej,SWE,,1954-05-23,,BK HÄCKEN,1983,13,0,
1397,"LINDGREN, LENNART",Nej,SWE,,1897-12-20,1972-03-24,LANDSKRONA BoIS,1926,1,0,
0523,"LINDGREN, MIKAEL",Nej,SWE,,1969-09-26,,ÖREBRO SK,1991,1,0,
7058,"LINDGREN, RASMUS",Nej,SWE,,1984-11-29,,BK HÄCKEN,2016-2021,133,3,
8118,"LINDGREN, RASMUS",Nej,SWE,,1994-06-17,,HELSINGBORGS IF,2013,2,0,
4049,"LINDGREN, ROLF",Nej,SWE,LINUS,1940-08-26,,AIK,1963,4,0,
1966,"LINDGREN, TAGE",Nej,SWE,,1916-08-31,2003-10-03,GAIS,1935-1936,12,0,
2747,"LINDH, GÖSTA",Nej,SWE,GUSTAV,1924-02-08,1984-01-04,ÖREBRO SK,1947-1953,109,26,
2732,"LINDH, HARRY",Nej,SWE,,1924-10-19,1994-12-27,LANDSKRONA BoIS,1945,12,4,
7414,"LINDH, JONAS",Nej,SWE,,1982-06-24,,LANDSKRONA BoIS,2004-2005,10,1,
4044,"LINDH, KURT",Nej,SWE,,1938-01-07,1983-02-25,AIK,1961,2,0,"FR KUBEN, SEN VSK 62-"
9895,"LINDH, OLLE",Nej,SWE,,2003-04-21,,KALMAR FF,2021,1,0,
3440,"LINDH, RUNE",Nej,SWE,,1929-12-23,2010-07-05,IFK NORRKÖPING,1956-1964,147,3,
4045,"LINDH, TOMMY",Nej,SWE,,1937-05-16,,AIK,1960-1961,2,0,
1416,"LINDHOLM, BROR",Ja,SWE,BRÄCKA,1906-12-08,1984-05-27,IFK ESKILSTUNA,1927-1929,33,0,
3439,"LINDHOLM, OVE",Nej,SWE,,1940-11-13,,SANDVIKENS IF,1958-1961,49,6,
3439,"LINDHOLM, OVE",Nej,SWE,,1940-11-13,,IFK NORRKÖPING,1965,6,1,
5043,"LINDHOLM, PETER",Nej,SWE,,1956-03-29,,BK DERBY,1977,1,0,EGEN PR
5218,"LINDHOLM, PETER",Ja,FIN,,1957-12-08,,IFK SUNDSVALL,1981,7,0,
1950,"LINDKVIST, NILS",Nej,SWE,,1904-11-19,1973-04-07,IK BRAGE,1938,4,0,
2307,"LINDKVIST, RASMUS",Nej,SWE,,1990-05-16,,AIK,2017-2020,69,7,
2307,"LINDKVIST, RASMUS",Nej,SWE,,1990-05-16,,GIF SUNDSVALL,2022,23,0,
5497,"LINDMAN, HÅKAN",Nej,SWE,,1961-11-27,,MALMÖ FF,1986-1990,86,28,
4643,"LINDMAN, JÖRGEN",Nej,SWE,,1951-08-07,,DJURGÅRDENS IF,1975-1979,70,1,
4054,"LINDMAN, SVEN",Nej,SWE,,1942-04-19,,DJURGÅRDENS IF,1965-1980,312,50,
4665,"LINDMARK, BO",Nej,SWE,,1941-05-02,2013-04-30,IFK LULEÅ,1971,18,1,
8479,"LINDNER, JOAKIM",Nej,SWE,,1991-03-22,,IF BROMMAPOJKARNA,2013,17,0,
8479,"LINDNER, JOAKIM",Nej,SWE,,1991-03-22,,VARBERGS BOIS,2020-2023,100,3,
1990,"LINDQUIST, LARS",Nej,SWE,-GÖSTA,1913-10-27,1992-07-08,IFK NORRKÖPING,1937,3,0,
1994,"LINDQVIST, BENGT",Nej,SWE,STOR-JOMPA,1914-04-20,1987-04-18,SANDVIKENS IF,1933,1,0,
2745,"LINDQVIST, BIRGER",Nej,SWE,LILL-JOMPA,1916-05-20,1991-03-03,SANDVIKENS IF,1944,1,0,
6723,"LINDQVIST, HÅKAN",Nej,SWE,,1968-12-06,,KALMAR FF,1999-2002,52,5,
4051,"LINDQVIST, JAN-ERIK",Nej,SWE,,1938-06-27,2019-03-10,IK BRAGE,1966,3,0,
4070,"LINDQVIST, LARS",Nej,SWE,BAMBIS,1934-03-22,2024-05-22,HÖGADALS IS,1962,20,8,
6126,"LINDQVIST, MAGNUS",Nej,SWE,,1969-12-05,,LANDSKRONA BoIS,1994,21,1,
5701,"LINDQVIST, MIKAEL",Nej,SWE,,1967-09-01,,HAMMARBY IF,1990,20,2,
5701,"LINDQVIST, MIKAEL",Nej,SWE,,1967-09-01,,ÖREBRO SK,1992-1993,35,2,
6034,"LINDQVIST, ROBERT",Nej,SWE,,1972-02-26,,VÄSTRA FRÖLUNDA IF,1993,3,0,EM USA
5451,"LINDQVIST, ROGER",Nej,SWE,,1970-02-26,,HALMSTADS BK,1989-1991,27,0,
5451,"LINDQVIST, ROGER",Nej,SWE,,1970-02-26,,ÖRGRYTE IS,1996-2000,75,0,
4095,"LINDQVIST, ROLAND",Nej,SWE,AUGUSTSSON,1939-11-17,2016-12-10,ÖRGRYTE IS,1960-1963,74,18,SKÄRHAMN 69
4067,"LINDQVIST, ROY",Nej,SWE,,1948-02-06,,HELSINGBORGS IF,1968,12,0,
5442,"LINDQVIST, STEFAN",Nej,SWE,,1967-03-18,2020-03-01,HALMSTADS BK,1986-1990,55,8,ALS
5442,"LINDQVIST, STEFAN",Nej,SWE,,1967-03-18,2020-03-01,IFK GÖTEBORG,1991-1997,172,23,
2706,"LINDQVIST, STIG",Nej,SWE,,1918-08-17,1982-01-02,IF ELFSBORG,1945-1948,65,29,
2706,"LINDQVIST, STIG",Nej,SWE,,1918-08-17,1982-01-02,GAIS,1949,5,0,
1385,"LINDQVIST, SVEN",Nej,SWE,LINKAN,1903-03-26,1987-01-25,AIK,1925-1931,137,4,
4056,"LINDROTH, BENGT",Nej,SWE,LINKAN,1934-08-05,2018-08-27,IF ELFSBORG,1961-1964,34,0,
3418,"LINDSKOG, BENGT",Nej,SWE,,1933-02-25,2008-01-14,HELSINGBORGS IF,1953-1955,40,14,
3418,"LINDSKOG, BENGT",Nej,SWE,,1933-02-25,2008-01-14,MALMÖ FF,1956,19,13,
2707,"LINDSKOG, KNUT",Nej,SWE,,1915-02-18,1977-09-18,IFK ESKILSTUNA,1943,3,0,
2699,"LINDSKOG, LENNART",Nej,SWE,,1925-09-10,2005-03-07,DEGERFORS IF,1944-1956,232,55,
1424,"LINDSKOG, TORSTEN",Nej,SWE,,1906-01-24,1960-06-17,IFK MALMÖ,1929-1932,82,2,
1972,"LINDSTEDT, GUSTAF",Nej,SWE,KNATTEN,1908-06-09,1993-02-10,REDBERGSLIDS IK,1931,14,1,MARIEHOLM
1972,"LINDSTEDT, GUSTAF",Nej,SWE,KNATTEN,1908-06-09,1993-02-10,IFK GÖTEBORG,1933,8,2,
1972,"LINDSTEDT, GUSTAF",Nej,SWE,KNATTEN,1908-06-09,1993-02-10,GÅRDA BK,1936-1938,47,10,
1983,"LINDSTEDT, HELGE",Nej,SWE,,1914-04-10,1979-04-24,HELSINGBORGS IF,1939-1940,6,1,
5062,"LINDSTEDT, JAN",Nej,SWE,,1957-04-18,,IK BRAGE,1980,20,0,
1985,"LINDSTEDT, OLLE",Nej,SWE,OLOF,1915-09-16,1974-02-20,LANDSKRONA BoIS,1937-1938,6,0,
2729,"LINDSTRAND, GÖTE",Nej,SWE,,1924-04-11,1994-01-15,JÖNKÖPINGS SÖDRA IF,1946-1954,163,9,
4072,"LINDSTRAND, HANS",Nej,SWE,,1945-05-19,,JÖNKÖPINGS SÖDRA IF,1969,22,0,
4664,"LINDSTRAND, KJELL",Nej,SWE,,1939-01-01,2010-12-31,LANDSKRONA BoIS,1971,9,0,
3449,"LINDSTRÖM, ARNE",Nej,SWE,,1935-09-30,2014-01-29,VÄSTERÅS SK,1956,5,0,
4083,"LINDSTRÖM, BENGT",Ja,SWE,,1943-04-18,,IFK NORRKÖPING,1966-1973,143,0,
1386,"LINDSTRÖM, BRUNO",Nej,SWE,,1896-04-23,1962-01-03,AIK,1925,6,0,
1399,"LINDSTRÖM, CARL",Nej,SWE,,1898-09-19,1949-08-06,IFK MALMÖ,1925-1926,36,0,
8066,"LINDSTRÖM, CHRISTIAN",Nej,SWE,,1987-02-11,,ÖRGRYTE IS,2009,12,1,
1389,"LINDSTRÖM, ERIK",Nej,SWE,,1907-07-28,1991-07-02,IFK ESKILSTUNA,1925,1,0,
2725,"LINDSTRÖM, ERIK",Nej,SWE,FIMPEN,1913-05-31,1971-06-28,HAMMARBY IF,1940,2,1,
8701,"LINDSTRÖM, JAKOB",Nej,SWE,,1993-06-14,,BK HÄCKEN,2017,4,0,
8073,"LINDSTRÖM, JONATHAN",Nej,SWE,,1989-07-14,,ÖRGRYTE IS,2009,1,0,
2696,"LINDSTRÖM, KLAS",Nej,SWE,,1920-10-27,2009-06-02,AIK,1946-1947,5,0,
6297,"LINDSTRÖM, MATTIAS",Nej,SWE,,1980-04-18,,HELSINGBORGS IF,1997-2015,263,46,
6297,"LINDSTRÖM, MATTIAS",Nej,SWE,,1980-04-18,,GAIS,2009,28,4,
6107,"LINDSTRÖM, PATRIC",Nej,SWE,,1971-06-16,,HAMMARBY IF,1994,6,1,
5817,"LINDSTRÖM, PETER",Ja,SWE,,1969-10-08,,GIF SUNDSVALL,1991,5,0,
1967,"LINDSTRÖM, RUDOLF",Nej,SWE,,1915-10-27,1999-04-28,GAIS,1935-1936,5,0,
2286,"LINDSTRÖM, RUNE",Nej,SWE,LUNTA,1913-01-12,1984-10-06,HALLSTAHAMMARS SK,1932,22,4,
5216,"LINDSTRÖM, STEFAN",Ja,FIN,,1953-08-14,,IFK SUNDSVALL,1981,19,0,
4065,"LINDSTRÖM, SVEN-AXEL",Nej,SWE,,1944-02-23,,IFK HOLMSUND,1967,5,0,FR KEBENEKAJSE 67
4662,"LINDSTRÖM, TORBJÖRN",Nej,SWE,,1947-05-11,,LANDSKRONA BoIS,1971-1977,111,13,
5196,"LINDVALL, MATS",Nej,SWE,,1961-08-03,,MJÄLLBY AIF,1983-1985,41,0,
4050,"LINDVALL, STURE",Nej,SWE,,1938-10-08,,IK BRAGE,1966,18,7,
9973,"LINGMAN, LUCAS",Nej,FIN,,1998-01-25,,HELSINGBORGS IF,2022,15,0,
1987,"LINNANDER, TORE",Nej,SWE,HÖKAREN,1909-10-19,1987-01-01,MALMÖ FF,1932-1933,9,8,
8915,"LINNÉR, OSCAR",Ja,SWE,,1997-02-23,,AIK,2015-2019,81,0,
8915,"LINNÉR, OSCAR",Ja,SWE,,1997-02-23,,IF BROMMAPOJKARNA,2023,3,0,
7481,LINO,Nej,GBS,ADELINO AUGUSTO LOPES,1976-11-21,,ASSYRISKA FF,2005,3,0,
8702,"LIPOVAC, CHRISTER",Nej,SWE,,1996-03-07,,ÖREBRO SK,2014,3,0,
7533,"LITMANEN, JARI",Nej,FIN,,1971-02-20,,MALMÖ FF,2005-2006,10,3,
2750,"LITZÉN, WALTER",Nej,SWE,,1914-10-14,1991-06-28,ÖRGRYTE IS,1940,7,2,"ÖIS 39-44, FÄSSBERG"
5717,"LIUS, ISMO",Nej,FIN,,1965-11-30,,ÖRGRYTE IS,1990,1,0,
8039,"LIVERSTAM, FREDRIK",Nej,SWE,,1988-03-04,,HELSINGBORGS IF,2009-2019,23,1,
8039,"LIVERSTAM, FREDRIK",Nej,SWE,,1988-03-04,,HALMSTADS BK,2013-2017,101,2,
8204,"LJUBOJEVIC, GORAN",Nej,KRO,,1983-05-04,,AIK,2010,11,2,
5269,"LJUNG, BERNT",Ja,SWE,,1958-05-08,,IK BRAGE,1980-1993,35,0,
5269,"LJUNG, BERNT",Ja,SWE,,1958-05-08,,AIK,1981-1992,181,0,
6583,"LJUNG, DAVID",Nej,SWE,,1975-09-27,,AIK,1998-2001,44,4,
6583,"LJUNG, DAVID",Nej,SWE,,1975-09-27,,HELSINGBORGS IF,2004-2005,34,2,
3431,"LJUNG, GÖSTA",Nej,SWE,,1934-08-09,2006-04-18,IFK MALMÖ,1958-1961,67,15,"FR TOLLARP,T INDERÖD,IFKM"
0535,"LJUNG, JESPER",Nej,SWE,,1973-12-31,,HELSINGBORGS IF,1993-1998,94,11,
0535,"LJUNG, JESPER",Nej,SWE,,1973-12-31,,LANDSKRONA BoIS,2002-2003,34,1,
0535,"LJUNG, JESPER",Nej,SWE,,1973-12-31,,BK HÄCKEN,2005-2006,40,2,
4652,"LJUNG, LENNART",Ja,SWE,,1949-09-13,,HALMSTADS BK,1972-1981,210,0,
5653,"LJUNG, PER-OLA",Nej,SWE,,1964-05-26,,ÖSTERS IF,1985-1986,12,0,
6007,"LJUNG, PER-OLA",Nej,SWE,,1967-11-07,,HELSINGBORGS IF,1993-1999,128,3,FR HÄSSLEHOLM
6007,"LJUNG, PER-OLA",Nej,SWE,,1967-11-07,,LANDSKRONA BoIS,2002,15,0,
5500,"LJUNG, ROGER",Nej,SWE,,1966-01-08,,MALMÖ FF,1985-1989,53,4,
8231,"LJUNG, VIKTOR",Nej,SWE,,1991-04-19,,HALMSTADS BK,2010-2015,60,1,
8231,"LJUNG, VIKTOR",Nej,SWE,,1991-04-19,,HELSINGBORGS IF,2016,1,0,
4074,"LJUNGBERG, ANDERS",Nej,SWE,PUSKAS,1947-07-12,,MALMÖ FF,1967-1979,192,32,
4074,"LJUNGBERG, ANDERS",Nej,SWE,PUSKAS,1947-07-12,,ÅTVIDABERGS FF,1969-1971,61,12,
4074,"LJUNGBERG, ANDERS",Nej,SWE,PUSKAS,1947-07-12,,LANDSKRONA BoIS,1980,15,1,
5957,"LJUNGBERG, FREDRIK",Nej,SWE,,1977-04-16,,HALMSTADS BK,1994-1998,79,10,
6237,"LJUNGBERG, JOAKIM",Nej,SWE,,1974-10-14,,VÄSTRA FRÖLUNDA IF,1995,2,0,SEN SKOTTFINT
6936,"LJUNGBERG, KARL",Nej,SWE,,1985-02-08,,GIF SUNDSVALL,2002-2004,29,2,"FR STRÖMSBRUK, SEN VSK"
4680,"LJUNGBERG, OLA",Nej,SWE,,1946-02-12,,ÖREBRO SK,1971-1977,166,9,
4656,"LJUNGBERG, PER",Nej,SWE,LILL-PUSKAS,1955-03-03,,HALMSTADS BK,1974,1,0,
2719,"LJUNGDAHL, NILS",Nej,SWE,HÅRD,1922-03-11,2012-12-02,IS HALMIA,1945,4,1,
1387,"LJUNGDAHL, SVEN",Nej,SWE,,1896-08-02,1962-07-03,IFK ESKILSTUNA,1925-1926,15,0,
1415,"LJUNGGREN, BROR",Nej,SWE,,1902-12-22,1932-05-01,IF ELFSBORG,1927-1930,74,26,EJ 021224
2733,"LJUNGGREN, ERNST",Nej,SWE,,1921-03-28,2000-11-22,LANDSKRONA BoIS,1940-1945,24,6,
3442,"LJUNGGREN, RUNE",Nej,SWE,,1931-02-08,2015-12-13,SANDVIKENS AIK,1955,21,0,
4096,"LJUNGGREN, TORD",Nej,SWE,,1948-10-27,,ÖSTERS IF,1969-1973,104,34,
1406,"LJUNGQVIST, NILS",Nej,SWE,MURREN,1904-04-26,1992-01-04,IK SLEIPNER,1927,2,0,
1406,"LJUNGQVIST, NILS",Nej,SWE,MURREN,1904-04-26,1992-01-04,IFK NORRKÖPING,1928,1,0,
1425,"LJUNGQVIST, SIMON",Nej,SWE,,1904-12-16,1980-11-12,STATTENA IF,1928,5,1,
3421,"LJUNGVALL, ROLF",Nej,SWE,,1928-08-04,2006-08-26,JÖNKÖPINGS SÖDRA IF,1952-1953,11,1,
3422,"LJUS, UNO",Nej,SWE,,1925-04-19,1982-07-07,JÖNKÖPINGS SÖDRA IF,1950-1951,34,12,
7523,"LLUMNICA, XHEVDET",Nej,SCG,,1979-06-24,,KALMAR FF,2005,3,0,KOSOVO-ALBAN
5431,"LOCKE, GARY",Nej,ENG,,1954-07-12,,HALMSTADS BK,1986,20,0,
9585,"LOEPER, WILHELM",Nej,SWE,,1998-03-30,,ATHLETIC FC ESKILSTU,2019,27,1,
9585,"LOEPER, WILHELM",Nej,SWE,,1998-03-30,,HELSINGBORGS IF,2022,16,1,
9024,"LOHIKANGAS, ALBIN",Nej,SWE,,1998-08-20,,GEFLE IF,2016,2,0,
9024,"LOHIKANGAS, ALBIN",Nej,SWE,,1998-08-20,,IFK VÄRNAMO,2022-2023,23,1,
6746,"LOHM, DANIEL",Nej,SWE,,1978-01-26,,ÖRGRYTE IS,1999-2003,58,3,
3436,"LOMANDER, PER",Nej,SWE,,1927-11-11,2008-10-30,NORRBY IF,1956,1,0,
8048,"LOPES, VINICIUS",Nej,BRA,,1988-01-29,,BK HÄCKEN,2009-2010,45,4,V.SILVA LOPES SOUTO
8200,"LORENTZSON, MARTIN",Nej,SWE,,1984-07-21,,AIK,2010-2014,127,11,
8200,"LORENTZSON, MARTIN",Nej,SWE,,1984-07-21,,ÅTVIDABERGS FF,2015,17,0,
8200,"LORENTZSON, MARTIN",Nej,SWE,,1984-07-21,,ÖREBRO SK,2016-2019,84,1,
5249,"LORICHS, CHRISTER",Ja,SWE,,1958-06-07,,ÅTVIDABERGS FF,1982,7,0,
3435,"LORIN, STEN-ARNE",Nej,SWE,PUTTE,1938-06-02,,MOTALA AIF,1958,9,0,BK KENTY
3345,"LORIYA, DAVID",Ja,KAZ,,1981-10-31,,HALMSTADS BK,2007,7,0,
6703,"LOSSMAN, MARTIN",Ja,SWE,,1971-08-29,,DJURGÅRDENS IF,1999,7,0,
1400,"LOVÉN, BROR",Nej,SWE,,1901-03-04,1985-12-23,IFK MALMÖ,1925,7,3,
9931,"LUAN, PATRICK",Nej,BRA,,1998-10-31,,ÖREBRO SK,2021,6,0,
6033,"LUCIC, TEDDY",Nej,SWE,,1973-04-15,,VÄSTRA FRÖLUNDA IF,1993-1995,68,0,
6033,"LUCIC, TEDDY",Nej,SWE,,1973-04-15,,IFK GÖTEBORG,1996-1998,58,2,
6033,"LUCIC, TEDDY",Nej,SWE,,1973-04-15,,AIK,2000-2002,58,4,
6033,"LUCIC, TEDDY",Nej,SWE,,1973-04-15,,BK HÄCKEN,2005-2006,46,7,
6033,"LUCIC, TEDDY",Nej,SWE,,1973-04-15,,IF ELFSBORG,2008-2010,66,3,
2713,"LUDVIGSSON, RUNE",Ja,SWE,"LOFFE""LUDDE",1922-10-06,2004-10-21,GÅRDA BK,1942-1943,23,0,
2713,"LUDVIGSSON, RUNE",Ja,SWE,"LOFFE""LUDDE",1922-10-06,2004-10-21,HELSINGBORGS IF,1944,4,0,
2713,"LUDVIGSSON, RUNE",Ja,SWE,"LOFFE""LUDDE",1922-10-06,2004-10-21,IS HALMIA,1944-1950,127,0,
2713,"LUDVIGSSON, RUNE",Ja,SWE,"LOFFE""LUDDE",1922-10-06,2004-10-21,HALMSTADS BK,1955-1958,71,0,
3410,"LUDVIGSSON, ÅKE",Nej,SWE,,1930-06-21,1993-05-14,IFK GÖTEBORG,1950,1,0,SEN RIK
9685,"LUDWIGSON, GUSTAV",Nej,SWE,,1993-10-20,,HAMMARBY IF,2020-2022,88,32,
8964,"LUGANO, DIEGO",Nej,URU,,1980-11-02,,BK HÄCKEN,2015,11,0,
7420,"LUKANOVIC, DARKO",Nej,SWE/BIH,,1984-06-01,,MALMÖ FF,2004,4,0,
7420,"LUKANOVIC, DARKO",Nej,SWE/BIH,,1984-06-01,,ASSYRISKA FF,2005,13,1,
7674,"LUKIC, NENAD",Nej,SCG,,1975-09-26,,AIK,2006,3,0,
8496,"LUKIC, STOJAN",Ja,SWE,,1979-12-28,,HALMSTADS BK,2013-2015,89,0,
8496,"LUKIC, STOJAN",Ja,SWE,,1979-12-28,,VARBERGS BOIS,2020-2023,55,0,
8469,"LUMBANA, BORIS",Nej,SWE,,1991-06-19,,ÖREBRO SK,2012-2014,12,2,
2712,"LUND, ARNE",Nej,SWE,,1926-05-24,2017-02-12,GAIS,1948-1955,82,3,
7915,"LUND, ERIK",Nej,SWE,,1988-11-06,,IFK GÖTEBORG,2008-2012,77,1,
4048,"LUND, GUNNAR",Ja,SWE,KALIX,1940-01-19,,AIK,1966-1968,26,0,
9890,"LUND, KRISTOFFER",Nej,DAN,,2002-05-14,,BK HÄCKEN,2021-2023,59,0,
9908,"LUND, MARCO",Nej,DAN,,1996-06-30,,IFK NORRKÖPING,2021-2023,68,2,
1970,"LUND, PAUL",Ja,SWE,,1916-02-27,1985-04-09,GEFLE IF,1935,1,0,
1392,"LUND, VALDUS",Nej,SWE,GOBBEN,1895-04-04,1962-05-09,IFK GÖTEBORG,1925-1928,46,0,
1392,"LUND, VALDUS",Nej,SWE,GOBBEN,1895-04-04,1962-05-09,IFK UDDEVALLA,1927,11,0,
1057,"LUNDAHL, HARRY",Nej,SWE,STUDENTEN,1905-10-16,1988-03-02,HELSINGBORGS IF,1927-1938,106,123,
1057,"LUNDAHL, HARRY",Nej,SWE,STUDENTEN,1905-10-16,1988-03-02,IFK ESKILSTUNA,1932-1935,70,55,
4679,"LUNDAHL, LARS",Nej,SWE,,1951-08-22,,ÅTVIDABERGS FF,1970-1974,14,0,
2735,"LUNDBERG, ARNE",Nej,SWE,,1919-09-26,1985-02-19,LUDVIKA FFI,1945,12,1,"FR LUNDBY IF, EM TILL USA"
2711,"LUNDBERG, BERTIL",Nej,SWE,CHAPLIN,1926-06-08,1985-04-06,GAIS,1947,2,0,
3445,"LUNDBERG, BERTIL",Nej,SWE,EDSBRO,1934-03-02,,SANDVIKENS IF,1958-1961,65,1,
4046,"LUNDBERG, BJÖRN",Nej,SWE,,1948-03-29,,AIK,1967-1979,186,19,
6741,"LUNDBERG, BJÖRN",Nej,SWE,,1971-10-06,,VÄSTRA FRÖLUNDA IF,1999-2000,37,2,
4661,"LUNDBERG, CHRISTER",Nej,SWE,,1949-11-09,,LANDSKRONA BoIS,1977,6,0,F/T TRELL FF
1965,"LUNDBERG, ERIK",Nej,SWE,,1913-03-05,2004-11-13,GAIS,1932-1936,11,1,
1984,"LUNDBERG, GUSTAF",Nej,SWE,,1911-11-26,1989-06-23,LANDSKRONA BoIS,1935-1942,92,32,
4676,"LUNDBERG, HANS",Nej,SWE,,1950-08-04,2024-02-15,GIF SUNDSVALL,1975,25,0,FR BODEN
4659,"LUNDBERG, JAN-ÅKE",Nej,SWE,,1954-12-27,,KALMAR FF,1976-1982,132,29,
7151,"LUNDBERG, JOHNNY",Nej,SWE,,1982-04-15,,LANDSKRONA BoIS,2002-2005,57,1,
7151,"LUNDBERG, JOHNNY",Nej,SWE,,1982-04-15,,HALMSTADS BK,2009-2011,42,3,
8990,"LUNDBERG, JONATHAN",Nej,SWE,,1997-10-27,,ÖREBRO SK,2015-2017,11,0,
3406,"LUNDBERG, NILS",Nej,SWE,,1936-01-29,,GAIS,1959,6,0,
2721,"LUNDBERG, SIGVARD",Ja,SWE,,1917-04-04,2006-05-16,IS HALMIA,1944,5,0,
4677,"LUNDBERG, ULF",Nej,SWE,,1955-11-06,,IFK SUNDSVALL,1977-1980,71,7,
4677,"LUNDBERG, ULF",Nej,SWE,,1955-11-06,,DJURGÅRDENS IF,1981-1986,27,1,
7661,"LUNDBERG, VIKTOR",Nej,SWE,,1991-03-04,,AIK,2009-2013,87,12,
7661,"LUNDBERG, VIKTOR",Nej,SWE,,1991-03-04,,BK HÄCKEN,2018-2020,74,9,
7661,"LUNDBERG, VIKTOR",Nej,SWE,,1991-03-04,,HELSINGBORGS IF,2022,3,0,
6578,"LUNDBLAD, JON",Nej,SWE,,1982-02-19,,ÖREBRO SK,1999-2007,56,9,
6578,"LUNDBLAD, JON",Nej,SWE,,1982-02-19,,PANOS LJUNGSKILE SK,2008,8,0,
4047,"LUNDBLAD, ROLAND",Nej,SWE,RIMBO,1943-05-17,,AIK,1966-1970,102,42,
1999,"LUNDBLAD, SÖLVE",Nej,SWE,,1914-12-10,2004-01-30,IK SLEIPNER,1938-1941,49,15,
5114,"LUNDBLAD, TORBJÖRN",Nej,SWE,,1964-11-03,,IFK GÖTEBORG,1985,7,1,
5348,"LUNDBORG, LARS",Nej,SWE,,1963-09-28,,DJURGÅRDENS IF,1988-1990,24,0,
8703,"LUNDBÄCK, SEBASTIAN",Nej,SWE,,1996-07-24,,ÖSTERSUNDS FK,2017,1,0,
2723,"LUNDELL, BERTIL",Nej,SWE,BERRA,1908-09-06,1996-07-11,HAMMARBY IF,1940,22,0,
3415,"LUNDELL, GÖSTA",Nej,SWE,,1934-10-14,2024-02-27,HAMMARBY IF,1955-1965,122,2,
3403,"LUNDELL, TOIVO",Nej,SWE,,1934-08-17,,IF ELFSBORG,1952-1962,27,0,
8335,"LUNDEVALL, SIMON",Nej,SWE,,1988-09-23,,GEFLE IF,2011-2014,61,11,
8335,"LUNDEVALL, SIMON",Nej,SWE,,1988-09-23,,IF ELFSBORG,2015-2019,138,19,
8335,"LUNDEVALL, SIMON",Nej,SWE,,1988-09-23,,HALMSTADS BK,2021,22,0,
3404,"LUNDEWALL, KARL-GUNNAR",Ja,SWE,KARLE,1936-09-05,,VÄSTERÅS SK,1956-1957,23,0,
3404,"LUNDEWALL, KARL-GUNNAR",Ja,SWE,KARLE,1936-09-05,,IFK ESKILSTUNA,1964,22,0,
1982,"LUNDÉN, GUNNAR",Nej,SWE,,1912-02-08,1994-07-05,IS HALMIA,1934,1,1,
1981,"LUNDÉN, HELGE",Nej,SWE,,1906-07-05,1994-09-24,IS HALMIA,1933-1934,40,0,
6418,"LUNDÉN, JONAS",Nej,SWE,,1980-12-27,,IFK GÖTEBORG,1999-2001,57,7,
6418,"LUNDÉN, JONAS",Nej,SWE,,1980-12-27,,IF ELFSBORG,2002-2005,64,1,
6418,"LUNDÉN, JONAS",Nej,SWE,,1980-12-27,,GAIS,2006-2011,106,1,
4088,"LUNDGREN, ANTTI",Nej,SWE,,1940-03-02,2006-12-28,ÖREBRO SK,1961-1966,132,4,
2710,"LUNDGREN, BERTIL",Nej,SWE,,1924-01-24,2019-03-22,GAIS,1944,2,0,
3390,"LUNDGREN, CURT",Nej,SWE,,1931-09-26,2013-11-14,AIK,1958-1961,49,0,
8984,"LUNDGREN, DAVID",Nej,SWE,,1996-08-14,,ÅTVIDABERGS FF,2015,1,0,
5268,"LUNDGREN, ERIK",Nej,SWE,,1965-08-18,,ÖSTERS IF,1985,1,0,
6829,"LUNDGREN, FREDRIK",Nej,SWE,,1979-10-26,,GAIS,2000-2012,168,9,
1955,"LUNDGREN, GUNNAR",Ja,SWE,,1917-09-17,2006-09-14,DJURGÅRDENS IF,1937,14,0,
2736,"LUNDGREN, HANS",Nej,SWE,,1918-12-20,2012-03-30,LUDVIKA FFI,1945,5,1,
1964,"LUNDGREN, HELMER",Nej,SWE,,1914-05-16,1979-03-02,GAIS,1937-1943,54,4,FR LUNDBY 1937
2004,"LUNDGREN, HENNING",Ja,SWE,,1909-06-02,1999-10-17,GAIS,1935-1936,4,0,
1059,"LUNDGREN, HERBERT",Nej,SWE,,1902-03-20,1977-09-08,GAIS,1925-1935,213,0,FR LUNDBY
5571,"LUNDGREN, JONAS",Ja,SWE,,1965-08-28,,GIF SUNDSVALL,1989-1991,30,0,
5516,"LUNDGREN, JÖRGEN",Nej,SWE,PYRET,1969-07-22,,MALMÖ FF,1989-1992,15,0,
5516,"LUNDGREN, JÖRGEN",Nej,SWE,PYRET,1969-07-22,,UMEÅ FC,1996,25,2,
5813,"LUNDGREN, KRISTER",Nej,SWE,,1966-08-26,,GIF SUNDSVALL,1991,13,0,
5813,"LUNDGREN, KRISTER",Nej,SWE,,1966-08-26,,UMEÅ FC,1996,15,3,
1427,"LUNDGREN, MARTIN",Nej,SWE,,1908-01-02,1981-12-27,IFK ESKILSTUNA,1928,1,0,
5448,"LUNDGREN, MATS",Nej,SWE,,1970-04-19,,HALMSTADS BK,1987-1994,56,7,
5448,"LUNDGREN, MATS",Nej,SWE,,1970-04-19,,ÖRGRYTE IS,1989,5,2,
5892,"LUNDGREN, MIKAEL",Nej,SWE,,1967-09-29,,GIF SUNDSVALL,1991,1,0,
3411,"LUNDGREN, STEN",Nej,SWE,,1931-02-26,2007-07-19,IFK GÖTEBORG,1957-1958,22,6,
1968,"LUNDGREN, TORE",Nej,SWE,,1910-06-04,1985-11-27,GEFLE IF,1935,2,0,
1946,"LUNDGREN, WALTER",Nej,SWE,,1917-11-10,1997-11-21,AIK,1937-1940,68,0,
4945,"LUNDH, DENNIS",Nej,SWE,,1953-11-01,,IS HALMIA,1979,19,1,
1956,"LUNDH, KARL",Nej,SWE,,1915-11-10,1995-02-04,DJURGÅRDENS IF,1937,5,2,EJ ALLAN
4058,"LUNDH, ROLF",Nej,SWE,,1942-08-06,2019-02-13,GAIS,1964-1966,20,1,
4637,"LUNDH, TOMMY",Nej,SWE,,1948-12-11,,AIK,1973-1976,58,12,
8476,"LUNDHOLM, SAM",Nej,SWE,,1994-07-01,,AIK,2013-2015,34,1,
8476,"LUNDHOLM, SAM",Nej,SWE,,1994-07-01,,IK SIRIUS,2017-2019,59,9,
8528,"LUNDIN, ALEXANDER",Ja,SWE,,1992-10-25,,MJÄLLBY AIF,2013-2023,8,0,"MJÄ 2013,2023"
8528,"LUNDIN, ALEXANDER",Ja,SWE,,1992-10-25,,FALKENBERGS FF,2016,13,0,
1953,"LUNDIN, ERIC",Nej,SWE,,1918-07-24,1957-04-16,DEGERFORS IF,1939-1947,68,11,
2002,"LUNDIN, ERIK",Ja,SWE,ARCHIE,1912-07-27,2001-06-27,ÖRGRYTE IS,1936-1937,5,0,
3407,"LUNDIN, GUNNAR",Nej,SWE,,1928-08-03,2008-06-21,GAIS,1951,1,0,
2700,"LUNDIN, GÖSTA",Nej,SWE,POTER,1924-01-22,1985-01-02,DEGERFORS IF,1945-1954,123,2,
3420,"LUNDIN, LEIF",Nej,SWE,LOFFE,1938-09-11,2011-02-03,HELSINGBORGS IF,1958-1962,69,35,
1954,"LUNDIN, NILS",Nej,SWE,,1917-04-08,1987-01-10,DEGERFORS IF,1939-1941,22,0,
5724,"LUNDIN, PÅL",Ja,SWE,,1964-11-21,,ÖSTERS IF,1990-1998,181,0,
5724,"LUNDIN, PÅL",Ja,SWE,,1964-11-21,,UMEÅ FC,1996,7,0,
5724,"LUNDIN, PÅL",Ja,SWE,,1964-11-21,,TRELLEBORGS FF,2000-2001,35,0,
5064,"LUNDIN, ROGER",Nej,SWE,LUDDE,1958-07-31,,IK BRAGE,1980-1982,3,0,
4638,"LUNDIN, STEFAN",Nej,SWE,,1955-05-07,,BRYNÄS IF,1974,8,0,
4638,"LUNDIN, STEFAN",Nej,SWE,,1955-05-07,,AIK,1976,10,3,
4638,"LUNDIN, STEFAN",Nej,SWE,,1955-05-07,,ÖREBRO SK,1977-1978,11,2,
5463,"LUNDIN, THOMAS",Nej,SWE,LUDDE,1961-04-13,,HAMMARBY IF,1983-1990,110,31,
2287,"LUNDIN, WILLY",Nej,SWE,WILHELM,1909-07-23,1982-03-01,IK SLEIPNER,1930-1933,4,0,MV 32/33 2/0
2288,"LUNDKVIST, ERIK-HB",Nej,SWE,PYSEN,1906-11-09,1995-04-13,REDBERGSLIDS IK,1931,6,0,
2731,"LUNDKVIST, FOLKE",Ja,SWE,,1921-08-29,2005-08-31,LANDSKRONA BoIS,1945-1949,40,0,
4055,"LUNDKVIST, LARS",Nej,SWE,,1941-03-16,2000-12-08,DJURGÅRDENS IF,1960-1963,14,0,FR SUNDBYBERG
4055,"LUNDKVIST, LARS",Nej,SWE,,1941-03-16,2000-12-08,HAMMARBY IF,1967-1970,13,0,
3432,"LUNDKVIST, SVEN",Nej,SWE,,1936-10-10,2020-04-23,IFK MALMÖ,1958-1961,46,8,FR SVEDALA IF
5274,"LUNDMARK, THOMAS",Nej,SWE,,1963-06-28,,AIK,1985-1988,86,9,FD ANDERSSON
5274,"LUNDMARK, THOMAS",Nej,SWE,,1963-06-28,,DJURGÅRDENS IF,1990-1992,66,12,
8317,"LUNDQVIST, ADAM",Nej,SWE,,1994-03-20,,IF ELFSBORG,2013-2018,110,3,
1417,"LUNDQVIST, ALF",Ja,SWE,LUNKAN,1904-05-21,1980-09-06,WESTERMALMS IF,1927-1929,33,0,
3413,"LUNDQVIST, ARNE",Nej,SWE,,1926-10-10,1997-04-01,ÖREBRO SK,1951-1953,44,10,FR IK SLEIPNER 1950
3413,"LUNDQVIST, ARNE",Nej,SWE,,1926-10-10,1997-04-01,IFK GÖTEBORG,1954,4,0,
3397,"LUNDQVIST, ARNE",Ja,SWE,,1936-01-04,,AIK,1958-1969,140,0,
4678,"LUNDQVIST, BARRY",Nej,SWE,,1954-12-29,,IFK SUNDSVALL,1977,25,2,
1413,"LUNDQVIST, EVERT",Nej,SWE,,1900-02-27,1979-02-19,ÖRGRYTE IS,1925-1930,83,11,
1413,"LUNDQVIST, EVERT",Nej,SWE,,1900-02-27,1979-02-19,REDBERGSLIDS IK,1931,2,1,
6164,"LUNDQVIST, FREDRIC",Nej,SWE,,1976-08-03,,GIF SUNDSVALL,2000-2005,127,13,
3428,"LUNDQVIST, GERT",Nej,SWE,,1937-02-16,2001-09-18,MALMÖ FF,1955-1962,107,5,"FD KALMAR, SEN IFK ST 63"
2720,"LUNDQVIST, INGVALD",Nej,SWE,,1923-03-29,2005-01-28,IS HALMIA,1945,1,1,ISH I GAIS
3412,"LUNDQVIST, INGVAR",Nej,SWE,,1929-10-03,2007-12-24,IFK GÖTEBORG,1954-1955,9,1,
3412,"LUNDQVIST, INGVAR",Nej,SWE,,1929-10-03,2007-12-24,VÄSTERÅS SK,1956-1957,32,1,
5383,"LUNDQVIST, JAN",Nej,SWE,,1966-08-14,,GAIS,1988-1992,86,5,
5383,"LUNDQVIST, JAN",Nej,SWE,,1966-08-14,,VÄSTRA FRÖLUNDA IF,1994,6,0,
4671,"LUNDQVIST, KENT",Nej,SWE,DRUTTEN,1957-05-21,,IFK NORRKÖPING,1976-1982,168,50,
4657,"LUNDQVIST, LARS",Nej,SWE,,1950-05-30,,IK SIRIUS,1973,4,0,
4657,"LUNDQVIST, LARS",Nej,SWE,,1950-05-30,,HAMMARBY IF,1976-1977,10,2,
4062,"LUNDQVIST, LEIF",Nej,SWE,,1939-05-16,,IS HALMIA,1963,2,0,
4667,"LUNDQVIST, MIKAEL",Nej,SWE,,1953-09-02,,IFK LULEÅ,1971-0000,0,0,"FEL, EJ ALLSV"
3396,"LUNDSTRÖM, BJÖRNE",Nej,SWE,,1932-10-15,1995-07-11,AIK,1955-1956,9,1,
3396,"LUNDSTRÖM, BJÖRNE",Nej,SWE,,1932-10-15,1995-07-11,IFK ESKILSTUNA,1964,1,0,
6066,"LUNDSTRÖM, CHRISTIAN",Nej,SWE,,1977-03-31,,VÄSTRA FRÖLUNDA IF,1998-2000,63,15,
6066,"LUNDSTRÖM, CHRISTIAN",Nej,SWE,,1977-03-31,,IF ELFSBORG,2001,16,2,
4641,"LUNDSTRÖM, HÅKAN",Nej,SWE,,1950-11-17,,GIF SUNDSVALL,1975,26,0,
4641,"LUNDSTRÖM, HÅKAN",Nej,SWE,,1950-11-17,,BK DERBY,1977,26,0,
4641,"LUNDSTRÖM, HÅKAN",Nej,SWE,,1950-11-17,,IFK NORRKÖPING,1979-1982,88,1,
7016,"LUNDSTRÖM, MATTIAS",Nej,SWE,,1979-01-11,,IFK GÖTEBORG,2001,1,0,
8451,"LUNDSTRÖM, ROBERT",Nej,SWE,,1989-11-01,,GIF SUNDSVALL,2012-2022,68,2,
8451,"LUNDSTRÖM, ROBERT",Nej,SWE,,1989-11-01,,AIK,2018-2020,33,1,
3427,"LUNDSTRÖM, STIG",Nej,SWE,LITZEN,1924-06-21,1999-02-19,KALMAR FF,1950,17,0,
7321,"LUNDSTRÖM, TOMMIE",Nej,SWE,,1984-03-01,,ÖSTERS IF,2003,5,0,
9593,"LUSHAKU, ISMET",Nej,SWE,,2000-09-22,,ATHLETIC FC ESKILSTU,2019,13,0,
9593,"LUSHAKU, ISMET",Nej,SWE,,2000-09-22,,VARBERGS BOIS,2022-2023,47,0,
8381,"LUSHTAKU, KUSHTRIM",Nej,TYS,,1989-10-08,,ÖREBRO SK,2011-2012,33,3,
7343,"LUSTIG, MIKAEL",Nej,SWE,,1986-12-13,,GIF SUNDSVALL,2005-2008,24,3,
7343,"LUSTIG, MIKAEL",Nej,SWE,,1986-12-13,,AIK,2020-2022,67,4,
8533,"LUTS, SIIM",Nej,EST,,1989-03-12,,IFK NORRKÖPING,2013,13,0,
5682,"LUXENBURG, PATRIK",Nej,SWE,,1972-07-07,,DJURGÅRDENS IF,1990,1,0,
3409,"LYBING, KENT",Nej,SWE,,1939-04-06,2013-07-18,GAIS,1958,9,0,
7501,"LYCÉN, TOMMY",Nej,SWE,,1981-10-05,,IFK GÖTEBORG,2005,1,0,
7501,"LYCÉN, TOMMY",Nej,SWE,,1981-10-05,,IF BROMMAPOJKARNA,2007,8,0,
7501,"LYCÉN, TOMMY",Nej,SWE,,1981-10-05,,GAIS,2008-2010,58,5,
2705,"LYDÉN, HUGO",Nej,SWE,,1920-12-18,2014-07-08,IF ELFSBORG,1943-1951,135,44,EJ 191218
4648,"LYDÉN, STEFAN",Nej,SWE,,1954-04-19,,IF ELFSBORG,1973-1977,18,1,
5246,"LYDSSON, GUDJON PETUR",Nej,I,,1987-12-28,,HELSINGBORGS IF,2011,3,0,SKV
8208,"LYYSKI, JANI",Nej,FIN,,1983-03-16,,DJURGÅRDENS IF,2010-2011,41,0,
7468,"LÄNDIN, JOHAN",Nej,SWE,,1973-10-06,,ASSYRISKA FF,2005,23,0,
4064,"LÖF, BJÖRN",Nej,SWE,BÖNAN,1945-03-09,,HAMMARBY IF,1962-1972,125,1,
2743,"LÖFBERG, GERHARD",Nej,SWE,,1925-05-24,2008-12-21,REYMERSHOLMS IK,1942,2,0,
1976,"LÖFGREN, GUNNAR",Nej,SWE,,1910-11-30,2012-03-11,IFK GÖTEBORG,1932-1938,121,10,MARIEHOLM
3434,"LÖFGREN, GÖSTA",Nej,SWE,LÖVET,1923-08-29,2006-09-05,MOTALA AIF,1958,25,9,
3434,"LÖFGREN, GÖSTA",Nej,SWE,LÖVET,1923-08-29,2006-09-05,IFK NORRKÖPING,1960-1963,42,18,
3444,"LÖFGREN, IVAR",Nej,SWE,,1938-12-20,,SANDVIKENS AIK,1955,1,0,
9703,"LÖFGREN, JESPER",Nej,SWE,,1997-05-03,,MJÄLLBY AIF,2020,29,1,
9703,"LÖFGREN, JESPER",Nej,SWE,,1997-05-03,,DJURGÅRDENS IF,2021-2023,62,2,
9703,"LÖFGREN, JESPER",Nej,SWE,,1997-05-03,,IF BROMMAPOJKARNA,2023,9,0,
6747,"LÖFGREN, NICLAS",Nej,SWE,,1979-02-21,,ÖRGRYTE IS,1999-2000,2,0,
6747,"LÖFGREN, NICLAS",Nej,SWE,,1979-02-21,,PANOS LJUNGSKILE SK,2008,28,4,
3419,"LÖFGREN, SIGGE",Nej,SWE,,1928-04-12,1996-04-21,HELSINGBORGS IF,1951-1952,7,0,
1975,"LÖFGREN, STIG",Nej,SWE,,1919-04-30,1986-12-30,IFK GÖTEBORG,1937-1938,11,3,MARIEHOLM
1975,"LÖFGREN, STIG",Nej,SWE,,1919-04-30,1986-12-30,GÅRDA BK,1940-1943,76,20,
7315,"LÖFGREN, TOBIAS",Nej,SWE,,1984-03-27,,ÖRGRYTE IS,2003,1,0,MKL TÖLÖ IF
2724,"LÖFGREN, ÅKE",Nej,SWE,SMYGEN,1912-01-28,1987-12-07,HAMMARBY IF,1940,18,0,
5958,"LÖFHOLM, TONY",Nej,SWE,,1976-12-07,,HAMMARBY IF,2001,4,0,
9429,"LÖFKVIST, HENRIK",Nej,SWE,,1995-05-05,,DALKURD FF,2018,28,2,
9429,"LÖFKVIST, HENRIK",Nej,SWE,,1995-05-05,,KALMAR FF,2019-2021,28,1,
8248,"LÖFQUIST, DAVID",Nej,SWE,,1986-08-06,,MJÄLLBY AIF,2010-2023,184,27,
8248,"LÖFQUIST, DAVID",Nej,SWE,,1986-08-06,,MALMÖ FF,2012,4,0,
1412,"LÖFVÉN, RUNO",Nej,SWE,,1895-10-01,1978-01-11,VÄSTERÅS IK,1925,16,1,
4081,"LÖNN, BIRGER",Nej,SWE,,1938-01-06,,IFK NORRKÖPING,1962-1964,8,0,FR FÅGELFORS IF 60
4658,"LÖNN, KJELL",Nej,SWE,,1953-02-15,,HAMMARBY IF,1975,18,0,
7976,"LÖNN, OLIVER",Nej,SWE,,1990-12-12,,IFK NORRKÖPING,2008,1,0,
5521,"LÖNN, PETER",Nej,SWE,,1961-07-13,,IFK NORRKÖPING,1980-1992,137,21,
5550,"LÖNN, ROGER",Nej,SWE,,1967-08-01,,IFK NORRKÖPING,1989,2,0,
3395,"LÖNN, ROLAND",Nej,SWE,,1927-01-07,1998-12-06,AIK,1951,3,0,
5333,"LÖVEGAARD, LEIF",Ja,SWE,,1963-04-30,,DJURGÅRDENS IF,1986,1,0,
2734,"LÖVENDAHL, OSKAR",Nej,SWE,,1919-12-31,1952-07-02,LUDVIKA FFI,1945,13,4,
4644,"LÖVFORS, PER",Nej,SWE,,1953-09-21,,DJURGÅRDENS IF,1973-1976,87,16,
3437,"LÖVGREN, KURT",Nej,SWE,LÖVA,1930-06-28,2022-08-05,IFK NORRKÖPING,1952-1960,43,2,
4075,"LÖWEGREN, ROLAND",Nej,SWE,JUSKO,1942-01-24,,MALMÖ FF,1962-1968,44,0,
2697,"LÖÖF, RUNE",Nej,SWE,,1919-01-25,1974-02-18,BILLINGSFORS IK,1947,2,0,DÖDB 740219
2289,"LÖÖV, MARKUS",Nej,SWE,,1910-06-06,1984-12-06,SANDVIKENS IF,1930-1931,23,9,
3426,"LÖÖW, GÖSTA",Nej,SWE,,1931-03-09,2016-10-04,KALMAR FF,1955,2,0,"FR KALMAR AIK, SEN UDDEV"
4093,"LÖÖW, MORGAN",Nej,SWE,,1950-03-03,,ÖRGRYTE IS,1968,5,0,
6755,"MAANOJA, TONI",Ja,FIN,,1986-09-12,,AIK,2008-2010,26,0,
9888,"MAAROUF, SAMIR",Nej,SWE,,2001-02-01,,BK HÄCKEN,2021,7,0,
4923,"MACDONALD, MALCOLM",Nej,ENG,SUPER-MAC,1950-01-07,,DJURGÅRDENS IF,1979,8,2,
8541,"MACHADO, GABRIEL",Nej,BRA,,1989-09-02,,SYRIANSKA FC,2013,3,0,G.TEIXEIRA MACHADO
9794,"MADJED, MONTADER",Nej,SWE,,2005-04-24,,VARBERGS BOIS,2021-2022,8,0,
9794,"MADJED, MONTADER",Nej,SWE,,2005-04-24,,HAMMARBY IF,2023,16,1,
5140,"MADSEN, PETER",Nej,SWE,,1960-05-04,,BK HÄCKEN,1983,20,1,
6038,"MADSEN, THOMAS",Nej,DAN,,1962-01-19,,ÖRGRYTE IS,1993,24,0,
4116,"MAGNIL, KJELL",Nej,SWE,,1937-09-26,2007-01-17,ÖREBRO SK,1961-1962,32,4,FR MALUNGS IF
6634,"MAGNUSSON, ANDERS",Nej,SWE,AJA,1967-08-03,,VÄSTRA FRÖLUNDA IF,1998,25,0,
3456,"MAGNUSSON, ARNE",Nej,SWE,,1923-11-11,1976-11-27,IF ELFSBORG,1950,1,0,"FR SVENLJUNGA, MJÖBÄCK"
4696,"MAGNUSSON, BENNO",Nej,SWE,,1953-02-04,,ÅTVIDABERGS FF,1971-1976,64,11,
4696,"MAGNUSSON, BENNO",Nej,SWE,,1953-02-04,,KALMAR FF,1977-1984,150,31,
2007,"MAGNUSSON, BIRGER",Ja,SWE,KRAXEN,1916-06-27,1996-06-05,IK BRAGE,1938,17,0,
4118,"MAGNUSSON, CARRY",Nej,SWE,,1942-05-07,,ÖRGRYTE IS,1967,1,0,
6823,"MAGNUSSON, DAG",Nej,SWE,,1971-10-18,,GAIS,2000,18,0,
4693,"MAGNUSSON, DAN",Nej,SWE,,1953-05-21,,IF ELFSBORG,1975-1980,59,6,
4105,"MAGNUSSON, EDDY",Nej,SWE,,1947-07-17,,GAIS,1966-1968,11,3,
4105,"MAGNUSSON, EDDY",Nej,SWE,,1947-07-17,,IFK GÖTEBORG,1977,7,0,
1438,"MAGNUSSON, FOLKE",Nej,SWE,RÄKAN,1902-07-01,1975-02-16,WESTERMALMS IF,1927-1929,26,5,
2770,"MAGNUSSON, GÖSTA",Nej,SWE,TAIKON,1920-02-14,2017-08-05,ÖRGRYTE IS,1940,10,0,"TYGAFFÄR,ÖIS 39-42"
2008,"MAGNUSSON, HOLGER",Nej,SWE,MAGNUS,1913-08-31,1980-05-30,IF ELFSBORG,1937-1945,20,0,
4109,"MAGNUSSON, HÅKAN",Nej,SWE,,1942-12-10,,HAMMARBY IF,1965-1967,43,0,
4109,"MAGNUSSON, HÅKAN",Nej,SWE,,1942-12-10,,IK SIRIUS,1969-1973,40,1,
9214,"MAGNUSSON, ISAK",Nej,SWE,,1998-06-16,,KALMAR FF,2017-2021,77,6,
5498,"MAGNUSSON, MATS",Nej,SWE,MASSE,1963-07-10,,MALMÖ FF,1981-1987,62,34,
5498,"MAGNUSSON, MATS",Nej,SWE,MASSE,1963-07-10,,HELSINGBORGS IF,1993,25,8,
5371,"MAGNUSSON, NIKLAS",Nej,SWE,,1968-08-21,,IF ELFSBORG,1987,2,0,
0740,"MAGNUSSON, OLOF",Nej,SWE,,1974-10-17,,IFK GÖTEBORG,1994-1998,18,0,
0740,"MAGNUSSON, OLOF",Nej,SWE,,1974-10-17,,GAIS,2000,17,0,
4101,"MAGNUSSON, PER-OLOF",Nej,SWE,PAJE,1939-09-22,2021-12-18,DJURGÅRDENS IF,1963,5,2,FR MBI
7918,"MAGNUSSON, PETER",Nej,SWE,,1984-07-16,,DJURGÅRDENS IF,2008-2009,24,0,
4705,"MAGNUSSON, PÄR",Nej,SWE,,1954-12-04,,ÅTVIDABERGS FF,1974-1979,38,2,
4984,"MAGNUSSON, ROGER",Nej,SWE,,1954-05-19,,LANDSKRONA BoIS,1979-1980,13,3,
4098,"MAGNUSSON, ROLAND",Nej,SWE,TURKEN,1943-09-17,,DJURGÅRDENS IF,1965-1967,12,1,
4098,"MAGNUSSON, ROLAND",Nej,SWE,TURKEN,1943-09-17,,AIK,1970-1973,61,2,
2011,"MAGNUSSON, TAGE",Nej,SWE,,1915-07-17,1999-12-25,IS HALMIA,1934,1,0,
6738,"MAGNUSSON, THOMAS",Nej,SWE,LINDH,1978-01-25,,TRELLEBORGS FF,1999-2004,76,1,
6738,"MAGNUSSON, THOMAS",Nej,SWE,LINDH,1978-01-25,,IFK NORRKÖPING,2008,24,1,
7418,"MAGRO, FELICIANO",Nej,IT,FELIX,1979-02-02,,LANDSKRONA BoIS,2004,7,1,ITA/SWI
7418,"MAGRO, FELICIANO",Nej,IT,FELIX,1979-02-02,,DJURGÅRDENS IF,2005-2007,24,1,
7418,"MAGRO, FELICIANO",Nej,IT,FELIX,1979-02-02,,IFK NORRKÖPING,2008,24,2,
5072,"MAGUIRE, PAUL",Nej,SKO,,1956-08-21,,IK BRAGE,1984,9,0,
8195,"MAGYAR, RICHARD",Nej,SWE,,1991-05-03,,HALMSTADS BK,2010-2014,79,2,
8195,"MAGYAR, RICHARD",Nej,SWE,,1991-05-03,,HAMMARBY IF,2015-2022,92,5,
8041,"MAHLANGU, MAY",Nej,RSA,,1989-05-01,,HELSINGBORGS IF,2009-2013,98,7,
8041,"MAHLANGU, MAY",Nej,RSA,,1989-05-01,,IFK GÖTEBORG,2014,24,5,
8340,"MAHOLLI, SHKODRAN",Nej,SWE,,1993-04-10,,HALMSTADS BK,2011-2015,17,0,
8340,"MAHOLLI, SHKODRAN",Nej,SWE,,1993-04-10,,BK HÄCKEN,2017,9,0,
8340,"MAHOLLI, SHKODRAN",Nej,SWE,,1993-04-10,,IK SIRIUS,2017-2018,28,7,
8340,"MAHOLLI, SHKODRAN",Nej,SWE,,1993-04-10,,HELSINGBORGS IF,2020,3,0,
6996,"MAHR, TONY",Nej,SWE,,1986-01-08,,HELSINGBORGS IF,2006,1,0,
9422,MAIKEL,Nej,SPA,ANTONIO NIEVES MARTIN,1989-12-02,,IF BROMMAPOJKARNA,2018,20,0,
8707,"MAIKKULA, ANTON",Nej,SWE,,1997-02-03,,KALMAR FF,2016-2017,7,0,
8234,"MAJEED, WARIS",Nej,GHA,,1991-09-19,,BK HÄCKEN,2010-2012,55,26,
6522,"MAJSTOROVIC, DANIEL",Nej,SWE/KRO,,1977-04-05,,MALMÖ FF,2001-2004,86,9,EV SWE/SER
6522,"MAJSTOROVIC, DANIEL",Nej,SWE/KRO,,1977-04-05,,AIK,2012-2013,12,1,
9782,"MAKOLLI, ELISON",Nej,SWE,,2005-01-10,,MALMÖ FF,2023,1,0,
7873,"MAKOLLI, TRIMI",Nej,SWE,LJEUTRIM,1992-01-02,,DJURGÅRDENS IF,2009-2011,2,0,
7115,"MAKONDELE, RENE",Nej,COD,,1982-04-20,,DJURGÅRDENS IF,2002-2004,44,5,COD=KONGO DEM REP
7115,"MAKONDELE, RENE",Nej,COD,,1982-04-20,,GEFLE IF,2005-2007,61,12,
7115,"MAKONDELE, RENE",Nej,COD,,1982-04-20,,HELSINGBORGS IF,2007-2010,70,17,
7115,"MAKONDELE, RENE",Nej,COD,,1982-04-20,,BK HÄCKEN,2010-2016,162,42,
8408,"MALJICI, ENIS",Nej,SWE,,1994-04-05,,GAIS,2012,1,0,
7204,"MALKE, FADI",Nej,SWE,,1986-01-13,,HAMMARBY IF,2007,3,0,
2012,"MALM, ALLAN",Nej,SWE,,1908-08-31,1953-08-06,IS HALMIA,1933,14,0,
4111,"MALM, FOLKE",Nej,SWE,,1939-02-03,,JÖNKÖPINGS SÖDRA IF,1960,2,0,
2766,"MALM, GÖSTA",Nej,SWE,TODDE,1917-02-05,1988-02-19,IFK NORRKÖPING,1941-1950,189,23,
2769,"MALM, GÖSTA",Nej,SWE,,1919-09-12,2009-04-12,ÖREBRO SK,1949,11,0,
2763,"MALM, GÖTE",Nej,SWE,,1914-04-21,1992-10-15,MALMÖ FF,1941-1942,32,6,
1431,"MALM, OTTO",Nej,SWE,PETTER,1890-02-08,1969-07-04,HELSINGBORGS IF,1925-1928,44,35,
8348,"MALM, TOBIAS",Nej,SWE,,1992-01-21,,MALMÖ FF,2011,6,0,
4701,"MALM, TOMAS",Nej,SWE,,1954-08-25,,IFK NORRKÖPING,1972-1978,116,2,BK KENTY
4113,"MALMBERG, CHRISTER",Nej,SWE,,1947-01-10,,MALMÖ FF,1966-1975,43,5,
4700,"MALMBERG, CLAES",Nej,SWE,,1952-03-11,,MALMÖ FF,1974-1980,61,1,
4700,"MALMBERG, CLAES",Nej,SWE,,1952-03-11,,LANDSKRONA BoIS,1980,17,0,
2756,"MALMBERG, GUNNAR",Nej,SWE,,1924-02-08,1984-11-01,IS HALMIA,1947-1948,7,0,"FR NYHEM, SEN ALET"
3466,"MALMBERG, KNUT",Nej,SWE,,1932-11-23,2013-01-04,RÅÅ IF,1951-1952,17,3,
2755,"MALMBERG, STIG",Nej,SWE,,1926-02-12,2006-12-21,IS HALMIA,1944-1946,2,0,
7055,"MALMBERG, SVEN",Nej,SWE,,1920-02-08,2012-12-10,IS HALMIA,1945-1948,16,0,"HBK, TR ASTRIO 56"
3467,"MALMBERG, SVEN-OLOF",Nej,SWE,,1927-01-13,1990-05-31,RÅÅ IF,1951,7,0,
8413,"MALMBORG, LINUS",Nej,SWE,,1988-02-16,,GEFLE IF,2012,14,0,
4698,"MALMBORG, SVEN",Nej,SWE,SKINKAN,1938-03-01,2016-04-29,LANDSKRONA BoIS,1971,5,0,
3459,"MALMGREN, ANDERS",Nej,SWE,,1933-06-02,2021-06-18,HALMSTADS BK,1956-1959,23,0,
2760,"MALMKVIST, STIG",Ja,SWE,NINA,1922-11-13,2002-05-10,HELSINGBORGS IF,1943,1,0,
2760,"MALMKVIST, STIG",Ja,SWE,NINA,1922-11-13,2002-05-10,RÅÅ IF,1951-1952,43,0,
4702,"MALMQVIST, HÅKAN",Nej,SWE,,1952-11-26,,IFK NORRKÖPING,1975,2,0,INTE 1 M 1974
7149,"MALMQVIST, LINUS",Nej,SWE,,1981-09-09,,LANDSKRONA BoIS,2002-2004,16,0,
7149,"MALMQVIST, LINUS",Nej,SWE,,1981-09-09,,TRELLEBORGS FF,2007,22,1,
7551,"MALMQVIST, ROBIN",Ja,SWE,,1987-11-13,,ÖSTERS IF,2006,13,0,
7551,"MALMQVIST, ROBIN",Ja,SWE,,1987-11-13,,HALMSTADS BK,2010,24,0,
3465,"MALMROS, GUSTAV",Nej,SWE,,1923-10-23,1998-11-04,IFK MALMÖ,1953,1,0,
2759,"MALMSTRÖM, HANS",Nej,SWE,,1921-06-09,1994-10-18,MALMÖ FF,1943-1950,107,0,
2759,"MALMSTRÖM, HANS",Nej,SWE,,1921-06-09,1994-10-18,HELSINGBORGS IF,1951-1954,74,0,
0941,"MALMSTRÖM, HÅKAN",Nej,SWE,,1977-07-16,,IF BROMMAPOJKARNA,2007,24,2,
3460,"MALMSTRÖM, JAN",Nej,SWE,,1931-06-13,2017-11-06,HAMMARBY IF,1956,2,0,FR MÄLARH
7433,"MAMBO MUMBA, ROBERT",Nej,KEN,,1978-10-25,,ÖREBRO SK,2004,12,1,
7433,"MAMBO MUMBA, ROBERT",Nej,KEN,,1978-10-25,,BK HÄCKEN,2006,15,4,
7433,"MAMBO MUMBA, ROBERT",Nej,KEN,,1978-10-25,,GIF SUNDSVALL,2008,24,6,
8830,"MANÉ, MALICK",Nej,SEN,,1988-10-14,,IFK GÖTEBORG,2014,11,1,
3463,"MANFREDSSON, BERNT",Nej,SWE,MASSE,1924-12-03,2015-05-02,KALMAR FF,1950,11,0,FR HOVMANTORP
6975,"MANGFORS, JOHAN",Nej,SWE,,1985-02-05,,HALMSTADS BK,2005,1,0,
0546,"MANGLIND, ISSA",Nej,SWE,,1971-09-22,,TRELLEBORGS FF,1993-1996,55,15,
4108,"MANNBERG, SÖREN",Nej,SWE,,1942-03-27,,HAMMARBY IF,1967-1971,56,4,
1430,"MANNHEIM, CARL",Nej,SWE,,1903-03-10,1987-03-23,HAMMARBY IF,1925,10,0,
1430,"MANNHEIM, CARL",Nej,SWE,,1903-03-10,1987-03-23,WESTERMALMS IF,1927-1929,43,0,
8708,"MANNS, JESPER",Nej,SWE,,1995-08-05,,IF ELFSBORG,2015-2019,55,1,
8708,"MANNS, JESPER",Nej,SWE,,1995-08-05,,KALMAR FF,2019,10,0,
7469,"MANOVIC, ZORAN",Nej,SCG,,1968-12-22,,ASSYRISKA FF,2005,23,0,
9903,"MANZAMBI, NEFTALI",Nej,SWI/AN,,1997-04-23,,MJÄLLBY AIF,2021,4,0,
6842,"MANZILA, PATRIK",Nej,SWE,,1980-01-13,,HAMMARBY IF,2000-2001,6,0,
8346,MARANHAO,Nej,BRA,WENDERSON DASILVASOARES,1992-05-19,,BK HÄCKEN,2011,5,0,
8380,MARANHAO,Nej,BRA,THIAGO PINTO BORGES,1988-10-22,,TRELLEBORGS FF,2011,3,0,
9180,MARANHAO,Nej,BRA,WANDERSON CAVALC. MELO,1994-07-26,,ATHLETIC FC ESKILSTU,2017,9,0,
1435,"MARAWIANSKY, MENDEL",Nej,SWE,MIRRA,1896-05-05,1945-05-21,IFK MALMÖ,1926,19,3,
7723,MARCELINHO,Nej,BRA,MARCELO OLIVEIRA DA SILV,1984-04-10,,ÖRGRYTE IS,2006,6,0,SKV
4687,"MARCUS, BÖRJE",Nej,SWE,,1948-05-02,,AIK,1971-1975,104,2,
4687,"MARCUS, BÖRJE",Nej,SWE,,1948-05-02,,ÅTVIDABERGS FF,1976-1979,39,0,
8709,"MARIC, ADNAN",Nej,SWE,,1997-02-17,,BK HÄCKEN,2020,7,0,
8709,"MARIC, ADNAN",Nej,SWE,,1997-02-17,,VARBERGS BOIS,2023,2,0,
7703,"MARIGA, MCDONALD",Nej,KEN,,1987-04-04,,HELSINGBORGS IF,2006-2007,37,6,
7403,MARINHO,Nej,BRA,MAIRON CESAR REIS,1979-08-27,,HAMMARBY IF,2004,1,0,
8261,"MARINHO, BRUNO",Nej,BRA,,1984-07-05,,ÅTVIDABERGS FF,2010-2015,44,0,
7917,"MARINKOVIC, NEBOJSA",Nej,SER,,1986-06-19,,DJURGÅRDENS IF,2008,3,0,
4099,"MARINUS, ROLF",Ja,SWE,,1947-12-08,2023-01-05,HELSINGBORGS IF,1965,2,0,
4099,"MARINUS, ROLF",Ja,SWE,,1947-12-08,2023-01-05,IK SIRIUS,1969-1974,45,0,
4099,"MARINUS, ROLF",Ja,SWE,,1947-12-08,2023-01-05,BK DERBY,1977,2,0,
7789,"MARIPUU, NIKLAS",Nej,SWE,,1992-03-02,,AIK,2010-2012,16,0,
7789,"MARIPUU, NIKLAS",Nej,SWE,,1992-03-02,,DEGERFORS IF,2021,3,0,
3980,"MARKKANEN, EERO",Nej,FIN,,1991-07-03,,AIK,2014-2017,49,16,
3980,"MARKKANEN, EERO",Nej,FIN,,1991-07-03,,DALKURD FF,2018,12,1,
4688,"MARKLUND, CLAES",Nej,SWE,,1951-01-30,,AIK,1974-1979,100,0,
6650,"MARKLUND, GÖRAN",Nej,SWE,,1975-10-02,,AIK,2004,7,0,
8988,"MARKLUND, SIMON",Nej,SWE,,1999-09-14,,ÅTVIDABERGS FF,2015,1,0,
9883,"MARKO, ALJOSA",Nej,SLN,,2000-03-29,,HAMMARBY IF,2021,13,2,
4978,"MARKO, MIKAEL",Nej,SWE,OSSI,1961-02-16,,KALMAR FF,1979-1986,149,7,
4978,"MARKO, MIKAEL",Nej,SWE,OSSI,1961-02-16,,GAIS,1988-1989,41,1,
5050,"MARKOVIC, BRANCO",Nej,SWE,BULLEN,1964-04-13,,AIK,1982-1983,18,1,EG BRANISLAV
9961,"MARKOVIC, EMAN",Nej,SWE,,1999-05-08,,IFK NORRKÖPING,2022,15,1,
9961,"MARKOVIC, EMAN",Nej,SWE,,1999-05-08,,IFK GÖTEBORG,2022-2023,25,1,
6495,"MARKSTEDT, PETER",Nej,SWE,,1972-01-11,,VÄSTERÅS SK,1997,23,4,
6495,"MARKSTEDT, PETER",Nej,SWE,,1972-01-11,,HELSINGBORGS IF,1999,9,0,
6495,"MARKSTEDT, PETER",Nej,SWE,,1972-01-11,,HAMMARBY IF,2001-2003,61,20,
5130,"MARKSTRÖM, ANDERS",Ja,SWE,,1960-05-12,,HAMMARBY IF,1980-1982,49,0,
5130,"MARKSTRÖM, ANDERS",Ja,SWE,,1960-05-12,,GEFLE IF,1984,13,0,
8959,"MARKSTRÖM, TIM",Ja,SWE,,1986-10-09,,HAMMARBY IF,2015,5,0,
6218,"MARON, KENNETH",Nej,SWE,ITALIENER,1973-06-16,,DJURGÅRDENS IF,1995,5,0,
5884,"MAROVIC, SLOBODAN",Nej,JUG,MARRE,1964-07-13,,IFK NORRKÖPING,1992-1994,58,5,
6595,"MARTEINSSON, PETUR",Nej,ISL,,1973-07-14,,HAMMARBY IF,1998-2006,72,7,
5155,"MARTIDIS, VASSILIOS",Nej,GRE,VASSE,1959-09-21,,KALMAR FF,1982-1985,12,0,
9744,"MARTIN, BRIAN",Nej,SPA,,1996-04-09,,ÖSTERSUNDS FK,2020,4,0,
5026,"MARTINDAHL, GLENN",Nej,SWE,,1955-07-16,,ÅTVIDABERGS FF,1978-1982,113,36,
5026,"MARTINDAHL, GLENN",Nej,SWE,,1955-07-16,,ÖRGRYTE IS,1983-1987,70,26,
0738,"MARTINEZ, DANIEL",Nej,SWE,DANI OLSSON,1973-01-09,,DJURGÅRDENS IF,1992-1995,15,1,
5143,"MARTINSSON, ANDERS",Nej,SWE,,1962-03-13,,BK HÄCKEN,1983,17,0,
4703,"MARTINSSON, BO",Nej,SWE,,1950-02-24,,IFK NORRKÖPING,1971-1972,3,0,
2016,"MARTINSSON, FRIDOLF",Nej,SWE,,1914-07-21,1972-10-14,ÖRGRYTE IS,1936-1940,80,47,
2016,"MARTINSSON, FRIDOLF",Nej,SWE,,1914-07-21,1972-10-14,MALMÖ FF,1941-1942,30,15,
5115,"MARTINSSON, GLENN",Nej,SWE,,1957-12-01,,HALMSTADS BK,1980,13,0,
5115,"MARTINSSON, GLENN",Nej,SWE,,1957-12-01,,ÖRGRYTE IS,1981-1982,6,0,
2015,"MARTINSSON, GUNNAR",Nej,SWE,,1908-10-04,1991-01-10,MALMÖ FF,1932-1938,52,0,
6001,"MARTINSSON, HÅKAN",Nej,SWE,,1970-02-11,,HALMSTADS BK,1993,5,0,
4112,"MARTINSSON, JÖRGEN",Nej,SWE,,1945-03-10,,MALMÖ FF,1966,1,0,SEN IFK YSTAD 70
4704,"MARTINSSON, LARS",Nej,SWE,,1949-01-14,,IF SAAB,1973,25,5,
5358,"MARTINSSON, MIKAEL",Nej,SWE,,1966-03-29,,DJURGÅRDENS IF,1989-1992,74,20,
5358,"MARTINSSON, MIKAEL",Nej,SWE,,1966-03-29,,IFK GÖTEBORG,1993-1998,110,29,
5358,"MARTINSSON, MIKAEL",Nej,SWE,,1966-03-29,,IF ELFSBORG,1998-2000,49,7,
5539,"MARTINSSON, TONY",Nej,SWE,,1966-11-27,,IFK NORRKÖPING,1987-1994,36,3,
3542,"MARTINSSON, ÖRJAN",Nej,SWE,,1936-11-01,1997-02-28,IFK NORRKÖPING,1959-1967,173,53,
8088,"MARTINSSON NGOUALI, SERGE-JUNIOR",Nej,SWE,,1992-01-23,,IF BROMMAPOJKARNA,2010-2014,68,2,
8088,"MARTINSSON NGOUALI, SERGE-JUNIOR",Nej,SWE,,1992-01-23,,HAMMARBY IF,2017-2020,73,3,
8816,"MARTLER, OTTO",Ja,SWE,,1987-04-14,,FALKENBERGS FF,2014-2016,77,0,
7033,"MARUTI, BONIVENTURE",Nej,KEN,BONIEK,1976-04-10,,ÖREBRO SK,2001-2002,33,9,
9639,"MAS, MARC",Nej,SPA,,1990-06-01,,GIF SUNDSVALL,2019,9,0,
8967,"MASHAMAITE, TEFU",Nej,RSA,,1984-09-27,,BK HÄCKEN,2015-2016,11,2,
8377,"MASSI, ROBERT",Nej,SWE,,1987-01-02,,SYRIANSKA FC,2011-2013,35,2,
7482,MATEUS,Nej,CPV/POR,M.HENRIQUE FONSECA LOPES,1975-12-07,,ASSYRISKA FF,2005,4,0,
1065,"MATHIASSON, ALLAN",Nej,SWE,MATTA,1908-03-08,1969-03-08,IFK GÖTEBORG,1927-1934,10,8,I VARBERG VÅR 28
1065,"MATHIASSON, ALLAN",Nej,SWE,MATTA,1908-03-08,1969-03-08,GAIS,1931-1932,29,17,
1065,"MATHIASSON, ALLAN",Nej,SWE,MATTA,1908-03-08,1969-03-08,IS HALMIA,1933,16,8,
1429,"MATHIASSON, SIGURD",Ja,SWE,,1904-09-17,1998-05-29,GAIS,1925,13,0,TILL VARBERG 2803
9192,"MATHISEN, MARCUS",Nej,DAN,,1996-02-27,,HALMSTADS BK,2017,28,2,
9192,"MATHISEN, MARCUS",Nej,DAN,,1996-02-27,,FALKENBERGS FF,2019-2020,43,3,
9192,"MATHISEN, MARCUS",Nej,DAN,,1996-02-27,,IK SIRIUS,2021-2023,64,5,
9165,"MATIC, SASA",Nej,SWE,,1993-09-25,,ATHLETIC FC ESKILSTU,2017,21,1,
4689,"MATIKAINEN, PAUL",Nej,SWE,SVANG,1951-01-06,,BRYNÄS IF,1974,2,0,EJ PAULI
7715,"MATOS, THIAGO",Nej,BRA,,1983-01-10,,KALMAR FF,2006,2,0,T.NOVAES SILVA MATOS
5820,"MATOVAC, JOZO",Nej,SWE,,1970-05-22,,BK HÄCKEN,1993-1994,52,5,
5820,"MATOVAC, JOZO",Nej,SWE,,1970-05-22,,ÖRGRYTE IS,1995-1998,84,1,
5820,"MATOVAC, JOZO",Nej,SWE,,1970-05-22,,HELSINGBORGS IF,2000-2002,42,1,
9625,"MATTHEWS, TASHREEQ",Nej,RSA,,2000-09-12,,HELSINGBORGS IF,2019,2,0,
9625,"MATTHEWS, TASHREEQ",Nej,RSA,,2000-09-12,,VARBERGS BOIS,2020-2022,55,6,
9625,"MATTHEWS, TASHREEQ",Nej,RSA,,2000-09-12,,IK SIRIUS,2022-2023,42,10,
5635,"MATTHEWSON, TREVOR",Nej,ENG,,1963-02-12,,ÖRGRYTE IS,1988,5,0,
6259,"MATTIASSON, CHRISTER",Nej,SWE,,1971-07-29,,IF ELFSBORG,1997-1998,49,26,
6259,"MATTIASSON, CHRISTER",Nej,SWE,,1971-07-29,,AIK,1999-2000,43,16,
6259,"MATTIASSON, CHRISTER",Nej,SWE,,1971-07-29,,DJURGÅRDENS IF,2001-2002,29,4,
3458,"MATTIASSON, HARRIS",Nej,SWE,,1930-03-08,2018-07-21,IFK GÖTEBORG,1955-1958,43,19,
5569,"MATTILA, PEKKA",Nej,FIN,,1967-07-09,,GIF SUNDSVALL,1989,15,0,
2754,"MATTISSON, GÖSTA",Nej,SWE,,1922-08-01,2013-07-27,GÅRDA BK,1942,1,0,
6325,"MATTISSON, HANS",Nej,SWE,,1972-08-29,,MALMÖ FF,1996-2006,171,16,
6325,"MATTISSON, HANS",Nej,SWE,,1972-08-29,,HALMSTADS BK,2006-2007,35,2,
7497,"MATTSSON, BENNY",Nej,SWE,,1978-08-05,,GEFLE IF,2005-2006,26,3,
7497,"MATTSSON, BENNY",Nej,SWE,,1978-08-05,,GIF SUNDSVALL,2008,4,1,
4695,"MATTSSON, BO",Nej,SWE,,1949-06-21,,ÖRGRYTE IS,1970-1973,69,3,
4695,"MATTSSON, BO",Nej,SWE,,1949-06-21,,HALMSTADS BK,1974-1981,87,0,
4695,"MATTSSON, BO",Nej,SWE,,1949-06-21,,HAMMARBY IF,1976-1978,50,0,
4694,"MATTSSON, JACKIE",Nej,SWE,JACOB,1955-07-02,2018-09-09,IF ELFSBORG,1975-1979,71,8,AVL I GRAN CANARIA
4120,"MATTSSON, JAN",Nej,SWE,LILL-DAMMA,1951-04-17,,ÖSTERS IF,1969-1984,210,123,
6121,"MATTSSON, JESPER",Nej,SWE,,1968-04-18,,BK HÄCKEN,1994,24,3,
6121,"MATTSSON, JESPER",Nej,SWE,,1968-04-18,,HALMSTADS BK,1995-1998,101,9,
7319,"MATTSSON, JOHAN",Nej,SWE,JOCKE,1973-11-06,,ÖSTERS IF,2003,16,1,
6028,"MATTSSON, NIKLAS",Nej,SWE,,1968-05-27,,TRELLEBORGS FF,1993-1995,40,0,
6347,"MATTSSON, PETER",Nej,SWE,,1978-03-30,,IK ODDEVOLD,1996,1,0,
2751,"MATTSSON, SVEN",Nej,SWE,,1924-03-06,1970-08-09,AIK,1945,7,2,
8379,"MATTSSON, TOBIAS",Nej,SWE,,1991-03-09,,TRELLEBORGS FF,2011,7,0,
4691,"MATTSSON, TORGNY",Ja,SWE,TOSSE,1948-06-07,,DJURGÅRDENS IF,1971,6,0,
4979,"MAUERMANN, GÜNTHER",Nej,SWE,,1959-06-27,,LANDSKRONA BoIS,1978-1979,12,0,
6216,"MAVRAK, DARKO",Nej,KRO,,1969-01-19,,DJURGÅRDENS IF,1995,22,1,SV MEDB
6216,"MAVRAK, DARKO",Nej,KRO,,1969-01-19,,IFK NORRKÖPING,1996-1997,27,1,
9628,MAXWELL,Nej,BRA,EMAXWELL SOUZA DA LIMA,1995-02-11,,KALMAR FF,2019,14,0,
8814,"MAYAMBELA, MARK",Nej,RSA,,1987-09-09,,DJURGÅRDENS IF,2014,15,1,
9008,"MAYAMBELA, MIHLALI",Nej,RSA,,1996-08-25,,DJURGÅRDENS IF,2016,8,0,
9618,"MBO, NOEL",Nej,ENG/COD,,1999-03-14,,HELSINGBORGS IF,2019-2020,12,0,
9243,"MBOMBO, YANIS",Nej,BEL/KONG,,1994-04-08,,ÖREBRO SK,2017,4,0,
9295,"MBUNGA KIMPIOKA, BENJAMIN",Nej,SWE,,2000-02-21,,AIK,2022,16,1,
8460,"MBUTA, MATTHEW",Nej,KAM,,1985-12-21,,SYRIANSKA FC,2012,9,0,EG ANDONGCHO
5573,"MCCREERY, DAVID",Nej,NIRL,,1957-09-16,,GIF SUNDSVALL,1989,5,0,
5344,"MCDERMOTT, BRIAN",Nej,ENG,,1961-04-08,,IFK NORRKÖPING,1984,17,5,
5344,"MCDERMOTT, BRIAN",Nej,ENG,,1961-04-08,,DJURGÅRDENS IF,1986,12,2,
8429,"MCDONALD, JONATHAN",Nej,CRC,,1987-10-28,,KALMAR FF,2012-2013,55,6,
5625,"MCILROY, SAMMY",Nej,NIR,,1954-08-02,,ÖRGRYTE IS,1986,7,0,EG SAMUEL
5168,"MCKINNON, PAUL",Nej,ENG,,1958-08-01,,MALMÖ FF,1980-1981,17,7,
5636,"MCMANUS, STUART",Nej,SKO,,1965-03-19,,ÖRGRYTE IS,1988-1990,39,4,
6328,"MCPHERSON, MALCOLM",Nej,SKO,,1974-12-09,,IFK NORRKÖPING,1996,2,1,
8712,"MCVEY, CHRISTOPHER",Nej,SWE,,1997-04-12,,IF ELFSBORG,2017-2021,32,0,
9160,"MEADE, JERNADE",Nej,ENG,,1992-10-25,,ATHLETIC FC ESKILSTU,2017,20,0,
8049,"MEHIC, DAMIR",Ja,SWE,,1987-04-18,,BK HÄCKEN,2009-2010,4,0,
8049,"MEHIC, DAMIR",Ja,SWE,,1987-04-18,,JÖNKÖPINGS SÖDRA IF,2016,27,0,
7910,"MEHMETI, AGON",Nej,SWE,,1989-11-20,,MALMÖ FF,2008-2015,113,27,SWE/ALB/KOS
7910,"MEHMETI, AGON",Nej,SWE,,1989-11-20,,ÖREBRO SK,2019-2021,51,10,
2753,"MEIJER, BENGT",Nej,SWE,,1925-02-13,2006-03-13,DJURGÅRDENS IF,1948,16,3,FR SURAH+HALLSTAH
3469,"MEIJER, OVE",Nej,SWE,,1929-05-30,2010-05-19,ÖREBRO SK,1952,3,2,
5464,"MEISSNER, PETER",Nej,SWE,,1960-01-07,,HAMMARBY IF,1986-1988,20,1,
6963,"MELANDER, DENNIS",Nej,SWE,,1983-01-19,,TRELLEBORGS FF,2004-2011,111,1,
4107,"MELDEGREN, LARS-ERIK",Nej,SWE,,1944-04-26,2016-07-16,IS HALMIA,1963,9,0,
7962,"MELICHAREK, DUSAN",Ja,TJE,,1983-11-29,,MALMÖ FF,2008-2019,34,0,
4114,"MELIN, BÖRJE",Nej,SWE,,1939-02-02,2004-11-14,SANDVIKENS IF,1961,4,0,
3453,"MELIN, ELOF",Nej,SWE,LOFFE,1931-03-24,1983-06-03,AIK,1951,7,0,
3453,"MELIN, ELOF",Nej,SWE,LOFFE,1931-03-24,1983-06-03,HAMMARBY IF,1955,1,0,
2013,"MELLBERG, ALLAN",Nej,SWE,,1914-11-24,1999-01-11,HALMSTADS BK,1934-1945,74,25,
3452,"MELLBERG, BROR",Nej,SWE,VILDE JÄGARN,1923-12-09,2004-09-08,AIK,1950-1961,83,33,
6315,"MELLBERG, OLOF",Nej,SWE,,1977-09-03,,DEGERFORS IF,1996-1997,47,0,
6315,"MELLBERG, OLOF",Nej,SWE,,1977-09-03,,AIK,1998,17,0,
2752,"MELLBERG, RUNE",Nej,SWE,,1927-05-30,2018-02-15,BILLINGSFORS IK,1947,5,0,
1428,"MELLGREN, STEN",Nej,SWE,,1900-08-28,1989-09-03,AIK,1926,4,0,
6998,"MELLQVIST, ALEXANDER",Nej,SWE,,1986-01-29,,ÖRGRYTE IS,2005-2009,51,3,
2009,"MELLQVIST, NILS",Nej,SWE,,1912-11-17,2005-07-07,GAIS,1934-1936,16,0,
2290,"MELZIG, EINAR",Nej,SWE,,1906-01-12,1967-07-27,IFK MALMÖ,1932,8,2,
1630,"MEMELLI, MIGEN",Nej,ALB,,1980-04-25,,GAIS,2007-2008,17,0,
8358,"MENDES, CAIO",Nej,BRA,,1986-06-01,,IFK NORRKÖPING,2011,1,0,C.ROBERTO FREIRE MENDES
7675,"MENDES, DANIEL",Nej,BRA,,1981-01-18,,AIK,2006-2008,54,11,"(FREIRE MENDES),SWE 2012"
7675,"MENDES, DANIEL",Nej,BRA,,1981-01-18,,KALMAR FF,2009-2013,103,24,
9380,"MENDES, JOSAFAT",Nej,SWE,JOE,2002-12-31,,AIK,2022,24,0,
8534,"MENESES, CHRISTOPHER",Nej,CR,,1990-05-02,,IFK NORRKÖPING,2013-2014,32,2,
4827,"MENSAH, BABA",Nej,GHA,,1994-08-20,,BK HÄCKEN,2016,8,0,
9734,"MENSAH, GIDEON",Nej,GHA,,2000-10-09,,VARBERGS BOIS,2020-2022,50,1,
7825,"MENSAH, MICHAEL",Nej,GHA,,1981-07-05,,TRELLEBORGS FF,2007-2008,41,6,
8858,"MENSIRO, SAMUEL",Nej,GHA,MENSAH TID,1989-05-19,,ÖREBRO SK,2014-2015,9,0,
8858,"MENSIRO, SAMUEL",Nej,GHA,MENSAH TID,1989-05-19,,ÖSTERSUNDS FK,2016-2021,105,2,
7211,"MERKES, ELIAS",Nej,SWE/SYR,,1987-01-08,,ASSYRISKA FF,2005,1,0,
6105,"MERMER, CEBRAIL",Nej,SWE/TU,,1969-09-12,,HAMMARBY IF,1994-1995,6,0,
7154,"METE, GUDMUNDUR",Nej,ISL,,1981-02-04,,MALMÖ FF,2002,14,0,SKV
7217,"METE, MATTIAS",Nej,SWE,,1987-05-30,,ÅTVIDABERGS FF,2012-2013,26,4,
7217,"METE, MATTIAS",Nej,SWE,,1987-05-30,,SYRIANSKA FC,2013,14,3,
8368,"METE, SAMIR",Nej,SWE,,1987-10-27,,SYRIANSKA FC,2011-2012,6,0,
9575,"METS, KAROL",Nej,EST,,1993-05-16,,AIK,2019-2020,46,2,
8372,"MICHEL, ALEXANDER",Nej,SWE,,1992-11-14,,SYRIANSKA FC,2011-2013,45,3,
8372,"MICHEL, ALEXANDER",Nej,SWE,,1992-11-14,,ATHLETIC FC ESKILSTU,2017,23,0,
8539,"MICHEL, FELIX",Nej,SWE,,1994-07-23,,SYRIANSKA FC,2013,3,0,
8539,"MICHEL, FELIX",Nej,SWE,,1994-07-23,,ATHLETIC FC ESKILSTU,2019,8,0,
8539,"MICHEL, FELIX",Nej,SWE,,1994-07-23,,AIK,2019-2020,16,0,
1437,"MIHLBERG, HERBERT",Nej,SWE,MILLE,1902-02-25,1964-10-04,WESTERMALMS IF,1927-1929,29,5,
9599,"MIJALJEVIC, LUKA",Nej,SWE,,1991-03-09,,ATHLETIC FC ESKILSTU,2019,3,0,
8947,"MIKKELSEN, THOMAS",Nej,DAN,,1990-01-19,,IFK GÖTEBORG,2015,9,1,
9623,"MIKKELSEN, TOBIAS",Nej,DAN,,1986-09-18,,HELSINGBORGS IF,2019,8,2,
6827,"MIKULIC, TOMISLAV",Nej,SWE,,1972-10-12,,GAIS,2000,11,0,
3455,"MILD, HANS",Nej,SWE,TJALLE,1934-07-31,2007-12-23,DJURGÅRDENS IF,1955-1965,157,6,
3455,"MILD, HANS",Nej,SWE,TJALLE,1934-07-31,2007-12-23,IK SIRIUS,1969,22,0,
5427,"MILD, HÅKAN",Nej,SWE,,1971-06-14,,IFK GÖTEBORG,1989-2005,246,26,
7749,"MILENKOVIC, PHILIP",Nej,SWE,,1988-11-11,,TRELLEBORGS FF,2010,4,0,
6349,"MILESSON, MAGNUS",Nej,SWE,,1970-03-22,,TRELLEBORGS FF,1996-1997,14,0,
8006,"MILIC, HRVOJE",Nej,KRO,,1989-05-10,,DJURGÅRDENS IF,2009-2010,36,3,
9296,"MILJANOVIC, DANIEL",Nej,SWE,,2001-04-11,,ATHLETIC FC ESKILSTU,2019,10,0,
6257,"MILJANOVIC, NEMANJA",Nej,SWE,MANCE,1971-08-04,,IF ELFSBORG,2000,2,0,F I BOSNIEN
9590,"MILJEVIC, CHRISTIAN",Nej,SWE,,1992-07-15,,ATHLETIC FC ESKILSTU,2019,6,0,SWE/GRE/SER
8362,"MILLER, DWAYNE",Ja,RSA,,1987-07-14,,SYRIANSKA FC,2011-2013,66,0,
8075,"MILLER, ROY",Nej,CRC,,1984-11-24,,ÖRGRYTE IS,2009,14,0,
8226,"MILLER, RYAN",Nej,USA,,1984-12-14,,HALMSTADS BK,2010-2011,43,0,
9381,"MILLESKOG, NOEL",Nej,SWE,,2002-05-08,,ÖREBRO SK,2021,8,0,
9381,"MILLESKOG, NOEL",Nej,SWE,,2002-05-08,,DJURGÅRDENS IF,2023,11,1,
5898,"MILLESKOG, PATRIK",Nej,SWE,,1966-01-14,,ÖREBRO SK,1992-1993,4,0,
5414,"MILLQVIST, PÄR",Nej,SWE,,1967-05-24,,DJURGÅRDENS IF,1986,8,0,
5414,"MILLQVIST, PÄR",Nej,SWE,,1967-05-24,,IFK GÖTEBORG,1987-1988,7,2,
5414,"MILLQVIST, PÄR",Nej,SWE,,1967-05-24,,ÖREBRO SK,1989-1992,59,4,
5414,"MILLQVIST, PÄR",Nej,SWE,,1967-05-24,,AIK,1996-1998,58,0,
9743,"MILLS, ANDREW",Ja,ENG,,1994-07-15,,ÖSTERSUNDS FK,2020,1,0,
8319,"MILOSEVIC, ALEXANDER",Nej,SWE,,1992-01-30,,AIK,2011-2023,174,10,
7146,"MILOVANOVIC, DANIJEL",Nej,SWE,,1973-10-18,,LANDSKRONA BoIS,2002,12,6,
9382,"MILOVANOVIC, WILLIAM",Nej,SWE,,2002-05-06,,BK HÄCKEN,2021,2,0,
6436,"MILUTINOVIC, DUSAN",Nej,JUG,,1970-03-15,,DEGERFORS IF,1997,21,3,
7706,"MIRANDA, FRANCO",Nej,ARG/ITA,,1985-05-13,,HELSINGBORGS IF,2006-2007,19,0,
4692,"MISIORNY, HENRIK",Ja,SWE,,1957-02-26,2021-05-14,DJURGÅRDENS IF,1975,1,0,
9671,"MITKU, MATHIAS",Nej,SWE,,2001-07-20,,DJURGÅRDENS IF,2020,3,0,
7892,"MITOV NILSSON, DAVID",Ja,SWE,,1991-01-12,,IFK NORRKÖPING,2012-2017,115,0,
7892,"MITOV NILSSON, DAVID",Ja,SWE,,1991-01-12,,GIF SUNDSVALL,2019,11,0,
7892,"MITOV NILSSON, DAVID",Ja,SWE,,1991-01-12,,IK SIRIUS,2021-2023,42,0,
5299,"MJÄLLBY, JOHAN",Nej,SWE,,1971-02-09,,AIK,1989-2006,145,8,
5339,"MJÖRNE, SVANTE",Nej,SWE,,1958-03-13,,DJURGÅRDENS IF,1986,12,2,
7406,"MNGOMENI, THANDO",Nej,RSA,,1983-02-11,,HELSINGBORGS IF,2004-2005,29,3,
7140,"MOBAEK, DANIEL",Nej,SWE,,1980-05-22,,KALMAR FF,2002-2004,48,8,
7140,"MOBAEK, DANIEL",Nej,SWE,,1980-05-22,,IF ELFSBORG,2005-2014,206,13,
8258,"MOBERG, ERIK",Nej,SWE,,1986-07-05,,ÅTVIDABERGS FF,2010-2013,59,1,
8258,"MOBERG, ERIK",Nej,SWE,,1986-07-05,,ÖREBRO SK,2014-2016,72,4,
2291,"MOBERG, HELFRID",Nej,SWE,HELLE,1909-01-29,1992-10-23,HELSINGBORGS IF,1932,2,0,
0299,"MOBERG, JÖRGEN",Nej,SWE,,1971-06-02,,ÖSTERS IF,1991-1993,26,0,
8128,"MOBERG KARLSSON, DAVID",Nej,SWE,,1994-03-20,,IFK GÖTEBORG,2011-2013,30,2,
8128,"MOBERG KARLSSON, DAVID",Nej,SWE,,1994-03-20,,IFK NORRKÖPING,2016-2018,74,18,
9730,"MODIG, JESPER",Nej,SWE,,1994-09-06,,VARBERGS BOIS,2020,13,0,
4104,"MODIGH, JAN-OLOV",Nej,SWE,,1943-02-12,,IF ELFSBORG,1963-1969,59,0,
6260,"MODIGH, JOAKIM",Nej,SWE,,1969-09-02,,IF ELFSBORG,1997-1999,37,0,
8409,"MOENZA, MALKOLM",Nej,SWE,,1993-11-15,,GAIS,2012,7,0,
8409,"MOENZA, MALKOLM",Nej,SWE,,1993-11-15,,DALKURD FF,2018,26,1,
5243,"MOGG, DAVID",Ja,ENG,,1962-02-11,,ÅTVIDABERGS FF,1981,17,0,
5897,"MOGREN, STEFAN",Nej,SWE,,1968-05-27,,ÖREBRO SK,1992-1993,10,0,
5897,"MOGREN, STEFAN",Nej,SWE,,1968-05-27,,IK ODDEVOLD,1996,25,0,
5897,"MOGREN, STEFAN",Nej,SWE,,1968-05-27,,IF ELFSBORG,1997-1999,73,3,
7158,"MOHAMMED, ISSAH",Nej,GHA,,1980-12-20,,IFK NORRKÖPING,2002,11,1,
8428,"MOHAMMED, NASIRU",Nej,GHA,,1994-06-06,,BK HÄCKEN,2012-2021,167,34,
4106,"MOHLIN, ELVING",Nej,SWE,,1942-09-09,,IFK GÖTEBORG,1966,4,0,
6818,"MOHLIN, FREDRIK",Nej,SWE,,1974-08-07,,IF ELFSBORG,2000-2001,23,1,
6473,"MOHLIN, MATTIAS",Nej,SWE,,1973-09-21,,PANOS LJUNGSKILE SK,1997,20,2,
8714,"MOHLIN, SIXTEN",Ja,SWE,,1996-01-17,,DALKURD FF,2018,19,0,
8714,"MOHLIN, SIXTEN",Ja,SWE,,1996-01-17,,ÖSTERSUNDS FK,2019-2021,14,0,
5986,"MOHLIN, TOMMY",Nej,SWE,,1966-09-25,,DEGERFORS IF,1993,17,0,
9899,"MOISANDER, NIKLAS",Nej,FIN,,1985-09-29,,MALMÖ FF,2021-2023,27,0,
7167,"MOKEDE, SAMUEL",Nej,SWE,,1979-11-03,,ÖREBRO SK,2002-2003,30,0,
7721,"MOLINS, GUILLERMO",Nej,SWE,GISHE,1988-09-26,,MALMÖ FF,2006-2020,178,41,
6488,"MOMCILOVIC, IVICA",Nej,JUG,,1967-10-04,,TRELLEBORGS FF,1997-1998,20,0,
0850,"MONSALVO, PABLO",Nej,ARG,,1983-01-17,,AIK,2007,6,0,PABLO MARTIN
7701,"MONTEIRO DE MACEDO, JOSÉ",Nej,SWE,,1982-06-02,,HAMMARBY IF,2006-2009,73,1,
8716,"MONTIEL, DIEGO",Nej,SWE,,1995-04-26,,IK SIRIUS,2017,5,0,MKL IK FRANKE
9923,"MOON, RYAN",Nej,RSA,,1996-09-15,,VARBERGS BOIS,2021,25,7,
8935,"MOON, SEON-MIN",Nej,KOR,,1992-06-09,,DJURGÅRDENS IF,2015-2016,20,2,
7921,"MORAIS REIS, DANIEL",Nej,BRA,,1986-05-12,,GAIS,2008-2009,15,3,
5405,"MORDT, PER-EDMUND",Nej,NOR,,1965-03-25,,IFK GÖTEBORG,1986-1992,76,4,
9471,"MORENO, POL",Nej,SPA,,1994-05-09,,GIF SUNDSVALL,2018-2019,37,0,
4115,"MORIN, JÖRGEN",Nej,SWE,,1940-07-21,2018-07-31,GIF SUNDSVALL,1965,9,0,
8395,"MORO, IBRAHIM",Nej,GHA,,1993-11-10,,AIK,2012-2014,50,2,
9614,"MORO, MAMUDU",Nej,GHA,,1995-03-07,,HELSINGBORGS IF,2019,24,1,
9614,"MORO, MAMUDU",Nej,GHA,,1995-03-07,,MJÄLLBY AIF,2020-2023,92,13,
9930,"MORO, NASIRU",Nej,GHA,,1996-09-24,,ÖREBRO SK,2021,13,0,
9644,"MORRISON, RAVEL",Nej,ENG,,1993-02-02,,ÖSTERSUNDS FK,2019,6,0,
9061,"MORSAY, JONATHAN",Nej,SWE,,1997-10-05,,GIF SUNDSVALL,2016-2018,45,1,
8221,"MOSHI SHABANI, HARUNA",Nej,TAN,BOBAN,1987-05-21,,GEFLE IF,2010,5,0,
2017,"MOSSBERG, ASSAR",Nej,SWE,,1908-09-30,1978-08-03,IFK MALMÖ,1931-1932,31,0,MKL ARLÖV BI
2017,"MOSSBERG, ASSAR",Nej,SWE,,1908-09-30,1978-08-03,MALMÖ FF,1933-1938,31,1,
2010,"MOSSBERG, BENGT",Nej,SWE,,1920-12-30,2011-06-06,IFK GÖTEBORG,1938-1942,49,10,
2010,"MOSSBERG, BENGT",Nej,SWE,,1920-12-30,2011-06-06,GAIS,1943,13,4,
4117,"MOSSBERG, JAN",Nej,SWE,,1948-04-18,,ÖREBRO SK,1969-1977,194,62,
8023,"MOSTAFA, KAMAL",Nej,SWE,,1991-07-22,,IFK GÖTEBORG,2009,4,0,
8023,"MOSTAFA, KAMAL",Nej,SWE,,1991-07-22,,FALKENBERGS FF,2015-2016,26,1,
2768,"MOSTRÖM, BRUNO",Nej,SWE,,1921-08-05,2007-10-14,SANDVIKENS IF,1940,2,0,
6900,"MOSTRÖM, MATTIAS",Nej,SWE,,1983-02-25,,AIK,2004-2006,38,3,SEN CAFE OPERA 01
9752,"MOTARAGHEBJAFARPOUR, ARASH",Nej,SWE,,2003-03-19,,KALMAR FF,2023,18,0,
9480,"MOTORI, FURKAN",Nej,SWE,,1995-08-18,,TRELLEBORGS FF,2018,5,0,
6871,"MOURAD, GEORGE",Nej,SWE,,1982-09-18,,VÄSTRA FRÖLUNDA IF,2000,3,0,
6871,"MOURAD, GEORGE",Nej,SWE,,1982-09-18,,IFK GÖTEBORG,2004-2007,68,14,
6871,"MOURAD, GEORGE",Nej,SWE,,1982-09-18,,SYRIANSKA FC,2012,18,2,
7059,"MOUSSA, EDDIE",Nej,SWE,,1984-03-20,2010-07-01,ASSYRISKA FF,2005,1,0,
7627,"MOUSSAN, GEORGE",Ja,SWE,,1989-11-08,,HAMMARBY IF,2007,4,0,
9443,"MOVSISYAN, YURA",Nej,ARM/USA,,1987-08-02,,DJURGÅRDENS IF,2018,4,0,
8717,"MRABTI, KERIM",Nej,SWE,,1994-05-20,,DJURGÅRDENS IF,2015-2018,77,18,
7560,"MRAVAC, ANES",Nej,SWE,,1989-07-17,,MALMÖ FF,2006,5,0,
7391,"MRDJA, NIKOLA",Nej,AUS,NICK,1978-11-30,,AIK,2004,12,2,
7975,"MRDJANIN, DJORDJE",Nej,SER,,1981-02-26,,IFK NORRKÖPING,2008,5,1,
5904,"MUHIC, ENES",Nej,BIH,,1961-01-21,,ÖSTERS IF,1992,1,0,
9980,"MUHSIN, AMAR",Nej,SWE,,1997-12-27,,HELSINGBORGS IF,2022,13,4,
8407,"MUJCIC, MIRZA",Nej,SWE,,1994-04-07,,GAIS,2012,8,0,
9181,"MUKHAMMAD, SHARIF",Nej,AFG,,1990-03-21,,ATHLETIC FC ESKILSTU,2017,7,0,
8839,"MUKIIBI, RONALD",Nej,SWE,,1991-09-16,,BK HÄCKEN,2014,1,0,
8839,"MUKIIBI, RONALD",Nej,SWE,,1991-09-16,,ÖSTERSUNDS FK,2016-2021,97,7,
8839,"MUKIIBI, RONALD",Nej,SWE,,1991-09-16,,DEGERFORS IF,2022,3,0,
7545,"MULENGA, CLIFFORD",Nej,ZAM,,1987-08-05,,ÖRGRYTE IS,2005-2006,11,0,
2761,"MUNCK AF ROSENSCHÖLD, CLAES",Ja,SWE,MUNKEN,1917-01-12,2005-08-31,LANDSKRONA BoIS,1941,3,0,
8063,"MUNOZ, ADRIANO",Nej,BRA,,1978-07-23,,ÖREBRO SK,2009,10,1,A.AFONSO THIEL MUNOZ
9736,"MUNTHER, LIAM",Nej,SWE,,2001-02-14,,VARBERGS BOIS,2020,1,0,
3462,"MUNTHER, OLA",Nej,SWE,,1926-06-03,2014-10-28,JÖNKÖPINGS SÖDRA IF,1952-1954,57,1,
5287,"MURRAY, JOHNY",Ja,SWE,,1960-09-25,,AIK,1988,10,0,"EG JOHN, MKL FLODA BOIF"
9201,"MUSA, MARIO",Nej,KRO,,1990-07-06,,HAMMARBY IF,2017,2,0,
8933,"MUSHEKWI, NYASHA",Nej,ZIM,,1987-08-21,,DJURGÅRDENS IF,2015,21,12,
8788,"MUSHITU, DANIEL",Nej,SWE,,2000-02-22,,AIK,2017,3,0,
8827,"MUSTAFA, DARDAN",Nej,SWE,,1992-02-05,,GEFLE IF,2014-2015,37,1,
7980,"MUSTAFI, NURI",Nej,MAK,,1983-03-16,,GIF SUNDSVALL,2008-2012,33,0,
8057,"MUTAVDZIC, MILJAN",Nej,SER,,1986-02-03,,MALMÖ FF,2009-2011,35,2,EJ 860302
6976,"MUTUMBA, MARTIN",Nej,SWE,KAYONGO-MUTUMBA,1985-06-15,,AIK,2002-2013,131,10,"UGA MEDB 2012, A-LK"
6977,"MUWEKE, JOSEPH",Nej,SWE,,1985-04-27,,IF ELFSBORG,2003,1,0,
7974,"MWAFULIRWA, RUSSELL",Nej,MAW,,1983-02-24,,IFK NORRKÖPING,2008-2011,19,3,
7314,"MWILA, BOYD",Nej,ZAM,,1984-07-28,,ÖRGRYTE IS,2003-2006,63,14,
7314,"MWILA, BOYD",Nej,ZAM,,1984-07-28,,DJURGÅRDENS IF,2009,19,2,
2767,"MYHR, LARS",Nej,SWE,,1920-01-08,2013-05-28,SANDVIKENS IF,1943-1944,5,0,FR STORFORS
4119,"MYHRE, SVEN",Nej,SWE,,1938-11-24,2023-02-14,ÖRGRYTE IS,1961-1963,13,0,"FD BURÅS, SEN VFRÖL"
2757,"MYHRÉN, ALF",Nej,SWE,,1921-04-17,1986-08-24,HALMSTADS BK,1946,3,0,
3468,"MYHRMAN, OLLE",Ja,SWE,OLOF,1921-06-16,2012-04-03,SANDVIKENS IF,1956,4,0,
8446,"MYRESTAM, DAVID",Nej,SWE,,1987-04-04,,GIF SUNDSVALL,2012-2019,71,1,
5342,"MYRTHIL, GLENN",Nej,SWE,,1964-08-02,,DJURGÅRDENS IF,1986-1989,46,11,
2006,"MÅHL, AXEL",Nej,SWE,,1918-09-17,1964-08-26,IK BRAGE,1938-1941,65,2,
5830,"MÅHLBERG, JONAS",Ja,SWE,,1975-08-12,,ÖREBRO SK,1995,2,0,
4102,"MÅLBERG, BORIS",Nej,SWE,,1938-04-02,,IF ELFSBORG,1961-1970,200,1,
4103,"MÅLBERG, LEIF",Nej,SWE,,1945-09-01,,IF ELFSBORG,1965-1980,337,8,
4110,"MÅLBERG, MORGAN",Nej,SWE,,1940-05-16,2020-11-30,IFK HOLMSUND,1967,9,1,
1066,"MÅNSSON, ALVAR",Ja,SWE,,1903-04-28,1977-03-14,STATTENA IF,1928-1930,42,0,EJ BROR ARNOLD
1066,"MÅNSSON, ALVAR",Ja,SWE,,1903-04-28,1977-03-14,HELSINGBORGS IF,1932-1933,15,0,
2762,"MÅNSSON, ARNE",Nej,SWE,,1925-11-11,2003-01-11,MALMÖ FF,1945-1955,121,1,
1439,"MÅNSSON, ARNOLD",Nej,SWE,,1905-07-24,1989-04-17,STATTENA IF,1928,1,0,
5123,"MÅNSSON, BENGT",Nej,SWE,,1959-04-26,2023-09-02,HALMSTADS BK,1983-1985,58,9,
1436,"MÅNSSON, HILDING",Nej,SWE,,,,IFK MALMÖ,1926,3,0,
2758,"MÅNSSON, SUNE",Nej,SWE,ÄRTA,1926-10-07,1967-05-30,HELSINGBORGS IF,1947-1956,7,1,"RÅÅ , SEN HÖGABORG 60"
4690,"MÅNSSON, TOMAS",Nej,SWE,,1957-10-01,,BK DERBY,1977,21,1,
4690,"MÅNSSON, TOMAS",Nej,SWE,,1957-10-01,,IFK NORRKÖPING,1979-1982,98,3,
8018,"MÅRD, OLOF",Nej,SWE,,1989-01-31,,GEFLE IF,2009-2014,84,2,
4943,"MÅRTENSSON, BENNY",Nej,SWE,,1957-11-06,,IS HALMIA,1979,21,0,
4943,"MÅRTENSSON, BENNY",Nej,SWE,,1957-11-06,,TRELLEBORGS FF,1985,22,5,
4697,"MÅRTENSSON, DAN",Nej,SWE,,1951-08-04,,LANDSKRONA BoIS,1971-1978,100,1,
2765,"MÅRTENSSON, EINAR",Nej,SWE,,1925-05-27,1998-12-22,MALMÖ FF,1946-1952,22,7,"FR KVARNBY IF, SEN ÅTV"
7432,"MÅRTENSSON, EMIL",Nej,SWE,,1985-01-09,,TRELLEBORGS FF,2004-2009,16,1,
1433,"MÅRTENSSON, ERIC",Nej,SWE,,1904-04-19,1981-09-09,IFK MALMÖ,1925-1930,28,0,
1432,"MÅRTENSSON, GUNNAR",Nej,SWE,,1903-04-25,1975-12-21,LANDSKRONA BoIS,1925-1930,68,30,
7908,"MÅRTENSSON, JOHAN",Nej,SWE,,1989-02-16,,GAIS,2008-2011,78,1,
7908,"MÅRTENSSON, JOHAN",Nej,SWE,,1989-02-16,,HELSINGBORGS IF,2014-2016,62,0,
7908,"MÅRTENSSON, JOHAN",Nej,SWE,,1989-02-16,,ÖREBRO SK,2017-2021,101,4,
7908,"MÅRTENSSON, JOHAN",Nej,SWE,,1989-02-16,,DEGERFORS IF,2023,9,1,
5228,"MÅRTENSSON, JÖRGEN",Nej,SWE,,1962-01-18,,TRELLEBORGS FF,1985,5,0,
3464,"MÅRTENSSON, KJELL",Nej,SWE,,1936-05-04,1996-01-17,MALMÖ FF,1956-1957,2,0,
2764,"MÅRTENSSON, LENNART",Nej,SWE,,1921-03-02,2001-06-28,MALMÖ FF,1942,5,1,
2014,"MÅRTENSSON, MALTE",Nej,SWE,SVARTA BLIXTEN,1916-09-24,1973-04-22,HELSINGBORGS IF,1935-1953,324,82,
6211,"MÅRTENSSON, MIKAEL",Nej,SWE,MÅSEN,1970-01-23,,DEGERFORS IF,1995-1997,72,3,
9922,"MÅRTENSSON, PHILIP",Ja,SWE,,1993-09-01,,VARBERGS BOIS,2021,6,0,
4986,"MÅRTENSSON, STEFAN",Nej,SWE,,1961-02-21,,LANDSKRONA BoIS,1979-1980,11,0,
2018,"MÅRTENSSON, STURE",Nej,SWE,BLIXTEN,1916-04-27,2004-02-15,MALMÖ FF,1938-1949,221,17,
3707,"MÅRTENSSON, SUNE",Nej,SWE,,1937-07-02,2013-01-23,IFK MALMÖ,1959-1962,21,5,
4992,"MÅRTENSSON, ULF",Nej,SWE,,1959-03-23,,MALMÖ FF,1979,2,0,
3457,"MÖLLER, BENGT",Ja,SWE,,1932-03-26,1992-09-23,IFK ESKILSTUNA,1958,2,0,EGEN PR
1434,"MÖLLER, GUSTAF",Nej,SWE,,1894-12-25,1972-03-24,IFK MALMÖ,1925-1926,20,2,
3461,"MÖLLER, GÖSTA",Nej,SWE,,1937-10-01,2012-01-18,HELSINGBORGS IF,1958,1,0,
3454,"MÖLLER, HANS",Nej,SWE,,1927-02-21,2018-09-02,AIK,1950-1951,5,0,
3454,"MÖLLER, HANS",Nej,SWE,,1927-02-21,2018-09-02,HAMMARBY IF,1955,11,1,
4699,"MÖLLER, JAN",Ja,SWE,,1953-09-17,,MALMÖ FF,1972-1988,297,1,
4699,"MÖLLER, JAN",Ja,SWE,,1953-09-17,,TRELLEBORGS FF,1992,17,0,
6101,"MÖLLER, MICHAEL",Nej,SWE,,1971-07-20,,HAMMARBY IF,1994-1995,41,0,
8262,"MÖLLER, OSCAR",Nej,SWE,,1987-04-15,,ÅTVIDABERGS FF,2010-2013,77,10,
4100,"MÖLLER, WILLY",Nej,SWE,SOTARN,1944-12-26,1980-12-23,DJURGÅRDENS IF,1962-1963,2,0,FR KALMAR AIK
7645,"MÖLLESTAM, ANDRÉ",Nej,SWE,,1991-05-14,,IF BROMMAPOJKARNA,2010,1,0,FR LUNDS BK
9121,"MÖRFELT, ALBIN",Nej,SWE,,2000-01-10,,VARBERGS BOIS,2021,6,1,
9121,"MÖRFELT, ALBIN",Nej,SWE,,2000-01-10,,DEGERFORS IF,2022-2023,9,1,
9121,"MÖRFELT, ALBIN",Nej,SWE,,2000-01-10,,MJÄLLBY AIF,2022,10,0,
5345,"MÖRK, PETER",Nej,SWE,,1969-01-27,,DJURGÅRDENS IF,1986-1990,27,6,EM NORGE
7500,"N'GUIJOL MINKA, JOSEPH",Nej,KAM,,1978-06-04,,GEFLE IF,2005,2,0,
9022,"NADEAU, JOSHUA",Nej,FRA,,1994-09-12,,GEFLE IF,2016,21,1,
8546,"NADJ, ALEXANDER",Ja,SWE,,1986-08-26,,ÖSTERS IF,2013,16,0,
9581,"NALIC, ADI",Nej,SWE,,1997-12-01,,ATHLETIC FC ESKILSTU,2019,20,5,
9581,"NALIC, ADI",Nej,SWE,,1997-12-01,,MALMÖ FF,2020-2022,53,8,
9581,"NALIC, ADI",Nej,SWE,,1997-12-01,,HAMMARBY IF,2023,26,4,
9384,"NANASI, SEBASTIAN",Nej,SWE,,2002-05-16,,VARBERGS BOIS,2020,6,0,
9384,"NANASI, SEBASTIAN",Nej,SWE,,2002-05-16,,MALMÖ FF,2021-2023,51,12,
9384,"NANASI, SEBASTIAN",Nej,SWE,,2002-05-16,,KALMAR FF,2022,16,5,
6324,"NANNSKOG, DANIEL",Nej,SWE,,1974-05-22,,MALMÖ FF,1996,10,1,
6324,"NANNSKOG, DANIEL",Nej,SWE,,1974-05-22,,LANDSKRONA BoIS,2002-2003,41,15,
3493,"NATT OCH DAG, ULF",Nej,SWE,,1931-11-15,2007-03-04,HELSINGBORGS IF,1951,1,0,
7188,"NAURIN, TOMMY",Ja,SWE,,1984-05-17,,ÖRGRYTE IS,2003-2004,6,0,
7188,"NAURIN, TOMMY",Ja,SWE,,1984-05-17,,GIF SUNDSVALL,2012-2017,88,0,
8101,"NAZARI, AMIN",Nej,SWE,,1993-04-26,,MALMÖ FF,2011-2014,18,0,
8101,"NAZARI, AMIN",Nej,SWE,,1993-04-26,,FALKENBERGS FF,2016,23,2,
8350,"NAZARI, OMID",Nej,SWE,,1991-04-29,,MALMÖ FF,2011,4,0,
9299,"NDIONE, MAROKHY",Nej,SWE,,1999-11-04,,IF ELFSBORG,2019-2021,49,6,
6088,"NDUGWA, MOSES",Nej,SWE,,1978-01-23,,HELSINGBORGS IF,1997,9,1,
0749,"NEBRELIUS, HENRIK",Nej,SWE,,1974-09-16,,BK HÄCKEN,1994,22,1,
7704,"NEEMELO, TARMO",Nej,EST,,1982-02-10,,HELSINGBORGS IF,2006,5,0,
7350,"NEKMOUCHE, FILIP",Nej,SWE,,1987-09-29,,KALMAR FF,2005,2,0,
3487,"NELL, HANS",Nej,SWE,,1931-05-27,,HAMMARBY IF,1955-1965,152,2,
3516,"NESTORSSON, HOLGER",Nej,SWE,,1933-01-29,,ÖRGRYTE IS,1959,2,1,F/T SKÄRHAMN
9713,"NETABAY, NAHOM GIRMAI",Nej,SWE,,1994-08-28,,IK SIRIUS,2020-2021,50,7,
9713,"NETABAY, NAHOM GIRMAI",Nej,SWE,,1994-08-28,,KALMAR FF,2022-2023,55,4,
9453,NETO BORGES,Nej,BRA,VIV. BORG.DOS SANTO NETO,1996-09-13,,HAMMARBY IF,2018,26,0,
6709,"NEVLAND, ERIK",Nej,NOR,,1977-11-10,,IFK GÖTEBORG,1999,4,0,
6252,"NEWSON, MARK",Nej,ENG,,1960-12-07,,ÖSTERS IF,1995,11,1,
7702,"NHLEKO, NKOSINATHI",Nej,RSA,TONI,1979-07-24,,HAMMARBY IF,2006-2007,12,0,
6537,"NICKLASSON, DANIEL",Nej,SWE,,1981-04-23,,IFK GÖTEBORG,2000,5,0,
6537,"NICKLASSON, DANIEL",Nej,SWE,,1981-04-23,,GAIS,2006-2009,71,3,
6537,"NICKLASSON, DANIEL",Nej,SWE,,1981-04-23,,MJÄLLBY AIF,2010-2013,73,4,
4133,"NICKLASSON, GÖRAN",Nej,SWE,PISA,1942-08-20,,IFK GÖTEBORG,1964-1970,121,28,
6949,"NIELSEN, BRIAN STEEN",Nej,DA,,1968-12-28,,MALMÖ FF,2001-2002,29,0,
3486,"NIELSEN, GÖSTA",Nej,SWE,GADDEN,1938-12-18,2022-10-19,HALMSTADS BK,1957-1959,26,5,SEN ARVIDSTORP 72
3486,"NIELSEN, GÖSTA",Nej,SWE,GADDEN,1938-12-18,2022-10-19,HAMMARBY IF,1967,6,0,
9217,"NIELSEN, LASSE",Nej,DAN,,1988-01-08,,MALMÖ FF,2017-2023,137,3,
9474,"NIELSEN, LASSE",Nej,DAN/,,1987-03-03,,TRELLEBORGS FF,2018,22,2,
5019,"NIELSEN, OLE",Nej,DAN,,1952-01-23,,VÄSTERÅS SK,1978,2,0,
4914,"NIEMINEN, JYRKI",Nej,FIN,JYCKE,1951-03-30,,AIK,1979-1984,95,18,
2027,"NIERENBURG, NILS",Nej,SWE,NIPPE,1916-11-14,1974-06-03,DJURGÅRDENS IF,1937,3,0,
4721,"NIHLSTEDT, LARS",Nej,SWE,,1951-08-15,,KALMAR FF,1976,1,0,
5279,"NIINIMÄKI, JARI",Nej,FIN,,1957-12-01,2023-06-10,AIK,1986,6,4,
6589,"NIKLASSON, ANDREAS",Nej,SWE,,1978-04-22,,IF ELFSBORG,1998-2004,55,3,
4134,"NIKLASSON, DONALD",Nej,SWE,,1947-01-12,,IFK GÖTEBORG,1967-1977,62,1,
2051,"NIKLASSON, EGON",Nej,SWE,,1914-08-28,1982-06-04,GAIS,1935-1938,30,7,
2791,"NIKLASSON, ERIK",Nej,SWE,,1917-06-03,1989-01-05,GAIS,1942-1943,15,9,SEN ÖRG 42-44
6938,"NIKLASSON, JOHAN",Nej,SWE,,1985-01-17,,ÅTVIDABERGS FF,2010,9,0,
8724,"NIKOLIC, MARKO",Nej,SWE,,1997-09-17,,AIK,2014-2015,12,0,
8724,"NIKOLIC, MARKO",Nej,SWE,,1997-09-17,,IF BROMMAPOJKARNA,2018,10,0,
5303,"NIKOLOV, PLAMEN",Nej,BUL,,1957-06-24,,IK BRAGE,1986-1990,78,1,
5972,"NILDÉN, DAVID",Nej,SWE,,1973-02-08,,AIK,1993,4,0,
4122,"NILDÉN, JIM",Nej,SWE,JIMPA,1940-02-29,,AIK,1961-1971,124,9,
4153,"NILMERT, BO",Nej,SWE,NILSSON TID.,1946-11-28,,IFK NORRKÖPING,1967,3,0,
4153,"NILMERT, BO",Nej,SWE,NILSSON TID.,1946-11-28,,KALMAR FF,1976-1977,52,1,
2781,"NILSON, STIG",Ja,SWE,FISKEVIK,1926-05-17,2009-06-14,DEGERFORS IF,1947-1948,4,0,
8725,"NILSSON, ALBIN",Nej,SWE,,1993-08-11,,TRELLEBORGS FF,2018,3,0,
7810,"NILSSON, ALEXANDER",Nej,SWE,,1992-10-23,,MALMÖ FF,2008-2012,25,4,
9231,"NILSSON, ALEXANDER",Nej,SWE,,1990-12-11,,IK SIRIUS,2017,24,3,
9231,"NILSSON, ALEXANDER",Nej,SWE,,1990-12-11,,IF BROMMAPOJKARNA,2018,15,1,
9693,"NILSSON, ALEXANDER",Ja,SWE,,1997-08-22,,HELSINGBORGS IF,2020,15,0,
4722,"NILSSON, ALF",Nej,SWE,,1954-01-04,,KALMAR FF,1976-1984,132,6,
1462,"NILSSON, ANDERS",Nej,SWE,,1901-04-06,1961-08-02,IFK UDDEVALLA,1926-1927,30,6,
4711,"NILSSON, ANDERS",Nej,SWE,PUTTE,1951-08-08,,BK DERBY,1977,7,0,FR VADSTENA
5680,"NILSSON, ANDERS",Nej,SWE,DOJAN,1969-05-28,,DJURGÅRDENS IF,1990-1991,8,1,
5680,"NILSSON, ANDERS",Nej,SWE,DOJAN,1969-05-28,,HALMSTADS BK,1996,19,3,
5680,"NILSSON, ANDERS",Nej,SWE,DOJAN,1969-05-28,,VÄSTERÅS SK,1997,18,2,
2047,"NILSSON, ANDREAS",Nej,SWE,,1910-01-26,2011-10-01,MALMÖ FF,1932-1941,125,30,
6866,"NILSSON, ANDREAS",Nej,SWE,DESSA,1977-11-06,,VÄSTRA FRÖLUNDA IF,2000,7,1,
6866,"NILSSON, ANDREAS",Nej,SWE,DESSA,1977-11-06,,IFK GÖTEBORG,2004,1,0,
6866,"NILSSON, ANDREAS",Nej,SWE,DESSA,1977-11-06,,IF ELFSBORG,2004-2005,7,1,
2798,"NILSSON, ARNE",Nej,SWE,STOLPE,1922-06-30,2004-05-27,LANDSKRONA BoIS,1941-1949,68,4,
1461,"NILSSON, ARVID",Nej,SWE,AVVA-NISSE,1904-05-28,1992-09-30,IK SLEIPNER,1926-1931,17,7,
2019,"NILSSON, AXEL",Nej,SWE,ACKE,1904-11-12,1978-04-22,AIK,1932-1941,165,53,
3509,"NILSSON, BENGT",Nej,SWE,JÄRNIS,1932-03-13,2023-06-22,IFK NORRKÖPING,1951,1,0,SEN DERBY
4144,"NILSSON, BENGT",Nej,SWE,KRITA,1939-12-20,,HELSINGBORGS IF,1961-1963,16,6,EJ MFF
4157,"NILSSON, BENGT",Nej,SWE,,1939-10-01,2022-12-31,IFK MALMÖ,1962,18,3,"EJ 351220, KIRSEBERG 63"
5300,"NILSSON, BENGT",Ja,SWE,,1957-08-31,,IK BRAGE,1980-1988,172,0,
2030,"NILSSON, BERTIL",Nej,SWE,LILL-JOHN,1914-01-05,1984-12-19,GAIS,1936-1937,6,4,
3481,"NILSSON, BERTIL",Nej,SWE,KLUMPEN,1936-01-16,,MALMÖ FF,1954-1966,178,41,
3481,"NILSSON, BERTIL",Nej,SWE,KLUMPEN,1936-01-16,,IS HALMIA,1963,22,3,
3491,"NILSSON, BERTIL",Nej,SWE,FISKARN,1934-02-05,2022-04-13,HELSINGBORGS IF,1955,3,2,"FR JONSTORP,TROL SEN RÅÅ"
4991,"NILSSON, BJÖRN",Nej,SWE,,1960-04-09,,MALMÖ FF,1979-1986,134,28,
4991,"NILSSON, BJÖRN",Nej,SWE,,1960-04-09,,LANDSKRONA BoIS,1994,12,0,
6355,"NILSSON, BJÖRN",Nej,SWE,HILLBRANT,1973-09-15,,UMEÅ FC,1996,25,0,
4129,"NILSSON, BO",Nej,SWE,,1944-08-18,,DJURGÅRDENS IF,1967,1,0,"FR IFK HÄSSLE,SEN TRÄNARE"
4718,"NILSSON, BO",Nej,SWE,,1953-08-01,,HALMSTADS BK,1972,1,0,
4724,"NILSSON, BO",Nej,SWE,,1947-04-30,,IFK NORRKÖPING,1970-1971,22,0,FR ARLÖV
4724,"NILSSON, BO",Nej,SWE,,1947-04-30,,LANDSKRONA BoIS,1972-1973,23,1,
3497,"NILSSON, BÖRJE",Nej,SWE,AFFE,1931-05-18,2020-12-26,MALMÖ FF,1958-1959,16,8,
2029,"NILSSON, CARL",Nej,SWE,,1911-12-15,1965-06-30,GAIS,1935-1938,45,6,
2044,"NILSSON, CARL",Nej,SWE,WIBRATT,1912-02-10,1992-11-02,LANDSKRONA BoIS,1938-1942,35,0,
3508,"NILSSON, CHARLES",Nej,SWE,KLADDEN,1928-04-17,1991-02-09,MOTALA AIF,1958,4,1,
2041,"NILSSON, CHRISTER",Ja,SWE,,1915-09-29,1949-07-03,HELSINGBORGS IF,1935,3,0,
6718,"NILSSON, CHRISTIAN",Nej,SWE,,1972-01-15,,KALMAR FF,1999,13,0,
7781,"NILSSON, CHRISTOPHER",Nej,SWE,ALVENGRIP,1990-03-12,,MJÄLLBY AIF,2010,1,0,
3503,"NILSSON, CLAES-GÖRAN",Nej,SWE,,1938-08-09,2012-08-15,IFK MALMÖ,1959,1,0,
6475,"NILSSON, DANIEL",Nej,SWE,,1975-11-13,,PANOS LJUNGSKILE SK,1997,4,0,
6564,"NILSSON, DANIEL",Nej,SWE,,1982-09-21,,MJÄLLBY AIF,2010-2014,125,3,
0561,"NILSSON, DENNIS",Nej,SWE,,1968-11-19,,ÖSTERS IF,1993-1994,46,0,
0561,"NILSSON, DENNIS",Nej,SWE,,1968-11-19,,KALMAR FF,1999-2004,62,1,
3515,"NILSSON, DOUGLAS",Nej,SWE,,1938-01-04,,ÖRGRYTE IS,1959-1962,30,1,"-4938,SEN HÄLSÖ BK"
3474,"NILSSON, EJE",Nej,SWE,,1939-06-28,,DJURGÅRDENS IF,1959-1960,15,1,
2036,"NILSSON, ERIK",Nej,SWE,,1912-07-22,1979-07-23,IS HALMIA,1933-1934,26,3,
2788,"NILSSON, ERIK",Nej,SWE,KIRRE,1924-09-21,2015-03-22,IFK ESKILSTUNA,1943,3,0,
2326,"NILSSON, ERIK",Nej,SWE,,1916-08-06,1995-09-09,MALMÖ FF,1937-1953,320,1,
4715,"NILSSON, ERIK",Nej,SWE,,1954-11-04,,IFK GÖTEBORG,1977-1979,17,2,
7368,"NILSSON, ERIK",Nej,SWE,,1989-07-30,,ÖREBRO SK,2009-2011,18,0,
2037,"NILSSON, FOLKE",Nej,SWE,,1910-02-09,1983-02-07,IS HALMIA,1934,2,0,
2804,"NILSSON, FOLKE",Nej,SWE,KICKAN,1923-08-16,2003-06-08,MALMÖ FF,1947-1951,3,1,SEN LEDARE SVEDALA
1453,"NILSSON, FRANS",Nej,SWE,HURTIG,1891-09-22,1974-03-27,LANDSKRONA BoIS,1925,4,0,
7429,"NILSSON, FREDRIK",Nej,SWE,,1984-09-25,,TRELLEBORGS FF,2004,3,0,
3514,"NILSSON, FRITZ",Nej,SWE,,1922-01-22,1981-07-25,ÅTVIDABERGS FF,1952,22,4,
2806,"NILSSON, GEORG",Nej,SWE,,1918-04-23,1998-03-15,MALMÖ FF,1940-1941,10,0,
3471,"NILSSON, GERT",Nej,SWE,,1936-05-24,2019-01-17,HELSINGBORGS IF,1956-1959,73,21,-3959
3471,"NILSSON, GERT",Nej,SWE,,1936-05-24,2019-01-17,IK BRAGE,1966,15,3,
3499,"NILSSON, GERT",Nej,SWE,,1932-02-07,2016-11-09,MALMÖ FF,1954-1955,7,0,
3499,"NILSSON, GERT",Nej,SWE,,1932-02-07,2016-11-09,IFK MALMÖ,1958-1962,48,2,
4154,"NILSSON, GERT-ARNE",Nej,SWE,,1941-10-31,2019-04-08,MALMÖ FF,1960-1967,64,0,
4136,"NILSSON, GERT-INGMAR",Nej,SWE,JÄTTEN,1944-04-15,,IS HALMIA,1963,2,1,EGEN PR
3490,"NILSSON, GRY",Nej,SWE,,1933-01-07,2023-03-22,HELSINGBORGS IF,1951,1,0,SEN RÅÅ
1449,"NILSSON, GUNNAR",Nej,SWE,,1904-03-03,1985-09-08,HELSINGBORGS IF,1929,3,1,
3484,"NILSSON, GUNNAR",Nej,SWE,,1932-02-25,2017-08-18,HALMSTADS BK,1956,6,2,
1455,"NILSSON, GUNVALD",Nej,SWE,,1905-02-27,1992-01-07,LANDSKRONA BoIS,1926-1928,28,0,
1451,"NILSSON, GUSTAF",Nej,SWE,,1900-09-14,1977-02-10,HELSINGBORGS IF,1925,3,0,BROR OSKAR+STURE
2805,"NILSSON, GUSTAF",Nej,SWE,KAL,1922-10-20,2004-10-23,MALMÖ FF,1942-1950,132,65,
2805,"NILSSON, GUSTAF",Nej,SWE,KAL,1922-10-20,2004-10-23,RÅÅ IF,1951-1952,30,13,
8727,"NILSSON, GUSTAF",Nej,SWE,,1997-05-23,,FALKENBERGS FF,2014-2020,37,8,
8727,"NILSSON, GUSTAF",Nej,SWE,,1997-05-23,,BK HÄCKEN,2019-2020,19,2,
1448,"NILSSON, GÖSTA",Nej,SWE,PEGGE,1891-12-07,1967-12-19,HAMMARBY IF,1925,2,0,
1471,"NILSSON, GÖSTA",Nej,SWE,,1906-11-14,1985-07-02,LANDSKRONA BoIS,1929,1,0,
2772,"NILSSON, GÖSTA",Nej,SWE,PRÖJSARN,1920-10-10,1963-10-30,AIK,1946-1955,161,31,
2292,"NILSSON, GÖSTA D Y",Nej,SWE,,1908-01-17,1981-10-18,MALMÖ FF,1932,2,0,
1456,"NILSSON, GÖSTA D Ä",Nej,SWE,BRYSTING,1896-07-31,1939-05-15,IFK MALMÖ,1925-1926,13,4,
4159,"NILSSON, GÖTE",Ja,SWE,TIGERN,1935-05-31,2022-08-16,SANDVIKENS IF,1960-1961,13,0,FR ISLINGBY
7782,"NILSSON, HAMPUS",Ja,SWE,,1990-07-17,,DJURGÅRDENS IF,2015-2016,8,0,
7782,"NILSSON, HAMPUS",Ja,SWE,,1990-07-17,,ÖSTERSUNDS FK,2016,6,0,
7782,"NILSSON, HAMPUS",Ja,SWE,,1990-07-17,,FALKENBERGS FF,2019,21,0,
2032,"NILSSON, HANS",Nej,SWE,,1917-01-26,2000-06-28,GÅRDA BK,1939,2,1,
2771,"NILSSON, HANS",Nej,SWE,,1916-10-20,1977-01-03,AIK,1943,1,0,"FR REYMERS, EJ TERPO"
3512,"NILSSON, HANS",Nej,SWE,,1929-04-13,2016-06-20,SANDVIKENS IF,1956-1961,24,1,
4128,"NILSSON, HANS",Nej,SWE,TRISSE,1941-11-07,,DJURGÅRDENS IF,1962-1973,165,61,
4128,"NILSSON, HANS",Nej,SWE,TRISSE,1941-11-07,,IK SIRIUS,1974,26,4,
1467,"NILSSON, HARRY",Nej,SWE,,1905-09-19,1978-11-26,GAIS,1928-1930,12,2,
2021,"NILSSON, HARRY",Nej,SWE,,1916-01-05,1993-02-02,LANDSKRONA BoIS,1935-1942,146,0,
2021,"NILSSON, HARRY",Nej,SWE,,1916-01-05,1993-02-02,AIK,1942-1951,167,0,
2293,"NILSSON, HELGE",Nej,SWE,AGI,1909-12-29,1981-04-14,LANDSKRONA BoIS,1932,1,0,
0566,"NILSSON, HENRIK",Nej,SWE,,1972-07-25,,MALMÖ FF,1991-1995,91,1,
0566,"NILSSON, HENRIK",Nej,SWE,,1972-07-25,,LANDSKRONA BoIS,2002-2004,67,6,
2038,"NILSSON, HENRY",Nej,SWE,,1914-04-30,1987-12-07,HALMSTADS BK,1935-1945,64,1,
2778,"NILSSON, HENRY",Nej,SWE,FORSHAGA,1921-02-07,1998-01-13,DEGERFORS IF,1944-1952,154,19,
1452,"NILSSON, HUGO",Nej,SWE,,1903-06-11,1975-02-27,LANDSKRONA BoIS,1925-1926,15,2,
4151,"NILSSON, HUGO",Nej,SWE,,1932-05-28,2015-01-10,JÖNKÖPINGS SÖDRA IF,1960,21,0,TORD 61
6348,"NILSSON, HÅKAN",Nej,SWE,,1970-01-29,,TRELLEBORGS FF,1996-1999,70,2,UTV DAN
4146,"NILSSON, INGEMAR",Nej,SWE,,1940-06-07,,HELSINGBORGS IF,1965-1968,86,0,
3496,"NILSSON, IVAR",Nej,SWE,PIE,1923-11-13,2008-11-10,KALMAR FF,1954,3,1,
4706,"NILSSON, JAN",Nej,SWE,,1947-02-04,1999-01-21,AIK,1971,1,0,
4714,"NILSSON, JAN",Nej,SWE,LILL-JANNE,1953-08-15,,IFK GÖTEBORG,1977-1978,37,9,
4725,"NILSSON, JAN",Nej,SWE,SÖVESTA,1949-02-10,,LANDSKRONA BoIS,1971,4,0,
5112,"NILSSON, JAN-ERIK",Nej,SWE,BIFFEN,1964-05-20,,IFK GÖTEBORG,1983,2,0,UTV LUXEMBURG
0567,"NILSSON, JENS",Nej,SWE,,1972-07-30,,IFK NORRKÖPING,1991-1992,20,4,
0567,"NILSSON, JENS",Nej,SWE,,1972-07-30,,KALMAR FF,1999,24,3,
2792,"NILSSON, JERKER",Nej,SWE,,1918-09-13,2008-10-14,ÖRGRYTE IS,1937-1940,4,2,ÖIS 36-42
2792,"NILSSON, JERKER",Nej,SWE,,1918-09-13,2008-10-14,GÅRDA BK,1943,3,0,
5501,"NILSSON, JOAKIM",Nej,SWE,,1966-03-31,,MALMÖ FF,1987-1990,60,3,
5501,"NILSSON, JOAKIM",Nej,SWE,,1966-03-31,,LANDSKRONA BoIS,1994,5,0,
6939,"NILSSON, JOAKIM",Nej,SWE,+INGVES,1985-05-16,,MALMÖ FF,2003-2008,45,0,
6939,"NILSSON, JOAKIM",Nej,SWE,+INGVES,1985-05-16,,TRELLEBORGS FF,2009-2011,61,4,
8728,"NILSSON, JOAKIM",Nej,SWE,,1994-02-06,,GIF SUNDSVALL,2015,20,2,
8728,"NILSSON, JOAKIM",Nej,SWE,,1994-02-06,,IF ELFSBORG,2016-2019,84,5,
9704,"NILSSON, JOEL",Nej,SWE,,1994-07-11,,MJÄLLBY AIF,2020-2021,54,5,
9704,"NILSSON, JOEL",Nej,SWE,,1994-07-11,,HAMMARBY IF,2022-2023,38,7,
1067,"NILSSON, JOHN",Nej,SWE,JOMPA,1905-08-14,1978-10-22,AIK,1927-1936,150,62,
1070,"NILSSON, JOHN",Nej,SWE,TJODDE,1909-09-04,1988-09-13,LANDSKRONA BoIS,1928-1942,288,69,
2020,"NILSSON, JOHN",Nej,SWE,LONG-JOHN,1908-04-27,1987-12-01,GAIS,1930-1937,78,67,
2020,"NILSSON, JOHN",Nej,SWE,LONG-JOHN,1908-04-27,1987-12-01,AIK,1935-1936,31,18,
2779,"NILSSON, JOHN",Nej,SWE,,1923-05-25,1979-06-13,DEGERFORS IF,1941-1952,108,26,
6004,"NILSSON, JONAS",Nej,SWE,AXFLO,1970-07-08,,HALMSTADS BK,1993,1,0,
6004,"NILSSON, JONAS",Nej,SWE,AXFLO,1970-07-08,,ÖRGRYTE IS,1995-1997,37,1,
6004,"NILSSON, JONAS",Nej,SWE,AXFLO,1970-07-08,,TRELLEBORGS FF,1999-2001,77,20,
4730,"NILSSON, JÖRGEN",Nej,SWE,,1952-06-16,2013-12-26,ÅTVIDABERGS FF,1974-1978,22,0,
2045,"NILSSON, KARL-ERIK",Nej,SWE,,1918-08-16,1995-10-15,MALMÖ FF,1938-1942,22,4,SEN LIMHAMN
2813,"NILSSON, KARL-ERIK",Nej,SWE,BÄLLSTA,1914-04-12,1993-09-03,IK SLEIPNER,1940-1941,7,1,
4731,"NILSSON, KENNETH",Nej,SWE,,1944-12-13,,ÖRGRYTE IS,1970-1976,134,1,
4940,"NILSSON, KENNETH",Nej,SWE,,1957-08-22,,IS HALMIA,1979,26,1,FR SLÖINGE VIA OSKARSTRÖM
2799,"NILSSON, KJELL",Nej,SWE,KITTA ORUP,1920-02-09,2009-09-05,LANDSKRONA BoIS,1940-1949,59,11,
3498,"NILSSON, KJELL",Nej,SWE,BEDDINGE,1934-06-28,2004-01-18,MALMÖ FF,1958,1,0,FR KULLADAL
3505,"NILSSON, KJELL-VI",Nej,SWE,,1922-12-28,2002-08-11,IFK MALMÖ,1953,1,0,"FR FLAGG,KVAL 52"
4155,"NILSSON, KJELL-ÅKE",Nej,SWE,,1943-01-02,2001-07-13,MALMÖ FF,1962-1963,11,3,GUNNARSTORP 1966
4127,"NILSSON, KURT-ARNE",Ja,SWE,,1940-08-14,1991-09-30,DEGERFORS IF,1960-1961,2,0,
6898,"NILSSON, LARS",Nej,SWE,,1982-01-03,,IF ELFSBORG,2002-2017,223,59,
4713,"NILSSON, LARS-ERIK",Nej,SWE,,1946-12-04,,IFK GÖTEBORG,1970,1,0,
4143,"NILSSON, LARS-OVE",Nej,SWE,LOKET,1943-05-29,,HELSINGBORGS IF,1962-1967,72,4,
4143,"NILSSON, LARS-OVE",Nej,SWE,LOKET,1943-05-29,,LANDSKRONA BoIS,1971-1973,48,2,
3502,"NILSSON, LEIF",Nej,SWE,,1935-05-13,2016-12-27,IFK MALMÖ,1953-1961,27,9,SEN ODDEVOLD
5120,"NILSSON, LEIF",Nej,SWE,,1957-07-23,,HALMSTADS BK,1982-1983,20,0,
5338,"NILSSON, LEIF",Nej,SWE,,1963-07-10,,DJURGÅRDENS IF,1986-1992,124,0,
0562,"NILSSON, LEIF",Ja,SWE,,1967-10-28,,LANDSKRONA BoIS,1994,2,0,
3478,"NILSSON, LENNART",Nej,SWE,,1937-04-19,2001-01-05,IFK GÖTEBORG,1957-1964,166,0,
3495,"NILSSON, LENNART",Nej,SWE,NUBBEN,1928-10-19,2002-01-06,JÖNKÖPINGS SÖDRA IF,1951-1954,6,0,FR JÖNK BK
4927,"NILSSON, LENNART",Nej,SWE,,1959-01-01,,IF ELFSBORG,1978-1986,171,42,
4927,"NILSSON, LENNART",Nej,SWE,,1959-01-01,,IFK GÖTEBORG,1987-1990,47,12,
6320,"NILSSON, LUCAS",Nej,SWE,,1973-07-16,,DJURGÅRDENS IF,1996-1999,26,4,
6320,"NILSSON, LUCAS",Nej,SWE,,1973-07-16,,KALMAR FF,2002,6,0,
5484,"NILSSON, MAGNUS",Nej,SWE,,1962-05-15,,KALMAR FF,1986,8,0,
6143,"NILSSON, MAGNUS",Nej,SWE,,1975-07-28,,LANDSKRONA BoIS,1994,4,0,
8951,"NILSSON, MALCOLM",Ja,SWE,+SÄFQVIST,1993-08-03,,HALMSTADS BK,2015-2023,50,0,
7556,"NILSSON, MARCUS",Nej,SWE,,1988-02-26,,HELSINGBORGS IF,2007-2011,83,2,
7556,"NILSSON, MARCUS",Nej,SWE,,1988-02-26,,KALMAR FF,2014-2015,48,1,
2043,"NILSSON, MARTIN",Nej,SWE,PEDER,1909-11-10,1961-04-10,LANDSKRONA BoIS,1933,19,1,
3472,"NILSSON, MATS",Nej,SWE,,1930-02-18,1992-02-19,DEGERFORS IF,1952-1956,57,8,
5974,"NILSSON, MATTIAS",Nej,SWE,,1973-01-31,,IK BRAGE,1993,8,0,
9679,"NILSSON, MELKER",Nej,SWE,,2000-04-26,,FALKENBERGS FF,2020,7,0,
5417,"NILSSON, MIKAEL",Nej,SWE,,1968-09-28,,IFK GÖTEBORG,1988-2000,300,21,
5863,"NILSSON, MIKAEL",Nej,SWE,,1967-06-16,,DJURGÅRDENS IF,1991-1995,53,0,
6834,"NILSSON, MIKAEL",Nej,SWE,,1978-06-24,,HALMSTADS BK,2000-2004,104,17,
1381,"NILSSON, MIKAEL",Nej,SWE,,1985-08-19,,IF BROMMAPOJKARNA,2007-2009,19,2,
5685,"NILSSON, MORGAN",Nej,SWE,,1971-04-03,,GAIS,1990-1992,55,3,
5685,"NILSSON, MORGAN",Nej,SWE,,1971-04-03,,ÖRGRYTE IS,1993-2002,175,6,
1068,"NILSSON, NILS",Nej,SWE,GÄVLE,1901-11-11,1982-02-04,AIK,1926-1933,137,8,
1472,"NILSSON, NILS",Nej,SWE,PEGEN,1904-01-26,1985-03-15,IFK MALMÖ,1929,19,4,"FD LUNDS BK, MFF"
3475,"NILSSON, NILS",Nej,SWE,DUBBEL-NISSE,1936-03-08,2017-06-24,DJURGÅRDENS IF,1959,2,1,
4729,"NILSSON, NILS",Nej,SWE,,1947-08-19,,ÅTVIDABERGS FF,1973-1975,33,11,
2793,"NILSSON, NILS VIKTOR",Nej,SWE,,1922-09-03,1996-09-09,IS HALMIA,1944-1947,16,3,
4148,"NILSSON, NILS-ARNE",Nej,SWE,,1943-08-31,2019-02-19,HÖGADALS IS,1962,16,2,
0572,"NILSSON, OLA",Nej,SWE,,1973-08-22,,HELSINGBORGS IF,1993-2002,225,1,
2042,"NILSSON, OLLE",Nej,SWE,,1911-03-25,2001-10-19,HELSINGBORGS IF,1939,13,1,
1441,"NILSSON, OSCAR",Nej,SWE,,1900-06-11,1965-06-04,IK CITY,1926,22,0,
1450,"NILSSON, OSKAR",Nej,SWE,CHESTER,1904-09-16,1982-01-19,HELSINGBORGS IF,1925,2,0,
1470,"NILSSON, OSKAR",Nej,SWE,,1907-04-03,1974-02-28,STATTENA IF,1928,4,0,
4707,"NILSSON, OVE",Nej,SWE,KRONBLOM,1951-11-07,2006-08-15,AIK,1975,23,8,"MKL RÅDA IK,FR DEGERFORS"
2783,"NILSSON, OVE",Ja,SWE,,1918-08-17,2010-01-17,HALMSTADS BK,1943-1944,43,0,ÖIS 44-47 24/0
2783,"NILSSON, OVE",Ja,SWE,,1918-08-17,2010-01-17,DJURGÅRDENS IF,1947-1953,109,0,
4732,"NILSSON, OWE",Nej,SWE,,1946-10-01,,ÖRGRYTE IS,1971,6,0,
6021,"NILSSON, PATRIC",Nej,SWE,,1965-09-17,,BK HÄCKEN,1993-1994,33,2,
7827,"NILSSON, PATRICK",Nej,SWE,,1986-06-22,,TRELLEBORGS FF,2007,5,0,
3476,"NILSSON, PER",Nej,SWE,,1935-08-01,2022-11-06,IF ELFSBORG,1954,2,0,
5047,"NILSSON, PER",Nej,SWE,HAHRS,1959-03-13,,AIK,1981-1983,19,4,
6670,"NILSSON, PER",Nej,SWE,,1982-09-15,,GIF SUNDSVALL,2000-2001,40,1,
6670,"NILSSON, PER",Nej,SWE,,1982-09-15,,AIK,2001-2004,66,3,
3489,"NILSSON, PER-ARNE",Nej,SWE,ÅRNEBY,1934-02-18,2015-07-27,HELSINGBORGS IF,1952,6,0,"SEN DERBY 55/56, ÅTV"
2048,"NILSSON, PER",Ja,SWE,PELLE,1912-07-01,2005-05-23,IK SLEIPNER,1937,15,0,
2048,"NILSSON, PER",Ja,SWE,PELLE,1912-07-01,2005-05-23,IFK NORRKÖPING,1942-1943,2,0,
3504,"NILSSON, PER-ÅKE",Nej,SWE,,1924-07-17,2004-04-25,IFK MALMÖ,1953,2,0,FR LUNDS BK
5068,"NILSSON, PER-ÅKE",Nej,SWE,,1962-07-21,,IK BRAGE,1983,2,0,
5037,"NILSSON, PETER",Nej,SWE,,1958-08-08,,ÖSTERS IF,1978-1981,100,21,
5037,"NILSSON, PETER",Nej,SWE,,1958-08-08,,KALMAR FF,1984-1986,58,7,
5037,"NILSSON, PETER",Nej,SWE,,1958-08-08,,ÖREBRO SK,1989-1991,56,1,
6742,"NILSSON, PETER",Nej,SWE,,1974-02-01,,VÄSTRA FRÖLUNDA IF,1999,12,1,EM SPANIEN
1454,"NILSSON, REINHOLD",Nej,SWE,,1905-08-31,1994-08-04,LANDSKRONA BoIS,1926,1,0,
5308,"NILSSON, RHONNY",Nej,SWE,,1958-07-03,,IK BRAGE,1980-1988,155,18,FR SVEGS IK
5638,"NILSSON, RICKARD",Nej,SWE,,1969-12-18,,ÖRGRYTE IS,1988-1990,25,0,
7618,"NILSSON, ROBIN",Nej,SWE,TOMELILLA,1988-09-15,,MALMÖ FF,2008-2009,13,0,
7618,"NILSSON, ROBIN",Nej,SWE,TOMELILLA,1988-09-15,,GEFLE IF,2014-2016,88,1,
7618,"NILSSON, ROBIN",Nej,SWE,TOMELILLA,1988-09-15,,TRELLEBORGS FF,2018,27,1,
2810,"NILSSON, ROLAND",Nej,SWE,,1919-03-27,1985-11-11,REYMERSHOLMS IK,1942,3,0,
5403,"NILSSON, ROLAND",Nej,SWE,,1963-11-27,,IFK GÖTEBORG,1983-1989,114,7,
5403,"NILSSON, ROLAND",Nej,SWE,,1963-11-27,,HELSINGBORGS IF,1994-2000,104,10,
5403,"NILSSON, ROLAND",Nej,SWE,,1963-11-27,,GAIS,2006,1,0,
4147,"NILSSON, ROLF",Ja,SWE,SKABBEN,1932-09-15,2018-08-03,HELSINGBORGS IF,1967,21,0,
4147,"NILSSON, ROLF",Ja,SWE,SKABBEN,1932-09-15,2018-08-03,LANDSKRONA BoIS,1979,1,0,
5311,"NILSSON, ROLF-OLA",Nej,SWE,,1958-06-08,,IK BRAGE,1981-1988,127,10,
4982,"NILSSON, RONNY",Nej,SWE,,1951-08-07,,LANDSKRONA BoIS,1979,18,4,
5145,"NILSSON, ROY",Nej,SWE,,1960-07-30,,BK HÄCKEN,1983,15,2,
1442,"NILSSON, RUBEN",Nej,SWE,BRANDKÅRN,1899-12-30,1977-09-27,IFK ESKILSTUNA,1925-1932,110,35,FR VERDANDI
9996,"NILSSON, SEBASTIAN",Nej,SWE,,2003-02-01,,KALMAR FF,2022,1,0,
8354,"NILSSON, SIMON",Nej,SWE,,1992-07-01,,MJÄLLBY AIF,2011-2014,21,0,
3477,"NILSSON, SIXTEN",Nej,SWE,,1931-01-05,1992-08-14,GAIS,1954-1958,34,5,FR VIDKÄRR
4723,"NILSSON, STEFAN",Nej,SWE,,1952-12-18,,LANDSKRONA BoIS,1971-1980,198,10,
4727,"NILSSON, STEFAN",Nej,SWE,,1955-08-24,,IK SIRIUS,1974,26,3,
2803,"NILSSON, STELLAN",Nej,SWE,,1922-05-28,2003-05-27,MALMÖ FF,1941-1950,179,68,
4131,"NILSSON, STELLAN",Nej,SWE,,1946-05-21,,IFK GÖTEBORG,1969-1970,10,0,
4708,"NILSSON, STELLAN",Nej,SWE,,1956-03-26,2017-07-25,AIK,1977,2,0,FR HALMIA
2796,"NILSSON, STIG",Nej,SWE,KORPRALEN,1921-06-12,2007-08-19,HELSINGBORGS IF,1948,3,1,
2796,"NILSSON, STIG",Nej,SWE,KORPRALEN,1921-06-12,2007-08-19,RÅÅ IF,1952,7,1,
3483,"NILSSON, STIG",Nej,SWE,,1931-07-28,2008-05-27,MALMÖ FF,1951,3,0,SEN LEDARE
3483,"NILSSON, STIG",Nej,SWE,,1931-07-28,2008-05-27,HALMSTADS BK,1959,11,6,
4121,"NILSSON, STIG",Nej,SWE,,1942-09-28,,AIK,1968,1,0,
2784,"NILSSON, STIG-CF",Nej,SWE,PIGGEN,1922-08-23,2010-08-21,IF ELFSBORG,1949,1,0,
3710,"NILSSON, STIG-HB """,Nej,SWE,TAGESVENLJUNGA,1929-09-16,2007-08-02,IF ELFSBORG,1952,6,0,
2801,"NILSSON, STIG",Ja,SWE,SIFFE BEREMARK,1921-04-09,2012-12-30,LANDSKRONA BoIS,1941-1942,7,0,SIGFRIDS
2801,"NILSSON, STIG",Ja,SWE,SIFFE BEREMARK,1921-04-09,2012-12-30,LUDVIKA FFI,1945,22,0,
1458,"NILSSON, STURE",Nej,SWE,"NITTON""STUSSE",1903-12-01,1988-01-27,IFK NORRKÖPING,1925-1926,5,0,
1468,"NILSSON, STURE",Nej,SWE,STUDS NEDEMO,1906-07-18,1991-04-23,HELSINGBORGS IF,1928-1930,36,0,
2039,"NILSSON, SVEN",Nej,SWE,SVENNE,1914-02-20,1995-10-26,HALMSTADS BK,1934-1944,48,9,
2046,"NILSSON, SVEN",Nej,SWE,,1909-06-15,1983-03-05,MALMÖ FF,1932-1941,124,1,
3482,"NILSSON, SVEN",Nej,SWE,,1934-06-07,1995-03-24,HALMSTADS BK,1955-1959,45,2,
4149,"NILSSON, SVEN",Nej,SWE,,1937-07-17,1999-09-21,HÖGADALS IS,1962,9,0,FR FINSPÅNG
2025,"NILSSON, SVEN",Ja,SWE,MÖSS-NISSE,1918-10-12,1999-12-27,DEGERFORS IF,1939-1946,21,0,
3507,"NILSSON, SÖREN",Nej,SWE,,1931-11-22,2017-05-16,MOTALA AIF,1958,33,6,
5529,"NILSSON, SÖREN",Nej,SWE,,1961-04-06,,IFK NORRKÖPING,1982-1986,39,1,
4150,"NILSSON, SÖREN",Ja,SWE,,1940-05-11,2009-03-12,HÖGADALS IS,1962,6,0,HÄLLARYDS IF
5320,"NILSSON, THOMAS",Nej,SWE,,1955-08-02,,IK BRAGE,1980-1988,133,31,
5702,"NILSSON, THOMAS",Nej,SWE,,1965-03-30,,HAMMARBY IF,1990,9,1,FR NYNÄSHAMN
7547,"NILSSON, TOBIAS",Nej,SWE,,1986-02-20,,ÅTVIDABERGS FF,2012,22,0,
7547,"NILSSON, TOBIAS",Nej,SWE,,1986-02-20,,JÖNKÖPINGS SÖDRA IF,2016,8,0,
5470,"NILSSON, TOM",Nej,SWE,,1970-07-22,,HAMMARBY IF,1988-1990,11,0,
4716,"NILSSON, TORBJÖRN",Nej,SWE,TOTTE,1954-07-09,,IFK GÖTEBORG,1977-1986,153,88,POJKL I HALLSTAH SK
1440,"NILSSON, TORE",Nej,SWE,,1900-02-10,1986-08-23,AIK,1925,1,0,
2789,"NILSSON, TORE",Nej,SWE,,1918-06-15,1977-03-31,IFK ESKILSTUNA,1943,1,0,
3506,"NILSSON, TORE",Ja,SWE,,1924-06-12,2005-08-28,IFK MALMÖ,1953,1,0,
2816,"NILSSON, TORGNY",Nej,SWE,,1917-08-08,1974-05-05,ÖREBRO SK,1947-1952,39,0,
3501,"NILSSON, ULF",Nej,SWE,,1935-09-01,2016-09-04,IFK MALMÖ,1959-1962,76,3,"FR KVARNBY, ALLIANS"
2028,"NILSSON, UNO",Nej,SWE,,1917-03-05,2004-02-20,IFK ESKILSTUNA,1935-1943,23,5,
2794,"NILSSON, UNO",Nej,SWE,,1914-02-22,2006-10-27,HALMSTADS BK,1943,1,1,
8527,"NILSSON, VIKTOR",Nej,SWE,,1993-07-14,,MJÄLLBY AIF,2013-2014,20,0,
8527,"NILSSON, VIKTOR",Nej,SWE,,1993-07-14,,TRELLEBORGS FF,2018,4,0,
8729,"NILSSON, VIKTOR",Nej,SWE,,1995-06-08,,IF ELFSBORG,2015,1,0,
2294,"NILSSON, WILLI",Ja,SWE,,1908-11-21,2001-08-26,HELSINGBORGS IF,1930,1,0,
9991,"NILSSON, WILLIAM",Nej,SWE,,2004-10-24,,BK HÄCKEN,2022,1,0,
2780,"NILSSON, ÅKE",Nej,SWE,,1924-10-11,2012-05-17,DEGERFORS IF,1944-1953,9,0,
2800,"NILSSON, ÅKE",Nej,SWE,,1924-03-07,1994-04-04,LANDSKRONA BoIS,1945,1,0,
7061,"NILSSON GUIOMAR, JOHAN",Nej,SWE,,1985-03-15,,MALMÖ FF,2004-2006,6,0,
7061,"NILSSON GUIOMAR, JOHAN",Nej,SWE,,1985-03-15,,TRELLEBORGS FF,2010-2011,23,0,
9541,"NILSSÖN, ANTON",Nej,SWE,,2004-02-26,,HELSINGBORGS IF,2022,2,0,
6950,"NISKALA, MIKA",Nej,FIN,,1981-03-28,,IFK NORRKÖPING,2001,2,0,
9790,"NISSEN, FREDRIK",Nej,SWE,,2005-03-28,,IF BROMMAPOJKARNA,2023,10,0,
4719,"NISSMO, JAN",Nej,SWE,,1949-09-16,,HALMSTADS BK,1972-1975,68,1,
3510,"NIVA, ROLAND",Nej,SWE,,1928-12-26,2011-09-18,IFK NORRKÖPING,1953-1954,20,8,
9459,NIXON,Nej,BRA,N.DARLANIO REIS CARDOSO,1992-07-20,,KALMAR FF,2018,7,0,
8857,"NKILI, AYANDA",Nej,RSA,,1990-10-09,,ÖREBRO SK,2014-2015,33,0,
9583,"NNAMANI, SAMUEL",Nej,NIG,,1995-06-03,,ATHLETIC FC ESKILSTU,2019,28,7,ONYEDIKACHUKWU
9242,"NOAH, DIVINE",Nej,GHA,,1996-04-20,,ÖREBRO SK,2017,13,0,
7450,"NOMVETHE, SIYABONGA",Nej,RSA,,1977-12-02,,DJURGÅRDENS IF,2005,5,1,
9178,"NOOR, FARSHAD",Nej,AFG/NE,,1994-10-02,,ATHLETIC FC ESKILSTU,2017,8,0,
4139,"NORBERG, BERNT",Nej,SWE,,1943-03-12,2022-05-28,HAMMARBY IF,1965,9,0,FR ÄLGARNA
5980,"NORBERG, FREDRIK",Nej,SWE,,1974-10-14,,IK BRAGE,1993,4,0,
7165,"NORBERG, FREDRIK",Nej,SWE,,1983-01-16,,GIF SUNDSVALL,2002-2004,18,0,
4140,"NORBERG, LEIF",Nej,SWE,,1944-09-29,,HAMMARBY IF,1965,1,0,
2817,"NORBERG, PER",Nej,SWE,-ERIK PÄRA,1921-12-06,2002-09-27,ÖREBRO SK,1947,1,0,
1446,"NORBERG, REINHOLD",Nej,SWE,RENNE,1899-04-08,1965-12-23,HAMMARBY IF,1925,21,0,
4158,"NORBLAD, KRISTER",Nej,SWE,,1946-07-22,,IFK NORRKÖPING,1968-1978,134,17,
3511,"NORBÄCK, LENNART",Nej,SWE,,1921-10-29,1995-01-08,SANDVIKENS IF,1954-1957,47,0,EV +2 MATCHER
4156,"NORD, BERTIL",Ja,SWE,,1944-03-14,,MALMÖ FF,1961-1963,9,0,
2776,"NORDAHL, BERTIL",Nej,SWE,HOCKY,1917-07-26,1998-12-01,DEGERFORS IF,1943-1949,126,1,
2777,"NORDAHL, GUNNAR",Nej,SWE,,1921-10-19,1995-09-15,DEGERFORS IF,1941-1944,77,58,
2777,"NORDAHL, GUNNAR",Nej,SWE,,1921-10-19,1995-09-15,IFK NORRKÖPING,1945-1949,92,93,
3488,"NORDAHL, GÖSTA",Nej,SWE,,1928-11-22,2003-03-01,IFK NORRKÖPING,1950-1954,56,14,
3488,"NORDAHL, GÖSTA",Nej,SWE,,1928-11-22,2003-03-01,IFK HOLMSUND,1967,22,0,
2807,"NORDAHL, KNUT",Nej,SWE,,1920-01-13,1984-10-28,IFK NORRKÖPING,1942-1950,167,40,
4124,"NORDAHL, NILS",Nej,SWE,,1935-05-04,,IK BRAGE,1966,6,0,
4710,"NORDAHL, PER-GÖSTA",Ja,SWE,,1955-08-21,,BK DERBY,1977,24,0,
3492,"NORDAHL, SVEN-ERIK",Nej,SWE,,1930-10-16,2019-07-12,HELSINGBORGS IF,1952,4,3,
4126,"NORDAHL, THOMAS",Nej,SWE,,1946-05-24,,DEGERFORS IF,1964,14,4,
4126,"NORDAHL, THOMAS",Nej,SWE,,1946-05-24,,ÖREBRO SK,1965-1978,252,106,
6508,"NORDBACK, FREDRIK",Nej,FIN,NOBBE,1979-03-20,,ÖREBRO SK,1997-2011,245,18,
7472,"NORDBECK, DAVID",Nej,SWE,,1978-05-25,,ASSYRISKA FF,2005,24,2,
7472,"NORDBECK, DAVID",Nej,SWE,,1978-05-25,,IFK NORRKÖPING,2008,1,0,
5428,"NORDBERG, BJÖRN",Ja,SWE,,1966-06-21,,HALMSTADS BK,1984-1998,89,0,
2040,"NORDBERG, ERIK",Nej,SWE,,1908-12-22,1998-07-04,HALMSTADS BK,1934,3,0,
4734,"NORDENBERG, MATS",Nej,SWE,,1948-11-09,,ÖSTERS IF,1970-1978,187,8,
8156,"NORDENBERG, PONTUS",Nej,SWE,,1995-02-16,,ÅTVIDABERGS FF,2014-2015,31,0,
3494,"NORDENGREN, YNGVE",Nej,SWE,,1935-05-13,2008-10-07,HELSINGBORGS IF,1959-1961,26,6,FR BK FRAM
4740,"NORDENHEM, ULF",Nej,SWE,OHLSSON TID.,1957-07-23,,KALMAR FF,1977-1986,186,12,
4733,"NORDENSKÄR, STEFAN",Nej,SWE,,1954-05-24,2018-08-28,ÖRGRYTE IS,1976,9,0,180827 ENL DÖDSANNONS
7634,"NORDFELDT, KRISTOFFER",Ja,SWE,,1989-06-23,,IF BROMMAPOJKARNA,2009-2010,46,0,
7634,"NORDFELDT, KRISTOFFER",Ja,SWE,,1989-06-23,,AIK,2021-2023,72,0,
2773,"NORDGREN, ERIK",Nej,SWE,,1915-11-25,1983-01-17,AIK,1942,8,2,
2773,"NORDGREN, ERIK",Nej,SWE,,1915-11-25,1983-01-17,SANDVIKENS IF,1944,2,0,
2026,"NORDGREN, HERMAN",Nej,SWE,,1911-12-02,2000-08-12,DJURGÅRDENS IF,1937,19,0,
4735,"NORDGREN, MATS",Nej,SWE,,1955-04-09,,ÖSTERS IF,1977-1986,175,31,
5180,"NORDGREN, TOMMY",Nej,SWE,,1948-11-11,,MJÄLLBY AIF,1980,19,1,
3473,"NORDH, BERTIL",Nej,SWE,,1922-12-29,1978-01-28,DEGERFORS IF,1951,14,0,
3473,"NORDH, BERTIL",Nej,SWE,,1922-12-29,1978-01-28,ÖREBRO SK,1952,4,0,
4709,"NORDH, ESBJÖRN",Nej,SWE,,1955-09-03,2011-08-19,BK DERBY,1977,12,1,
4726,"NORDH, KENNETH",Nej,SWE,,1951-01-14,,IF SAAB,1973,12,2,EM NORGE
2329,"NORDIN, ERNST",Nej,SWE,EISY,1920-02-18,2010-08-08,LANDSKRONA BoIS,1940-1949,32,0,
4163,"NORDIN, HASSE",Nej,SWE,,1939-02-07,2019-04-28,ÖREBRO SK,1962-1971,155,11,
2295,"NORDIN, JOEL",Nej,SWE,,1910-07-05,1998-05-08,IF ELFSBORG,1931,3,0,
5350,"NORDIN, KRISTER",Nej,SWE,,1968-02-25,,DJURGÅRDENS IF,1988-1991,87,13,
5350,"NORDIN, KRISTER",Nej,SWE,,1968-02-25,,AIK,1992-2004,232,42,
4137,"NORDIN, LARS",Nej,SWE,,1939-03-16,2022-07-01,HAMMARBY IF,1961-1965,68,27,
4720,"NORDIN, LARS",Ja,SWE,,1944-06-11,,HALMSTADS BK,1972,1,0,SEN STRÖMSNÄSBRUK
4138,"NORDIN, LARS-ÅKE",Nej,SWE,LAPPEN,1945-01-07,,HAMMARBY IF,1963,2,0,
4138,"NORDIN, LARS-ÅKE",Nej,SWE,LAPPEN,1945-01-07,,GIF SUNDSVALL,1965,4,1,
4717,"NORDIN, OLLE",Nej,SWE,JAN-OLOF,1949-11-23,,IFK NORRKÖPING,1970-1974,99,27,
4717,"NORDIN, OLLE",Nej,SWE,JAN-OLOF,1949-11-23,,IFK SUNDSVALL,1976,25,9,
4717,"NORDIN, OLLE",Nej,SWE,JAN-OLOF,1949-11-23,,IFK GÖTEBORG,1977-1979,69,12,
2797,"NORDIN, OTTO",Nej,SWE,,1916-07-12,1971-07-18,HELSINGBORGS IF,1940-1945,8,2,FR BILLESHOLM
4736,"NORDIN, THOMAS",Ja,SWE,,1951-09-13,,BRYNÄS IF,1974,10,0,SEN IFK KALIX 75
8730,"NORDIN, VIKTOR",Nej,SWE,,1996-01-18,,HAMMARBY IF,2015,1,0,
4160,"NORDIN, YNGVE",Nej,SWE,PEKKA,1940-02-27,2024-02-21,GIF SUNDSVALL,1965,22,0,
3500,"NORDKVIST, BENGT",Nej,SWE,BAMBINO,1939-06-21,1968-09-14,IFK MALMÖ,1958-1962,90,26,
1443,"NORDKVIST, BIRGER",Ja,SWE,BIGGE,1905-04-29,1987-08-03,IFK ESKILSTUNA,1925-1928,43,0,
4728,"NORDKVIST, TOMMY",Nej,SWE,,1948-09-10,,GIF SUNDSVALL,1975,17,1,"FR BRAGE,SANDV IF"
2809,"NORDLUND, HERBERT",Nej,SWE,,1913-12-13,1977-01-08,REYMERSHOLMS IK,1942,12,2,
7357,"NORDMARK, DANIEL",Nej,SWE,,1988-01-04,,IF ELFSBORG,2008-2011,76,8,
7357,"NORDMARK, DANIEL",Nej,SWE,,1988-01-04,,HELSINGBORGS IF,2012-2014,40,6,
7357,"NORDMARK, DANIEL",Nej,SWE,,1988-01-04,,ÖREBRO SK,2014-2016,54,5,
5530,"NORDQUIST, OWE",Nej,SWE,,1959-11-03,,IFK NORRKÖPING,1984-1986,44,2,
4135,"NORDQVIST, BJÖRN",Nej,SWE,BAGARN,1942-10-06,,IFK NORRKÖPING,1961-1972,245,7,
4135,"NORDQVIST, BJÖRN",Nej,SWE,BAGARN,1942-10-06,,IFK GÖTEBORG,1977-1978,47,0,
4135,"NORDQVIST, BJÖRN",Nej,SWE,BAGARN,1942-10-06,,ÖRGRYTE IS,1981-1983,69,0,
2022,"NORDQVIST, GUSTAV",Nej,SWE,BUCKLA,1913-02-15,1991-11-28,AIK,1934,3,0,KALLADES GÖSTA?
1444,"NORDQVIST, GÖSTA",Ja,SWE,KOCKEN,1903-05-24,1997-04-19,IFK ESKILSTUNA,1925-1932,13,0,
4152,"NORDQVIST, SONNY",Nej,SWE,,1941-03-25,,JÖNKÖPINGS SÖDRA IF,1960-1969,33,2,
2812,"NORDSTRAND, KARL",Nej,SWE,,1919-06-19,1976-10-31,SANDVIKENS IF,1940-1942,4,0,HALLSTAH 44
5719,"NORDSTRAND, ROGER",Nej,SWE,,1973-05-20,,ÖRGRYTE IS,1990-1995,25,5,
5719,"NORDSTRAND, ROGER",Nej,SWE,,1973-05-20,,HALMSTADS BK,2000-2001,7,0,
1465,"NORDSTRÖM, BERTIL",Ja,SWE,,1903-06-11,1969-02-23,IFK UDDEVALLA,1927,21,0,
8731,"NORDSTRÖM, BILLY",Nej,SWE,,1995-09-18,,IFK GÖTEBORG,2015-2018,36,0,
2031,"NORDSTRÖM, FOLKE",Nej,SWE,NÖDDA,1909-11-14,1993-08-17,GÅRDA BK,1936,3,0,"EGENTL ANDERSSON, VIRGO"
1069,"NORDSTRÖM, GÖSTA",Nej,SWE,,1904-01-02,1976-02-29,IF ELFSBORG,1927-1934,162,5,
2775,"NORDSTRÖM, HARRY",Nej,SWE,,1912-07-28,1979-06-21,IK BRAGE,1941,5,0,
1457,"NORDSTRÖM, IVAN",Nej,SWE,,1907-03-16,1982-03-04,IFK MALMÖ,1926,1,0,
4125,"NORDSTRÖM, JAN",Nej,SWE,,1947-05-01,,IK BRAGE,1966,1,1,FR VIKMANSHYTTAN
4132,"NORDSTRÖM, JAN",Ja,SWE,,1944-12-19,2023-04-06,JÖNKÖPINGS SÖDRA IF,1969,22,0,
4132,"NORDSTRÖM, JAN",Ja,SWE,,1944-12-19,2023-04-06,IFK GÖTEBORG,1970-1977,35,0,
6728,"NORDSTRÖM, JENS",Nej,SWE,,1976-09-12,,MALMÖ FF,1999,15,0,
1445,"NORDSTRÖM, MAX",Nej,SWE,,1906-03-25,1965-05-03,IFK ESKILSTUNA,1926,2,0,
2050,"NORDSTRÖM, PER",Nej,SWE,,1913-09-07,2005-12-15,ÖRGRYTE IS,1931-1939,51,13,HAMM VÅR 38
5443,"NORDSTRÖM, ROBERT",Nej,SWE,,1963-08-13,,HALMSTADS BK,1984-1986,4,1,
2811,"NORDSTRÖM, STIG",Nej,SWE,STICKAN,1921-05-04,2012-12-01,SANDVIKENS IF,1941-1944,16,1,
5714,"NORDSTRÖM, THOMAS",Nej,FIN,TÖPPE,1965-07-08,,ÖREBRO SK,1990,5,0,"MARKAR 86-89,ÅTER FINLAND"
2035,"NORDSTRÖM, THURE",Nej,SWE,,1919-05-01,2003-10-01,SANDVIKENS IF,1938,1,0,"GEFLE,ÖIS 42-45,KONGAHÄLL"
2035,"NORDSTRÖM, THURE",Nej,SWE,,1919-05-01,2003-10-01,IFK GÖTEBORG,1942,4,0,
1447,"NORELL, EDVIN",Nej,SWE,,1898-03-08,1980-11-04,HAMMARBY IF,1925,2,0,961219?
7272,"NORELL, JOHAN",Nej,SWE,,1981-09-29,,ENKÖPINGS SK,2003,22,0,
7272,"NORELL, JOHAN",Nej,SWE,,1981-09-29,,LANDSKRONA BoIS,2005,19,0,
7274,"NORELL, NICHLAS",Nej,SWE,,1971-01-12,,ENKÖPINGS SK,2003,24,5,
4145,"NORELL, ROLF",Nej,SWE,DALLAS,1943-09-05,,HELSINGBORGS IF,1965-1968,61,7,"FR BYSKE, SKELL AIK"
9683,"NORÉN, AXEL",Nej,SWE,,1999-04-04,,FALKENBERGS FF,2020,10,1,
5874,"NORÉN, PETER",Nej,SWE,SNORRE,1968-06-08,,GAIS,1992,15,2,
3480,"NORÉN, ÅKE",Nej,SWE,KÖLET,1928-09-26,2012-07-03,IFK GÖTEBORG,1953-1959,141,18,"SÄVED 50-52,64-69"
7659,"NORING, VIKTOR",Ja,SWE,,1991-02-03,,TRELLEBORGS FF,2009-2011,77,0,MFF 2012
7659,"NORING, VIKTOR",Ja,SWE,,1991-02-03,,FALKENBERGS FF,2020,19,0,
5453,"NORLANDER, JIM",Nej,SWE,,1968-06-14,,HALMSTADS BK,1989-1991,29,0,
4130,"NORLANDER, NILS",Nej,SWE,,1947-03-07,,GAIS,1967-1975,134,1,
9725,"NORLIN, GUSTAF",Nej,SWE,,1997-01-09,,VARBERGS BOIS,2020,28,5,
9725,"NORLIN, GUSTAF",Nej,SWE,,1997-01-09,,IFK GÖTEBORG,2021-2023,82,12,
4161,"NORLIN, PER",Nej,SWE,,1948-07-26,,GIF SUNDSVALL,1965,1,0,
2815,"NORMAN, ALRIK",Nej,SWE,,1919-04-18,1983-04-02,SANDVIKENS IF,1940-1944,9,2,
2815,"NORMAN, ALRIK",Nej,SWE,,1919-04-18,1983-04-02,SANDVIKENS AIK,1955,21,1,
2024,"NORMAN, BIRGER",Nej,SWE,,1912-04-03,2005-05-13,IK BRAGE,1938-1941,68,0,
4162,"NORMELLI, PER",Nej,SWE,,1942-04-24,,GIF SUNDSVALL,1965,1,0,
0570,"NORRBY, ERIK",Nej,SWE,,1973-01-13,,IFK NORRKÖPING,1994-1995,26,0,BK KENTY
2296,"NORRBY, KNUT",Ja,SWE,,1905-09-21,1978-01-31,SANDVIKENS IF,1930,5,0,
2297,"NORRMAN, BROR",Nej,SWE,KARL ERIK,1909-01-21,1968-01-13,IFK NORRKÖPING,1930,3,1,
1466,"NORRMAN, NILS",Nej,SWE,,1901-10-08,1982-09-04,WESTERMALMS IF,1927-1929,41,1,
7280,"NORRSTRÖM, HENRIK",Nej,SWE,,1983-02-14,,ENKÖPINGS SK,2003,1,0,
5979,"NORRSTRÖM, PONTUS",Nej,SWE,,1974-07-17,,IK BRAGE,1993,1,0,
7219,"NOURI, BRWA",Nej,SWE,,1987-01-23,,ÖSTERSUNDS FK,2016-2018,67,12,
7605,"NOURI, EMIN",Nej,SWE,,1985-07-22,,ÖSTERS IF,2006,21,0,
7605,"NOURI, EMIN",Nej,SWE,,1985-07-22,,KALMAR FF,2008-2021,270,1,
6217,"NOVAKOVIC, NEBOJSA",Nej,SER,NESH,1964-10-29,,DJURGÅRDENS IF,1995-1996,44,8,SVE MEDB 99
6217,"NOVAKOVIC, NEBOJSA",Nej,SER,NESH,1964-10-29,,AIK,1997-2001,104,27,
7484,"NOYAN, MICHEL",Nej,SWE,,1985-04-16,,ASSYRISKA FF,2005,1,0,
6443,"NSUBUGA, MOSES",Nej,SWE,,1973-03-05,,IF ELFSBORG,1997,23,8,
7155,"NUORELA, JUSSI",Nej,FIN,,1974-08-11,,MALMÖ FF,2002-2003,22,0,
8551,"NURKIC, ELMIN",Nej,SWE,,1991-12-21,,ÖSTERS IF,2013,11,0,
8272,"NURME, SIMON",Ja,SWE,,1982-11-24,,ÖREBRO SK,2010-2011,3,0,
2795,"NURMELA, HOLGER",Nej,SWE,HOGGE,1920-10-28,2005-03-01,HAMMARBY IF,1940,16,7,
6026,"NURMELA, MIKA",Nej,FIN,,1971-12-26,,MALMÖ FF,1993-1995,31,3,
8733,"NUSHI, RINOR",Nej,SWE,,1996-01-11,,ATHLETIC FC ESKILSTU,2017,2,0,
9915,"NWADIKE, PATRICK",Nej,SWE,,1998-08-29,,IK SIRIUS,2021-2023,25,1,
7261,"NYANG, AZIZ CORR",Nej,GAM,,1984-08-27,,DJURGÅRDENS IF,2003-2004,7,0,
2033,"NYBERG, ARNE",Nej,SWE,,1913-06-20,1970-08-12,IFK GÖTEBORG,1933-1950,280,111,
3470,"NYBERG, BRUNO",Nej,SWE,ÄLGEN,1931-06-01,2013-06-08,AIK,1954-1961,123,6,
4712,"NYBERG, KJELL",Nej,SWE,,1951-01-26,,DJURGÅRDENS IF,1970-1971,15,2,
4712,"NYBERG, KJELL",Nej,SWE,,1951-01-26,,KALMAR FF,1976-1980,93,15,
3513,"NYBERG, LARS",Nej,SWE,,1928-10-04,2018-04-01,ÅTVIDABERGS FF,1952,9,2,FD SKELL AIK
4123,"NYBERG, PER-ERIK",Nej,SWE,,1943-08-23,,AIK,1968-1969,6,0,
3479,"NYBERG, RALPH",Nej,SWE,,1938-10-10,2023-09-26,IFK GÖTEBORG,1958-1966,41,7,"T BILL 60,HOLMS 61,GBG 63"
9964,"NYGAARD, ALFONS",Nej,SWE,,2002-04-20,,IFK GÖTEBORG,2022,1,0,
9125,"NYGREN, BENJAMIN",Nej,SWE,,2001-07-08,,IFK GÖTEBORG,2018-2019,15,6,
4142,"NYGREN, INGE-BO",Ja,SWE,,1946-04-02,,IFK HOLMSUND,1967,1,0,
4141,"NYGREN, KENT",Nej,SWE,,1945-02-01,,IFK HOLMSUND,1967,22,1,
9467,"NYGREN, LINUS",Nej,SWE,,1998-05-11,,IK SIRIUS,2018,1,0,
2786,"NYGREN, THURE",Ja,SWE,,1927-12-22,2013-04-04,IF ELFSBORG,1949-1953,37,0,
5028,"NYGÅRDS, KARL-AXEL",Nej,SWE,,1956-09-27,,ÅTVIDABERGS FF,1978-1981,52,1,
1469,"NYHLÉN, IVAR",Nej,SWE,IVAN,1906-10-04,1984-07-23,DJURGÅRDENS IF,1928,9,1,
2808,"NYHOLM, BENGT",Ja,SWE,ZAMORA,1930-01-30,2015-09-11,IFK NORRKÖPING,1949-1965,294,0,
1998,"NYHOLM, JESPER",Nej,SWE,,1993-09-10,,AIK,2017,22,1,
1998,"NYHOLM, JESPER",Nej,SWE,,1993-09-10,,DJURGÅRDENS IF,2020-2021,21,1,
1460,"NYKVIST, TAGE",Nej,SWE,BAGEL,1904-04-09,1941-02-13,IK SLEIPNER,1925-1928,81,4,
3485,"NYLANDER, BERNT-OLOF",Nej,SWE,,1936-03-01,2021-10-01,HALMSTADS BK,1959,11,0,FR FALK FF
5192,"NYLANDER, JÖRGEN",Nej,SWE,,1958-09-27,,MJÄLLBY AIF,1983,19,0,
5177,"NYLANDER, ROY",Nej,SWE,,1956-03-16,2000-05-02,MJÄLLBY AIF,1980-1985,52,1,
5502,"NYLÉN, NICLAS",Nej,SWE,NICCO LARSSON TID.,1966-03-21,,MALMÖ FF,1987-1996,205,16,
5502,"NYLÉN, NICLAS",Nej,SWE,NICCO LARSSON TID.,1966-03-21,,HALMSTADS BK,1998,9,2,
6402,"NYLUND, MATTIAS",Nej,SWE,,1980-09-23,,GIF SUNDSVALL,2000-2005,59,0,
6402,"NYLUND, MATTIAS",Nej,SWE,,1980-09-23,,AIK,2003,1,0,
6402,"NYLUND, MATTIAS",Nej,SWE,,1980-09-23,,TRELLEBORGS FF,2008-2009,18,0,
8355,"NYMAN, CHRISTOFFER",Nej,SWE,TOTTE,1992-10-05,,IFK NORRKÖPING,2011-2023,274,87,
2785,"NYMAN, DOUGLAS",Nej,SWE,,1924-08-08,2016-06-28,IF ELFSBORG,1946-1954,138,0,
2790,"NYMAN, EGON",Nej,SWE,,1923-02-17,2005-12-31,GAIS,1947-1953,50,15,JUNGS IF
1459,"NYMAN, FABIAN",Ja,SWE,,1903-07-09,1988-04-17,IFK NORRKÖPING,1925,2,0,FR LINK AIK
2802,"NYMAN, HOLGER",Nej,SWE,PROPPEN,1925-01-02,2020-04-05,LUDVIKA FFI,1945,20,6,
2802,"NYMAN, HOLGER",Nej,SWE,PROPPEN,1925-01-02,2020-04-05,IFK NORRKÖPING,1948-1958,185,3,
2782,"NYMAN, SIXTEN",Nej,SWE,,1922-04-07,2003-01-04,DEGERFORS IF,1943-1951,23,0,
5038,"NYMAN, THOMAS",Nej,SWE,,1956-02-14,,ÖSTERS IF,1978-1983,102,12,
8325,"NYMANN, PETER",Nej,DAN,,1982-08-22,,DJURGÅRDENS IF,2011-2013,70,4,NYMANN MIKKELSEN
2814,"NYQVIST, RUNE",Nej,SWE,,1918-01-17,1998-12-17,IK SLEIPNER,1940,4,0,
1142,"NYSTRAND, MARTIN",Nej,SWE,,1897-01-08,1968-02-07,IFK NORRKÖPING,1925,1,0,FR DERBY
8017,"NYSTRÖM, BERNHARD",Nej,SWE,,1985-05-08,,GEFLE IF,2009-2010,27,0,
2774,"NYSTRÖM, OLLE",Nej,SWE,OLOV,1928-07-18,2002-07-18,AIK,1948,4,0,
2774,"NYSTRÖM, OLLE",Nej,SWE,OLOV,1928-07-18,2002-07-18,HAMMARBY IF,1955-1959,78,0,
6918,"NYSTRÖM, PETER",Nej,SWE,,1984-08-27,,BK HÄCKEN,2009-2011,34,3,
6918,"NYSTRÖM, PETER",Nej,SWE,,1984-08-27,,HALMSTADS BK,2013,10,0,
2023,"NYSTRÖM, STIG",Nej,SWE,,1919-11-25,1983-07-31,IK BRAGE,1938-1941,70,36,
2023,"NYSTRÖM, STIG",Nej,SWE,,1919-11-25,1983-07-31,DJURGÅRDENS IF,1946-1951,84,12,
5395,"NÅFORS, JOAKIM",Nej,SWE,,1964-12-22,,VÄSTRA FRÖLUNDA IF,1987-1988,35,9,
5395,"NÅFORS, JOAKIM",Nej,SWE,,1964-12-22,,GAIS,1989-1992,54,5,
9387,"NÅVIK, LUDVIG",Nej,SWE,,2003-11-02,,GIF SUNDSVALL,2022,27,0,
7748,"NÄFVER, KRISTOFFER",Nej,SWE,,1986-03-28,,ÖREBRO SK,2007-2009,28,1,
7748,"NÄFVER, KRISTOFFER",Nej,SWE,,1986-03-28,,DJURGÅRDENS IF,2008,5,0,
6854,"NÄSHOLM, DANIEL",Nej,SWE,,1975-01-26,,GIF SUNDSVALL,2000-2005,88,1,"SON AXEL,ARVID"
2787,"NÄSLUND, HENNING",Nej,SWE,,1916-10-22,1989-02-09,IFK ESKILSTUNA,1943,16,6,
5888,"NÄSSBJER, PER",Nej,SWE,,1972-04-08,,GIF SUNDSVALL,1991,1,0,
1463,"NÖJD, EVALD",Nej,SWE,,1897-07-01,1978-03-29,ÖRGRYTE IS,1926,7,2,"TVILLING ELOF,CH, SURTE"
2034,"NÖJD, WIDROF",Nej,SWE,,1911-10-08,1985-07-18,IFK GÖTEBORG,1937,3,0,FR SURTE 3608
9006,"OBASI, CHINEDU",Nej,NIG,,1986-06-01,,AIK,2016-2019,37,16,
9006,"OBASI, CHINEDU",Nej,NIG,,1986-06-01,,IF ELFSBORG,2018,10,4,
6118,"OBIKU, MIKE",Nej,NIG,,1968-09-24,,HELSINGBORGS IF,1994,14,9,EG MICHAEL
0830,"OBOLO, IVAN",Nej,ARG/ITA,,1981-09-28,,AIK,2007-2009,74,24,
9423,"OCHIENG, DAVID",Nej,KEN,,1992-10-07,,IF BROMMAPOJKARNA,2018,13,0,
6940,"ODELIUS, KIM",Nej,SWE,,1985-06-20,,IF BROMMAPOJKARNA,2009-2010,39,0,
2057,"ODELL, ERIK",Nej,SWE,,1915-05-05,1968-01-16,IFK GÖTEBORG,1938,1,0,HAMM VÅR 37
5167,"ODELSTIG, JAN",Ja,SWE,,1962-03-02,,MALMÖ FF,1980,1,0,
9611,"ODILON, KOSSOUNOU",Nej,ELF,,2001-01-04,,HAMMARBY IF,2019,9,0,
7534,"OFERE, EDWARD",Nej,NIG,,1986-03-28,,MALMÖ FF,2005-2010,85,24,
9468,"OFFIA, HENRY",Nej,NIG,,1999-12-26,,IK SIRIUS,2018-2019,11,0,
8477,"OFORI, EBENEZER",Nej,GHA,,1995-07-01,,AIK,2013-2021,113,4,
9874,"OFOSU-AYEH, PHIL",Nej,GHA,,1991-09-15,,HALMSTADS BK,2021,1,0,KORSBAND
9019,"OFOSUHENE, LORD",Nej,GHA,,1994-03-30,,FALKENBERGS FF,2016,3,0,
9041,"OGBU, MOSES",Nej,NIG,,1991-02-07,,JÖNKÖPINGS SÖDRA IF,2016,12,0,
9041,"OGBU, MOSES",Nej,NIG,,1991-02-07,,IK SIRIUS,2017-2018,43,13,
9041,"OGBU, MOSES",Nej,NIG,,1991-02-07,,MJÄLLBY AIF,2020,25,14,
2298,"OHLIN, ERIK",Nej,SWE,,1909-09-27,1984-06-20,IFK MALMÖ,1931-1932,21,0,
3532,"OHLIN, JÖRGEN",Nej,SWE,,1937-12-19,2013-03-19,MALMÖ FF,1958-1967,148,5,SEN IFK TRELL 68
4748,"OHLSON, HANS",Nej,SWE,LILLEMAN,1950-06-22,,ÖREBRO SK,1972,2,0,
4990,"OHLSSON, ANDERS",Nej,SWE,,1959-12-06,,MALMÖ FF,1979-1983,44,4,
2053,"OHLSSON, AXEL",Ja,SWE,ACKE OLAUSSON,1910-11-06,1995-07-17,IF ELFSBORG,1934-1938,65,0,EJ 111106
2053,"OHLSSON, AXEL",Ja,SWE,ACKE OLAUSSON,1910-11-06,1995-07-17,IFK GÖTEBORG,1940-1945,94,0,
4166,"OHLSSON, BENGT",Nej,SWE,,1945-10-19,,DEGERFORS IF,1966,14,0,FR BILLINGSFORS
4739,"OHLSSON, BILLY",Nej,SWE,,1954-01-13,,HAMMARBY IF,1972-1986,217,94,
4188,"OHLSSON, BO",Nej,SWE,,1938-02-25,,ÅTVIDABERGS FF,1968,10,0,
1483,"OHLSSON, ERIK",Nej,SWE,,1893-12-05,1984-04-11,IFK MALMÖ,1925,2,0,EM BRA 45
2054,"OHLSSON, ERIK",Nej,SWE,PUTTE,1907-12-17,1961-10-27,IF ELFSBORG,1930-1938,109,2,
3540,"OHLSSON, HENRY",Nej,SWE,,1922-02-19,2009-12-23,VÄSTERÅS SK,1956-1957,36,0,
1473,"OHLSSON, HERBERT",Nej,SWE,BANKEN,1894-03-18,1969-08-08,AIK,1925-1926,28,12,
4178,"OHLSSON, KENNETH",Nej,SWE,KENTA,1948-09-07,,HAMMARBY IF,1967-1983,333,59,
4187,"OHLSSON, LARS-ÅKE",Nej,SWE,LARSA SKALIN,1942-01-14,,GIF SUNDSVALL,1965,2,0,"FR SOLLEFTEÅ 62, SEN USA"
3517,"OHLSSON, OWE",Nej,SWE,FISKARN,1938-08-19,,IFK GÖTEBORG,1957-1964,165,101,
3517,"OHLSSON, OWE",Nej,SWE,FISKARN,1938-08-19,,AIK,1965-1971,154,23,
3522,"OHLSSON, PER ERIK",Nej,SWE,,1933-03-30,2005-09-21,DJURGÅRDENS IF,1957-1958,14,6,
9127,"OHLSSON, SAMUEL",Nej,SWE,,2001-05-13,,IFK GÖTEBORG,2019,1,0,
8838,"OHLSSON, SEBASTIAN",Nej,SWE,,1992-12-31,,BK HÄCKEN,2014-2015,8,0,"FR SKÖVDE, SEN DEG, TRELL"
8838,"OHLSSON, SEBASTIAN",Nej,SWE,,1992-12-31,,TRELLEBORGS FF,2018,28,1,
8838,"OHLSSON, SEBASTIAN",Nej,SWE,,1992-12-31,,DEGERFORS IF,2021-2023,76,1,
9187,"OHLSSON, SEBASTIAN",Nej,SWE,,1993-05-26,,IFK GÖTEBORG,2017-2023,63,8,FR ÖIS
5890,"OHRE, MAGNUS",Nej,SWE,,1968-03-10,,GIF SUNDSVALL,1991,8,0,
6244,"OINAS, JANNE",Nej,FIN,,1973-11-27,,ÖREBRO SK,1995,4,1,
5103,"OJA, MAGNUS",Nej,SWE,,1963-03-27,,GEFLE IF,1983,1,0,
9207,"OJALA, JUHANI",Nej,FIN,,1989-06-19,,BK HÄCKEN,2017-2019,32,4,
8511,"OJALA, MIKA",Nej,FIN,,1988-06-21,,BK HÄCKEN,2013,21,0,
9675,"OKKELS, JEPPE",Nej,DAN,,1999-07-27,,IF ELFSBORG,2020-2023,100,24,
7413,"OKKONEN, ANTTI",Nej,FIN,,1982-06-06,,LANDSKRONA BoIS,2004-2005,48,1,
8840,"OKRAH, AUGUSTINE",Nej,GHA/,,1993-09-22,,BK HÄCKEN,2014,1,0,
9441,"OKUMU, JOSEPH",Nej,KEN,,1997-05-26,,IF ELFSBORG,2019-2021,34,0,
9993,"OLAFSSON, DAVID KRISTJAN",Nej,SWE,,1995-05-15,,KALMAR FF,2022-2023,59,2,*ISL*
5107,"OLAFSSON, THORSTEINN",Ja,SWE,,1951-03-15,,IFK GÖTEBORG,1980,25,0,ISLAND
2818,"OLANDER, TURE",Ja,SWE,,1920-09-03,2013-02-10,AIK,1944-1949,6,0,
3525,"OLAUSSON, BERNT",Nej,SWE,,1930-08-30,2009-03-03,IF ELFSBORG,1950-1954,45,13,KONF.ARB
6027,"OLAUSSON, CARSTEN",Ja,SWE,,1971-05-25,,MALMÖ FF,1993-1994,9,0,
6027,"OLAUSSON, CARSTEN",Ja,SWE,,1971-05-25,,TRELLEBORGS FF,1996-1997,31,0,
8153,"OLAUSSON, JOAKIM",Nej,SWE,,1995-01-14,,BK HÄCKEN,2015,1,0,
5270,"OLAUSSON, MATS",Nej,SWE,,1960-08-07,,GEFLE IF,1983-1984,44,5,
5270,"OLAUSSON, MATS",Nej,SWE,,1960-08-07,,AIK,1985-1989,85,2,
6056,"OLAUSSON, MIKAEL",Nej,SWE,,1975-11-11,,VÄSTRA FRÖLUNDA IF,2000,15,1,
4738,"OLAUSSON, REINE",Nej,SWE,,1949-04-23,,IFK GÖTEBORG,1977-1980,90,1,
9985,"OLDEN LARSEN, LARS",Nej,NOR,,1998-09-17,,BK HÄCKEN,2022-2023,31,9,
8463,"OLESEN, ALLAN",Nej,DAN,,1982-05-20,,ÅTVIDABERGS FF,2012-2014,44,0,
7820,"OLIVEIRA, GIVALDO",Nej,BRA,,1984-09-17,,KALMAR FF,2007,4,0,
7821,"OLIVEIRA, THIAGO",Nej,BRA,,1981-05-26,,KALMAR FF,2007,3,1,T.DE OLIVEIRA SANTOS
8464,"OLLÉ OLLÉ, ALAN JR",Nej,KAM,,1987-04-11,,ÅTVIDABERGS FF,2012,7,0,
5562,"OLOFSSON, ANDERS",Nej,SWE,,1961-09-03,,IFK SUNDSVALL,1981,6,1,
5562,"OLOFSSON, ANDERS",Nej,SWE,,1961-09-03,,GIF SUNDSVALL,1987,2,0,
4737,"OLOFSSON, BENGT-INGE",Nej,SWE,,1946-12-20,,GAIS,1970,4,0,
4193,"OLOFSSON, BERTIL",Nej,SWE,,1947-03-05,,ÖRGRYTE IS,1966-1968,2,0,SEN IFK STHLM 70
4749,"OLOFSSON, BIRGER",Nej,SWE,,1954-03-26,,ÖRGRYTE IS,1973,5,0,
4169,"OLOFSSON, CHRISTER",Nej,SWE,,1944-10-20,,IF ELFSBORG,1969,8,2,"FR/T SKOGEN 68,70"
6191,"OLOFSSON, CHRISTOFFER",Nej,SWE,,1978-09-11,,ÖSTERS IF,1997-1998,23,1,
4184,"OLOFSSON, HANS",Nej,SWE,,1935-11-12,2022-06-08,IFK MALMÖ,1960-1962,53,9,"FR OLOFST, T HÖGAD 63"
4168,"OLOFSSON, JAN",Nej,SWE,,1946-05-02,2017-10-02,DJURGÅRDENS IF,1968,4,0,FR VITTJÄRV
5624,"OLOFSSON, KJELL",Nej,SWE,,1965-07-23,,ÖRGRYTE IS,1986-1988,48,4,
3541,"OLOFSSON, LARS",Nej,SWE,FIA,1937-01-30,,ÖRGRYTE IS,1959-1965,110,4,FR/T VFRÖL
4745,"OLOFSSON, MATS",Nej,SWE,,1950-12-18,2011-02-15,IFK NORRKÖPING,1973-1976,29,1,
2826,"OLOFSSON, NILS",Nej,SWE,,1924-07-30,2011-03-09,IFK NORRKÖPING,1949-1951,10,0,
3539,"OLOFSSON, PER-OLOF",Ja,SWE,,1936-06-04,1991-11-09,SANDVIKENS IF,1956-1959,8,0,
6361,"OLOFSSON, PETER",Nej,SWE,HEURLING,1975-11-10,,UMEÅ FC,1996,19,2,
6361,"OLOFSSON, PETER",Nej,SWE,HEURLING,1975-11-10,,GIF SUNDSVALL,2004-2005,40,7,
6361,"OLOFSSON, PETER",Nej,SWE,HEURLING,1975-11-10,,BK HÄCKEN,2006,19,2,
5672,"OLOFSSON, PETER",Ja,SWE,,1966-04-06,,IK BRAGE,1990,1,0,
5188,"OLOFSSON, ROGER",Nej,SWE,,1958-01-14,,MJÄLLBY AIF,1980,4,0,
1484,"OLOFSSON, TAGE",Nej,SWE,,1900-12-18,1985-01-30,IFK MALMÖ,1926,10,1,
4167,"OLSBERG, CURT",Nej,SWE,,1945-05-23,,MALMÖ FF,1967-1973,126,35,
4167,"OLSBERG, CURT",Nej,SWE,,1945-05-23,,DJURGÅRDENS IF,1974-1979,125,17,
7273,"OLSEN, BENNY",Nej,NOR,,1976-02-18,,ENKÖPINGS SK,2003,18,0,
7993,"OLSEN, KIM",Nej,DAN,,1979-02-11,,ÖREBRO SK,2008-2010,56,20,
8435,"OLSEN, ROBIN",Ja,DAN/S,,1990-01-08,,MALMÖ FF,2012-2015,53,0,
6214,"OLSEN, THOR-ANDRÉ",Ja,SWE,,1964-04-28,,DJURGÅRDENS IF,1995-1996,49,0,NORGE
6214,"OLSEN, THOR-ANDRÉ",Ja,SWE,,1964-04-28,,IFK NORRKÖPING,1999,6,0,
2299,"OLSÉN, SIGFRID",Nej,SWE,,1908-11-12,1973-12-02,IFK GÖTEBORG,1932,4,0,EJ ARNE
1476,"OLSSON, ALBERT",Nej,SWE,ABBEN,1896-11-28,1977-10-20,GAIS,1925-1931,132,104,
5201,"OLSSON, ALF",Nej,SWE,,1963-02-21,,MJÄLLBY AIF,1985,16,2,
6762,"OLSSON, ANDREAS",Nej,SWE,,1981-09-10,,TRELLEBORGS FF,2001,1,0,
3521,"OLSSON, ANTE",Nej,SWE,ANDERS,1930-06-23,2006-12-28,DEGERFORS IF,1953-1956,15,0,
2055,"OLSSON, ARNE",Nej,SWE,TYKAS,1914-04-26,1985-11-18,GÅRDA BK,1937-1938,13,8,FD HAGA IF
4190,"OLSSON, ARNE",Nej,SWE,,1948-04-09,,ÖREBRO SK,1967-1978,192,3,
1487,"OLSSON, ARVID",Nej,SWE,,1903-01-20,1955-10-24,ÖRGRYTE IS,1925-1930,21,0,
1488,"OLSSON, AXEL",Nej,SWE,,1902-11-28,1953-08-07,IF ELFSBORG,1927-1928,23,1,
3528,"OLSSON, BERT",Nej,SWE,,1939-02-26,2022-02-13,HELSINGBORGS IF,1959-1965,90,6,FR IFK SIMRISHAMN
3530,"OLSSON, BERTIL",Nej,SWE,JEPPE,1922-02-14,1977-06-17,KALMAR FF,1950-1954,52,3,
3537,"OLSSON, BERTIL",Nej,SWE,KRÜGER,1927-05-29,2014-03-20,RÅÅ IF,1952,8,3,
3531,"OLSSON, BIRGER",Nej,SWE,,1933-12-16,1990-07-22,KALMAR FF,1954-1955,22,4,FR ÖLAND
4182,"OLSSON, BO-GÖRAN",Nej,SWE,,1945-02-27,1998-09-16,MALMÖ FF,1966,5,2,
2061,"OLSSON, BÖRJE",Nej,SWE,,1915-03-09,1978-04-22,HELSINGBORGS IF,1938,22,0,
1480,"OLSSON, CARL",Nej,SWE,,1904-02-13,1966-12-29,HELSINGBORGS IF,1925-1926,13,0,
4186,"OLSSON, CHRISTER",Nej,SWE,KRICKEN,1944-11-05,,IFK NORRKÖPING,1964,1,0,
4741,"OLSSON, CHRISTER",Ja,SWE,BALOGH-OLSSON,1950-02-17,,LANDSKRONA BoIS,1971-1975,66,0,
8740,"OLSSON, DAVID",Ja,SWE,,1997-06-27,,IF ELFSBORG,2017-2018,2,0,
8740,"OLSSON, DAVID",Ja,SWE,,1997-06-27,,VARBERGS BOIS,2023,10,0,
5616,"OLSSON, DENNIS",Nej,SWE,,1957-05-14,,ÖRGRYTE IS,1981-1987,119,2,
8741,"OLSSON, DENNIS",Nej,SWE,,1994-10-03,,GIF SUNDSVALL,2015-2022,118,1,
9976,"OLSSON, DENNIS",Nej,SWE,,1999-06-10,,HELSINGBORGS IF,2022,12,2,
9546,"OLSSON, ELIAS",Nej,SWE,,2003-04-23,,KALMAR FF,2021-2023,13,0,
2056,"OLSSON, ELON",Nej,SWE,,1908-11-21,1983-05-21,ÖRGRYTE IS,1930-1934,29,0,EGENTL OLAUSSON;MARIEHOLM
2056,"OLSSON, ELON",Nej,SWE,,1908-11-21,1983-05-21,GÅRDA BK,1936-1937,24,7,
8829,"OLSSON, ERIK",Nej,SWE,,1995-09-22,,GEFLE IF,2014,3,0,
1489,"OLSSON, ERIK",Ja,SWE,VÄGGA,1906-07-22,1995-12-18,IFK UDDEVALLA,1927,1,0,
6482,"OLSSON, FREDRIK",Nej,SWE,,1980-03-06,,PANOS LJUNGSKILE SK,1997,1,0,
7063,"OLSSON, FREDRIK",Nej,SWE,,1985-02-04,,HELSINGBORGS IF,2007-2008,6,0,
7063,"OLSSON, FREDRIK",Nej,SWE,,1985-02-04,,HALMSTADS BK,2017,11,3,
7063,"OLSSON, FREDRIK",Nej,SWE,,1985-02-04,,JÖNKÖPINGS SÖDRA IF,2017,10,1,
4171,"OLSSON, GEORG",Nej,SWE,,1935-01-25,2023-11-17,IFK ESKILSTUNA,1964,11,0,FR CITY
3529,"OLSSON, GERT-ERIK",Nej,SWE,ICKE,1938-02-07,2012-02-15,HELSINGBORGS IF,1958-1961,16,8,FR ÅSTORPS IF
1071,"OLSSON, GUNNAR",Nej,SWE,,1908-07-19,1974-09-27,GAIS,1927-1938,123,45,
1072,"OLSSON, GUNNAR",Nej,SWE,LILL-GUNNAR,1901-03-27,1960-05-04,HELSINGBORGS IF,1925-1933,160,38,
1072,"OLSSON, GUNNAR",Nej,SWE,LILL-GUNNAR,1901-03-27,1960-05-04,HALMSTADS BK,1934-1935,29,2,
2825,"OLSSON, HANS",Nej,SWE,,1922-04-17,2012-11-24,LANDSKRONA BoIS,1949,1,0,
3526,"OLSSON, HASSE",Nej,SWE,,1930-11-15,,GAIS,1953-1959,121,37,
2058,"OLSSON, HELGE",Nej,SWE,,1904-10-06,1962-04-07,IS HALMIA,1933,14,0,
1475,"OLSSON, HENNING",Nej,SWE,TIPPO,1894-03-05,1960-06-21,IFK ESKILSTUNA,1925-1926,11,2,
1477,"OLSSON, HENNING",Nej,SWE,,1903-01-12,1986-10-29,GAIS,1927-1929,17,9,"FR GÅRDA, FBF OLAUSSON"
2824,"OLSSON, HOLGER",Nej,SWE,,1918-10-06,1973-05-31,HELSINGBORGS IF,1940-1944,52,0,
3518,"OLSSON, INGVAR",Nej,SWE,TJOTTA,1923-06-08,1982-04-20,AIK,1953-1958,122,70,
8405,"OLSSON, JAKOB",Nej,SWE,,1991-08-14,,GAIS,2012,27,5,
2822,"OLSSON, JAN",Nej,SWE,,1925-01-30,1992-10-29,IS HALMIA,1947,1,0,SEN RIK
4173,"OLSSON, JAN",Nej,SWE,,1944-03-18,2023-05-18,GAIS,1966-1974,110,16,
4173,"OLSSON, JAN",Nej,SWE,,1944-03-18,2023-05-18,ÖRGRYTE IS,1975-1976,35,3,
4179,"OLSSON, JAN",Nej,SWE,STARÅ,1940-03-18,,HELSINGBORGS IF,1962-1965,6,0,FR ALLERUM
4185,"OLSSON, JAN",Nej,SWE,JAJJEN,1941-08-21,,IFK NORRKÖPING,1961-1968,52,3,
4189,"OLSSON, JAN",Nej,SWE,,1942-03-30,,ÅTVIDABERGS FF,1968-1978,229,1,
5847,"OLSSON, JOACHIM",Nej,SWE,,1975-11-03,,GIF SUNDSVALL,2000-2001,27,3,
0583,"OLSSON, JOAKIM",Ja,SWE,,1972-09-29,,BK HÄCKEN,1994-2001,65,0,
1482,"OLSSON, JOHN",Nej,SWE,JOHAN KAVRINGEN WALLENGREN,1904-10-02,1985-01-21,LANDSKRONA BoIS,1927-1929,19,0,EV 1 M 25
5426,"OLSSON, JONAS",Nej,SWE,,1970-01-14,,IFK GÖTEBORG,1989-1998,118,6,
7186,"OLSSON, JONAS",Nej,SWE,,1983-03-10,,LANDSKRONA BoIS,2003-2005,56,1,
7186,"OLSSON, JONAS",Nej,SWE,,1983-03-10,,DJURGÅRDENS IF,2017-2018,41,3,
8404,"OLSSON, JONAS",Nej,SWE,,1990-03-21,,GEFLE IF,2013-2014,21,0,
9036,"OLSSON, JONATAN",Nej,SWE,,1993-02-04,,HELSINGBORGS IF,2016,3,0,
5882,"OLSSON, JÖRGEN",Nej,SWE,SVANEN,1972-04-10,,MALMÖ FF,1992-2003,249,32,
2063,"OLSSON, KARL-ERIK",Nej,SWE,,1913-09-22,2000-07-24,HELSINGBORGS IF,1935,3,0,FR BK DROTT/HAIS
2821,"OLSSON, KARL-HENRY",Nej,SWE,,1920-06-06,1970-01-09,GÅRDA BK,1943,1,0,
5356,"OLSSON, KEFA",Nej,SWE,,1965-10-31,,DJURGÅRDENS IF,1989,4,0,
4172,"OLSSON, KENT",Nej,SWE,KARLIN,1940-11-05,2005-07-20,GAIS,1967,5,0,
4181,"OLSSON, KJELL",Nej,SWE,,1943-04-23,2021-05-31,HÖGADALS IS,1962,5,0,HÄLLARYDS IF
3520,"OLSSON, KNUT-OLOF",Nej,SWE,KOLLA,1931-03-21,2008-05-05,DEGERFORS IF,1951-1960,98,17,
8152,"OLSSON, KRISTOFFER",Nej,SWE,,1995-06-30,,AIK,2017-2018,58,7,
3527,"OLSSON, LARS",Nej,SWE,SLAKTARN,1938-09-28,2023-06-27,GAIS,1957-1959,24,4,SEN VFRÖL
4170,"OLSSON, LEIF",Nej,SWE,LOKET,1934-03-21,,IF ELFSBORG,1961-1967,145,2,FR KINNA
5668,"OLSSON, LEIF",Nej,SWE,,1968-11-11,,AIK,1990,14,0,
5668,"OLSSON, LEIF",Nej,SWE,,1968-11-11,,DEGERFORS IF,1993-1997,53,1,
4742,"OLSSON, LENNART",Nej,SWE,,1946-08-22,,LANDSKRONA BoIS,1973-1974,20,0,
5887,"OLSSON, MAGNUS",Nej,SWE,,1968-10-08,,GIF SUNDSVALL,1991,2,0,
5574,"OLSSON, MAGNUS",Ja,SWE,,1962-09-21,,VÄSTRA FRÖLUNDA IF,1987-1994,84,0,
1474,"OLSSON, MALKOLM",Nej,SWE,,1899-01-15,1977-08-23,GAIS,1927,2,0,
7933,"OLSSON, MARCUS",Nej,SWE,,1988-05-17,,HALMSTADS BK,2008-2023,123,12,
7933,"OLSSON, MARCUS",Nej,SWE,,1988-05-17,,HELSINGBORGS IF,2020,2,0,
7613,"OLSSON, MARTIN",Nej,SWE,,1988-05-17,,HELSINGBORGS IF,2020,25,0,
7613,"OLSSON, MARTIN",Nej,SWE,,1988-05-17,,BK HÄCKEN,2021,10,1,
7613,"OLSSON, MARTIN",Nej,SWE,,1988-05-17,,MALMÖ FF,2021-2023,49,1,
5553,"OLSSON, MATS",Nej,SWE,,1962-06-10,,IFK SUNDSVALL,1980-1981,5,0,
5553,"OLSSON, MATS",Nej,SWE,,1962-06-10,,GIF SUNDSVALL,1987-1989,65,1,
7811,"OLSSON, MATTHIAS",Nej,SWE,,1989-09-21,,HAMMARBY IF,2007,1,0,
6468,"OLSSON, MIKAEL",Nej,SWE,,1969-03-05,,PANOS LJUNGSKILE SK,1997,20,0,
4164,"OLSSON, OLAVUS",Nej,SWE,OLKA,1939-04-08,2015-06-18,AIK,1967-1973,91,0,
1486,"OLSSON, OLLE",Nej,SWE,OLOV,1905-03-23,1968-12-27,IFK UDDEVALLA,1926,2,0,FR IFK TROLLH
4174,"OLSSON, OVE",Ja,SWE,,1948-01-15,,GAIS,1967,1,0,
4174,"OLSSON, OVE",Ja,SWE,,1948-01-15,,IS HALMIA,1979,26,0,
0755,"OLSSON, PATRIK",Nej,SWE,,1974-09-27,,MALMÖ FF,1993-1997,64,4,FR ASMUNDSTORP
0755,"OLSSON, PATRIK",Nej,SWE,,1974-09-27,,TRELLEBORGS FF,1998-2000,60,14,
0580,"OLSSON, PER",Nej,SWE,OLSSON-APPELGREN,1968-08-25,,AIK,1995,2,0,FR GOTLAND
4743,"OLSSON, PER",Nej,SWE,,1953-11-18,,LANDSKRONA BoIS,1977-1978,5,0,FR BORSTAHUSEN
5436,"OLSSON, PER",Nej,SWE,,1963-08-01,,GEFLE IF,1983-1984,44,12,
5436,"OLSSON, PER",Nej,SWE,,1963-08-01,,MALMÖ FF,1985,4,0,
5436,"OLSSON, PER",Nej,SWE,,1963-08-01,,HALMSTADS BK,1986-1987,39,10,
6246,"OLSSON, PERCY",Nej,SWE,,1968-04-05,,ÖRGRYTE IS,1995,11,0,
4744,"OLSSON, PÄR-OLOF",Nej,SWE,,1954-01-08,,ÖRGRYTE IS,1972-1973,45,18,
4744,"OLSSON, PÄR-OLOF",Nej,SWE,,1954-01-08,,IFK NORRKÖPING,1974-1979,138,65,
4180,"OLSSON, ROLAND",Nej,SWE,KONJAK,1936-01-19,2022-12-18,HELSINGBORGS IF,1961-1963,32,9,
4192,"OLSSON, ROLF",Ja,SWE,,1933-09-06,2009-01-07,ÖRGRYTE IS,1961,3,0,"FR IK CELTIC,SEN UTSIKTEN"
4191,"OLSSON, RONNIE",Nej,SWE,,1945-11-28,,ÖREBRO SK,1963-1970,92,13,
2062,"OLSSON, SIGURD",Nej,SWE,BASKEN,1907-10-14,1968-06-04,HELSINGBORGS IF,1932-1935,43,29,
8744,"OLSSON, SIMON",Nej,SWE,,1997-09-14,,IF ELFSBORG,2016-2022,140,13,
4177,"OLSSON, STEN",Nej,SWE,,1932-12-01,2020-11-04,IS HALMIA,1963,22,0,
2820,"OLSSON, STIG",Nej,SWE,TIPPO,1920-01-13,2011-12-20,IFK ESKILSTUNA,1943,7,0,
3538,"OLSSON, STIG",Ja,SWE,TJOFSEN,1928-07-15,2015-07-31,SANDVIKENS IF,1954-1961,119,1,FR MATFORS 52
2823,"OLSSON, STURE",Nej,SWE,,1913-06-03,1986-03-03,LANDSKRONA BoIS,1940,15,0,
2823,"OLSSON, STURE",Nej,SWE,,1913-06-03,1986-03-03,HELSINGBORGS IF,1944-1945,4,0,
1479,"OLSSON, SVEN",Nej,SWE,,1905-01-30,1973-09-09,HAMMARBY IF,1925,1,1,EJ SIGURD
3519,"OLSSON, SVEN",Nej,SWE,EKERÖ,1925-06-30,2008-06-09,AIK,1951,2,0,
4183,"OLSSON, SVEN-ÅKE",Nej,SWE,,1943-04-12,,IFK MALMÖ,1961-1962,13,9,
5312,"OLSSON, THOMAS",Nej,SWE,TIDBERGER,1967-02-12,,IK BRAGE,1986-1987,14,0,
6055,"OLSSON, THOMAS",Nej,SWE,,1976-02-15,,IFK NORRKÖPING,1998-2002,86,9,
6055,"OLSSON, THOMAS",Nej,SWE,,1976-02-15,,MALMÖ FF,2003-2005,53,3,
6055,"OLSSON, THOMAS",Nej,SWE,,1976-02-15,,IFK GÖTEBORG,2006-2011,99,16,
9773,"OLSSON, TIM",Nej,SWE,,2004-06-15,,IK SIRIUS,2021,1,0,
5988,"OLSSON, TOMAS",Nej,SWE,HULÅN,1972-05-17,,DEGERFORS IF,1993-1997,71,6,
1478,"OLSSON, VIKTOR",Ja,SWE,KUCKU,1895-02-21,1982-01-24,HAMMARBY IF,1925,4,0,
3533,"OLSSON, WALTER",Nej,SWE,MUTT,1924-08-09,2015-03-31,IFK MALMÖ,1953,1,0,
2059,"OLSSON, ÅKE",Nej,SWE,,1913-03-06,2000-10-08,HALMSTADS BK,1935-1946,52,3,
3523,"OLSSON, ÅKE",Nej,SWE,,1926-04-19,2009-03-13,IFK MALMÖ,1953,22,0,UTV SPA 65
3523,"OLSSON, ÅKE",Nej,SWE,,1926-04-19,2009-03-13,DJURGÅRDENS IF,1954-1957,63,1,
3536,"OLSSON, ÅKE",Nej,SWE,,1927-04-21,2009-08-30,RÅÅ IF,1951-1952,44,0,
4165,"OLSSON, ÅKE",Nej,SWE,,1945-04-09,,AIK,1967-1968,13,0,
2060,"OLSSON, ÅKE",Ja,SWE,,1910-03-29,1993-11-29,HELSINGBORGS IF,1938-1940,4,0,
8968,"OLSTRÖM, MÅNS",Nej,SWE,,1996-11-01,,KALMAR FF,2015,2,0,
6145,"OLTNER, PETER",Nej,SWE,,1976-03-04,,LANDSKRONA BoIS,1994,1,0,FR ASMUNDSTORP
9007,"OLUNGA, MICHAEL",Nej,KEN,,1994-03-26,,DJURGÅRDENS IF,2016,27,12,
9028,"OMARSSON, ELIAS MAR",Nej,ISL,,1995-01-18,,IFK GÖTEBORG,2016-2018,50,14,
9172,"OMEJE, CHIDI",Nej,NIG,,1990-05-05,,ATHLETIC FC ESKILSTU,2017,20,4,
9172,"OMEJE, CHIDI",Nej,NIG,,1990-05-05,,GIF SUNDSVALL,2018-2019,5,0,
9065,"OMOH, MICHAEL",Nej,NIG,,1991-08-29,,ÖSTERSUNDS FK,2016,7,0,SEN SWE
9065,"OMOH, MICHAEL",Nej,NIG,,1991-08-29,,ÖREBRO SK,2016-2019,76,3,
9424,"OMONDI, ERIC",Nej,KEN,,1994-08-18,,IF BROMMAPOJKARNA,2018,25,2,
9547,"OMOROWA, RICHIE",Nej,SWE,,2004-03-30,,IF BROMMAPOJKARNA,2023,9,1,
7812,"OMOTOYOSSI, RAZAK",Nej,BEN,,1985-10-08,,HELSINGBORGS IF,2007-2008,33,16,
7812,"OMOTOYOSSI, RAZAK",Nej,BEN,,1985-10-08,,GAIS,2011,13,2,
7812,"OMOTOYOSSI, RAZAK",Nej,BEN,,1985-10-08,,SYRIANSKA FC,2011,6,1,
9549,"ONDREJKA, JACOB",Nej,SWE,,2002-09-02,,IF ELFSBORG,2020-2023,91,15,
7982,"ONGALA, KALI",Nej,TAN/ENG,,1979-08-31,,GIF SUNDSVALL,2008,18,0,EG KALIMANGONGA ONGALLAH
3534,"OREDSSON, CLAS",Nej,SWE,,1926-11-07,1999-08-19,IFK MALMÖ,1957-1958,27,0,
1634,"OREMO, JOHAN",Nej,SWE,,1986-10-24,,GEFLE IF,2007-2016,160,49,
1634,"OREMO, JOHAN",Nej,SWE,,1986-10-24,,DJURGÅRDENS IF,2008-2011,59,7,
1634,"OREMO, JOHAN",Nej,SWE,,1986-10-24,,HALMSTADS BK,2017,6,3,
2819,"OREST, JULIUS",Ja,SWE,JULLE,1920-09-02,2009-02-28,DJURGÅRDENS IF,1946,4,0,
7464,"ORLOV, JAKOB",Nej,SWE,,1986-03-15,,GEFLE IF,2010-2013,113,34,
7464,"ORLOV, JAKOB",Nej,SWE,,1986-03-15,,HAMMARBY IF,2015,11,2,
6022,"OROVIC, BOSCO",Nej,SWE,,1972-07-13,,BK HÄCKEN,1993-1994,23,5,
6022,"OROVIC, BOSCO",Nej,SWE,,1972-07-13,,VÄSTRA FRÖLUNDA IF,1995,7,0,
6749,"ORTIZ, JORGE",Nej,ARG,,1984-06-20,,AIK,2008-2010,62,1,JORGE ALBERTO
2300,"ORTLIEB, STIG",Ja,SWE,,1909-08-29,1943-05-12,IK SLEIPNER,1930,2,0,
1485,"ORTLIEB, STURE",Ja,SWE,STÖTTE,1907-10-06,1991-03-25,IK SLEIPNER,1927-1931,35,0,
8746,"ORTMARK, JACOB",Nej,SWE,OURO+,1997-08-29,,IF BROMMAPOJKARNA,2014-2018,6,0,
8746,"ORTMARK, JACOB",Nej,SWE,OURO+,1997-08-29,,IK SIRIUS,2021,28,4,
8746,"ORTMARK, JACOB",Nej,SWE,OURO+,1997-08-29,,IFK NORRKÖPING,2022-2023,44,6,
4176,"OSCARSSON, BÖRJE",Nej,SWE,OSCAR,1950-07-04,,IFK GÖTEBORG,1969-1970,41,7,
4176,"OSCARSSON, BÖRJE",Nej,SWE,OSCAR,1950-07-04,,ÖRGRYTE IS,1976,9,0,
2052,"OSCARSSON, HOLGER",Nej,SWE,,1914-04-01,1978-07-29,DJURGÅRDENS IF,1937,8,0,
4747,"OSCARSSON, PER-ERIC",Nej,SWE,,1956-06-03,,ÅTVIDABERGS FF,1976-1978,5,0,"BOCKARA, SEN HVET GIF 80"
8246,"OSIAKO, PATRICK",Nej,KEN,,1986-11-15,,MJÄLLBY AIF,2010-2011,46,1,
6858,"OSKARSSON, LARS",Nej,SWE,,1974-10-12,,GIF SUNDSVALL,2000-2002,32,0,
5364,"OSKARSSON, REINO",Nej,SWE,,1959-05-15,,IF ELFSBORG,1986-1987,24,1,SPARSÖRS AIK TRÄN 89
3535,"OSKARSSON, SÖREN",Nej,SWE,,1937-01-30,2008-03-28,MOTALA AIF,1958,8,0,
5252,"OSKARSSON, ÖRN",Nej,ISL,,1953-02-18,,ÖRGRYTE IS,1981,13,0,
6223,"OSMANOVSKI, YKSEL",Nej,SWE/MAK,,1977-02-24,,MALMÖ FF,1995-2007,126,22,
5351,"OSVOLD, KJETIL",Nej,NOR,,1961-06-05,,DJURGÅRDENS IF,1988,21,3,
7026,"OTENG MENSAH, RICHARD",Nej,SWE,,1981-09-14,,MALMÖ FF,2001,3,0,
3524,"OTHBERG, RUNE",Nej,SWE,MULLE,1931-12-31,2004-01-14,DJURGÅRDENS IF,1955-1956,14,0,FR SLITE
9669,"OTIENO, ERICK",Nej,KEN,,1996-09-27,,AIK,2020-2023,85,4,
1481,"OTTERSTRÖM, BO",Nej,SWE,HACKSPETTEN,1903-09-03,1964-08-06,HELSINGBORGS IF,1925,1,0,
7395,"OTTESEN, SÖLVI",Nej,ISL,,1984-02-18,,DJURGÅRDENS IF,2004-2008,35,2,
6831,"OTTORDAHL, IVAN",Nej,SWE,,1979-05-27,,GAIS,2000,13,3,
4175,"OTTORDAHL, LENNART",Nej,SWE,,1949-04-18,2003-09-10,ÖRGRYTE IS,1967-1972,93,25,
4175,"OTTORDAHL, LENNART",Nej,SWE,,1949-04-18,2003-09-10,IFK GÖTEBORG,1977,17,2,
6250,"OTTOSSON, ANDREAS",Nej,SWE,,1971-08-28,,ÖSTERS IF,1995-2003,103,21,
4746,"OTTOSSON, HANS",Nej,SWE,,1948-08-18,,IFK NORRKÖPING,1975,3,0,
5922,"OTTOSSON, ULF",Nej,SWE,,1968-07-02,,DEGERFORS IF,1993-1997,77,27,
5922,"OTTOSSON, ULF",Nej,SWE,,1968-07-02,,IFK NORRKÖPING,1996,7,0,
5922,"OTTOSSON, ULF",Nej,SWE,,1968-07-02,,PANOS LJUNGSKILE SK,1997,12,2,
9952,"OUMA, TIMOTHY",Nej,KEN,,2004-06-10,,IF ELFSBORG,2022-2023,5,0,
9391,"OUSOU, AIHAM",Nej,SWE,,2000-01-09,,BK HÄCKEN,2023,7,0,
9684,"OUSTED, DAVID",Ja,DAN,,1985-02-01,,HAMMARBY IF,2020-2021,47,0,
5474,"OWEN, GARY",Nej,ENG,,1958-07-07,,HAMMARBY IF,1988,2,0,
8545,"OWOERI, JOHN",Nej,NIG,,1987-01-13,,ÅTVIDABERGS FF,2013-2015,77,17,
8545,"OWOERI, JOHN",Nej,NIG,,1987-01-13,,BK HÄCKEN,2016,26,17,
5949,"OWUSU, MIKE",Nej,SWE,,1977-01-01,,MALMÖ FF,1997-1998,13,1,
5949,"OWUSU, MIKE",Nej,SWE,,1977-01-01,,ÖRGRYTE IS,1999-2001,38,0,
5949,"OWUSU, MIKE",Nej,SWE,,1977-01-01,,TRELLEBORGS FF,2004,13,0,
8371,"OYAL, NAHIR",Nej,SWE,,1990-12-17,,SYRIANSKA FC,2011-2013,23,3,
8371,"OYAL, NAHIR",Nej,SWE,,1990-12-17,,DJURGÅRDENS IF,2012-2013,14,0,
6338,"OYEDEJI, AYO",Nej,SWE,AYODELE,1966-06-11,,IK ODDEVOLD,1996,20,3,
7034,"OYUGA, PAUL",Nej,KEN,SIMBA,1973-04-07,,ÖREBRO SK,2001-2003,53,14,
4199,"PAAKKONEN, SANTO(ALEXANDER",Nej,SWE,,1941-07-22,,DEGERFORS IF,1964-1966,22,9,"FD FINLAND,FR STORFORS"
8488,PABLO DYEGO,Nej,BRA,P.DYEGO DA SILVA ROSA,1994-03-08,,DJURGÅRDENS IF,2013,1,0,
6057,"PACHA, CESAR",Nej,SWE,,1975-11-01,,AIK,1996-1997,34,6,
6057,"PACHA, CESAR",Nej,SWE,,1975-11-01,,HAMMARBY IF,1998-2000,11,0,
7920,"PACHAJYAN, LEVON",Nej,ARM,,1983-09-20,,GAIS,2008,27,2,
9479,"PALANDER, JACOB",Nej,SWE,,1995-05-04,,TRELLEBORGS FF,2018,1,0,
5730,"PALDAN, STEFAN",Nej,SWE,,1971-10-27,,ÖSTERS IF,1990-1996,129,12,
5223,"PALISKA, EDI",Nej,SWE,AURELL,1962-05-14,,TRELLEBORGS FF,1985,21,0,
3549,"PALLE, BO",Nej,SWE,,1940-02-15,2005-04-24,GAIS,1958-1964,28,1,
2855,"PALM, BERTIL",Nej,SWE,MUSEN,1921-05-07,1989-04-17,HELSINGBORGS IF,1946-1947,2,0,
2855,"PALM, BERTIL",Nej,SWE,MUSEN,1921-05-07,1989-04-17,RÅÅ IF,1951-1952,32,16,
5634,"PALM, KLAS",Nej,SWE,,1970-06-02,,ÖRGRYTE IS,1988-1993,66,0,
1507,"PALM, MALTE",Nej,SWE,,1905-09-28,1978-10-13,IFK MALMÖ,1925,9,1,
1507,"PALM, MALTE",Nej,SWE,,1905-09-28,1978-10-13,IFK NORRKÖPING,1926,14,3,
1516,"PALM, ORVAR",Nej,SWE,MOPPE,1908-01-18,1974-11-28,STATTENA IF,1928,21,6,DROTT 1935-
1516,"PALM, ORVAR",Nej,SWE,MOPPE,1908-01-18,1974-11-28,IFK MALMÖ,1930-1931,34,9,
1516,"PALM, ORVAR",Nej,SWE,MOPPE,1908-01-18,1974-11-28,HELSINGBORGS IF,1932,11,5,
1492,"PALM, OSKAR",Nej,SWE,OSSE,1904-01-21,1957-09-10,AIK,1925-1926,17,11,
1492,"PALM, OSKAR",Nej,SWE,OSSE,1904-01-21,1957-09-10,DJURGÅRDENS IF,1928,7,2,
6549,"PALMERÉN, JOAKIM",Nej,SWE,,1981-08-19,,VÄSTRA FRÖLUNDA IF,1999-2000,21,0,
5491,"PALMÉR, ANDERS",Nej,SWE,,1960-04-24,,MALMÖ FF,1980-1988,158,26,
5491,"PALMÉR, ANDERS",Nej,SWE,,1960-04-24,,TRELLEBORGS FF,1992-1994,80,3,
3572,"PALMÉR, BERT",Nej,SWE,,1928-05-26,2023-12-16,SANDVIKENS AIK,1955,3,0,
2861,"PALMÉR, KARL-ERIK",Nej,SWE,CALLE,1929-04-17,2015-02-02,MALMÖ FF,1949-1960,52,22,
3565,"PALMGREN, PERCY",Nej,SWE,,1937-08-21,2001-02-20,IFK MALMÖ,1957,1,0,
3569,"PALMGREN, STIG",Nej,SWE,,1928-11-23,2013-07-10,IFK NORRKÖPING,1953-1955,3,1,FR KARLSKOGA
2080,"PALMKVIST, ALLAN",Nej,SWE,PALTON,1911-01-01,1989-08-05,SANDVIKENS IF,1938-1944,65,0,
9305,"PALMLÖV, ALBIN",Nej,SWE,,2001-12-17,,GIF SUNDSVALL,2019,2,0,
3564,"PALMQVIST, BENGT",Nej,SWE,KNASTEN,1929-10-26,2013-06-13,IFK MALMÖ,1953-1959,78,6,
6019,"PALMQVIST, HANS",Nej,SWE,,1967-12-26,,BK HÄCKEN,1993-1994,37,4,
6605,"PALMQVIST, PETER",Nej,SWE,"PLANKAN""SHAGGY",1969-06-23,,BK HÄCKEN,1998-2000,36,2,
8836,"PALSSON, VICTOR",Nej,ISL,,1991-04-30,,HELSINGBORGS IF,2014-2015,33,3,
5902,"PAPADOPOULOS, STAVROS",Nej,GRE,,1970-04-20,,ÖSTERS IF,1991-1995,45,0,
8080,"PAPAGIANNOPOULOS, SOTIRIOS",Nej,SWE,,1990-09-05,,ÖSTERSUNDS FK,2016-2018,55,2,
8080,"PAPAGIANNOPOULOS, SOTIRIOS",Nej,SWE,,1990-09-05,,AIK,2020-2023,95,4,
3568,"PARÉUS, GÖSTA",Ja,SWE,,1925-01-16,1985-08-17,NORRBY IF,1956,22,0,
5165,"PARKIN, TIM",Nej,ENG,,1957-12-31,,MALMÖ FF,1980-1981,41,1,EG TIMOTHY
3548,"PARLING, SIGVARD",Nej,SWE,SIGGE SLURING,1930-03-26,2016-09-17,DJURGÅRDENS IF,1950-1960,196,12,
6227,"PARRIS, GEORGE",Nej,ENG,,1964-09-11,,IFK NORRKÖPING,1995,4,0,
7979,"PATRIKSSON, JOHAN",Nej,SWE,,1982-05-28,,GIF SUNDSVALL,2008,27,3,
7943,"PATRONEN, HANNU",Nej,FIN,,1984-05-23,,HELSINGBORGS IF,2008-2011,46,2,
8217,"PATTERSON, KYLE",Nej,ENG,,1986-01-06,,GAIS,2010,9,0,
5495,"PAUKSTADT, CASPAR",Nej,SWE,CAPPE,1964-08-14,,MALMÖ FF,1984-1986,26,4,
5495,"PAUKSTADT, CASPAR",Nej,SWE,CAPPE,1964-08-14,,VÄSTRA FRÖLUNDA IF,1989,7,2,
8047,PAULINHO,Nej,BRA/SWE,JOSÉ PAULO DE OLIVEIRA,1986-03-09,,BK HÄCKEN,2009-2019,148,75,
8047,PAULINHO,Nej,BRA/SWE,JOSÉ PAULO DE OLIVEIRA,1986-03-09,,ÖREBRO SK,2011,19,4,
8047,PAULINHO,Nej,BRA/SWE,JOSÉ PAULO DE OLIVEIRA,1986-03-09,,HAMMARBY IF,2020-2021,27,4,
7171,PAULINHO GUARA,Nej,BRA,P.ROB.CHAMON DE CASTILHO,1979-08-29,,ÖRGRYTE IS,2002-2005,83,33,
7171,PAULINHO GUARA,Nej,BRA,P.ROB.CHAMON DE CASTILHO,1979-08-29,,HAMMARBY IF,2005-2008,72,27,
7171,PAULINHO GUARA,Nej,BRA,P.ROB.CHAMON DE CASTILHO,1979-08-29,,ÖREBRO SK,2010,27,5,
7987,PAULINO,Nej,POR,PAULINO LOPES TAVARES,1984-12-10,,TRELLEBORGS FF,2008-2009,20,3,
7940,"PAULSE, NATHAN",Nej,RSA,,1982-04-07,,HAMMARBY IF,2008-2009,32,2,
9202,"PAULSEN, BJÖRN",Nej,DAN,,1991-07-02,,HAMMARBY IF,2017-2022,91,16,
2844,"PAULSSON, BENGT",Nej,SWE,,1917-07-30,2004-07-06,IS HALMIA,1944-1946,29,0,
2844,"PAULSSON, BENGT",Nej,SWE,,1917-07-30,2004-07-06,HALMSTADS BK,1948,4,0,
1498,"PAULSSON, GUNNAR",Nej,SWE,CARRA,1901-01-23,1928-11-19,GAIS,1925-1928,73,43,
4755,"PAULSSON, GÖRAN",Nej,SWE,,1956-08-15,,IF ELFSBORG,1976,1,0,
6721,"PAULSSON, JOHAN",Nej,SWE,,1970-12-28,,KALMAR FF,1999,26,7,
6721,"PAULSSON, JOHAN",Nej,SWE,,1970-12-28,,ÖREBRO SK,2000-2001,50,18,
4215,"PAULSSON, LENNART",Nej,SWE,,1934-01-06,2003-11-26,HÖGADALS IS,1962,22,0,
4765,"PAULSSON, THOMAS",Nej,SWE,,1948-06-04,,LANDSKRONA BoIS,1973-1976,88,14,
3555,"PAULSSON, TORSTEN",Nej,SWE,,1929-08-21,2011-07-16,HELSINGBORGS IF,1958-1960,41,13,F/T HÖGANÄS
7671,"PAVEY, KENNETH",Nej,SWE,KENNY,1979-08-23,,AIK,2006-2015,161,16,
7671,"PAVEY, KENNETH",Nej,SWE,KENNY,1979-08-23,,ÖSTERS IF,2013,25,2,
6459,"PAVLOVIC, DEJAN",Nej,SWE,,1971-01-23,,MALMÖ FF,1997-1999,65,16,
6459,"PAVLOVIC, DEJAN",Nej,SWE,,1971-01-23,,LANDSKRONA BoIS,2004,2,0,
5915,"PAWLAK, KRZYSZTOF",Nej,POL,,1958-02-12,,TRELLEBORGS FF,1992,2,0,
2846,"PEARSSON, ERLING",Nej,SWE,,1922-08-20,2004-09-15,IS HALMIA,1945,1,0,
6585,"PEDERSEN, KJETIL",Nej,NOR,,1973-05-22,,IF ELFSBORG,1998-2000,54,3,
8397,"PEDERSEN, MARC",Nej,DAN,,1989-07-31,,DJURGÅRDENS IF,2012-2013,17,1,
6708,"PEDERSEN, STEINAR",Nej,NOR,,1975-06-06,,IFK GÖTEBORG,1999-2001,53,1,
5690,"PEDERSEN, TORE",Nej,NOR,,1969-09-29,,IFK GÖTEBORG,1990-1992,60,0,
3577,"PEDRO, BENGT",Nej,SWE,,1932-03-22,2019-08-28,VÄSTERÅS SK,1956,1,1,SEN IK FRANKE
8347,PEDRO HENRIQUE,Nej,BRA,PED.HEN.MARTINS CASSIA,1985-11-01,,KALMAR FF,2011,8,0,
5189,"PEHRSON, FLEMMING",Nej,DAN,,1955-11-04,,MJÄLLBY AIF,1980-1985,19,2,
5848,"PEHRSSON, MAGNUS",Nej,SWE,,1976-05-25,,DJURGÅRDENS IF,1995-2001,90,6,
5848,"PEHRSSON, MAGNUS",Nej,SWE,,1976-05-25,,IFK GÖTEBORG,1998,12,1,
9227,"PEHRSSON, OSCAR",Nej,SWE,,1988-04-10,,IK SIRIUS,2017-2018,55,2,
1495,"PEINE, GÖSTA",Nej,SWE,PETTERSSON TID.,1895-04-13,1972-09-20,IFK ESKILSTUNA,1925-1929,84,1,
7590,"PEKALSKI, IVO",Nej,SWE,,1990-11-03,,MALMÖ FF,2010-2013,65,4,
7590,"PEKALSKI, IVO",Nej,SWE,,1990-11-03,,BK HÄCKEN,2014-2015,30,0,
7590,"PEKALSKI, IVO",Nej,SWE,,1990-11-03,,HALMSTADS BK,2017,15,0,
8491,"PEKEZELA, SIVE",Nej,RSA,,1992-04-03,,GEFLE IF,2013,11,0,
5283,"PEKONEN, ESA",Nej,FIN,,1961-11-04,,AIK,1987-1989,48,4,
6240,"PELGANDER, JONAS",Nej,SWE,,1975-03-19,,ÖREBRO SK,1995-2002,152,0,
6573,"PELU, JOHN",Nej,SWE,,1982-02-02,,HELSINGBORGS IF,2001-2004,22,1,
6573,"PELU, JOHN",Nej,SWE,,1982-02-02,,ÖSTERS IF,2006,7,0,
9016,"PELVAS, AKSELI",Nej,FIN,,1989-02-08,,FALKENBERGS FF,2016,14,0,
9900,"PENA, SERGIO",Nej,PER,,1995-09-28,,MALMÖ FF,2021-2023,57,2,
6494,"PENNANEN, PASI",Nej,SWE,,1970-12-25,,VÄSTERÅS SK,1997,26,0,
4762,"PENZO, MAURIZIO",Nej,SWE,MARRE,1952-06-09,2002-11-21,HAMMARBY IF,1972,1,0,
7295,"PEREIRA, TIAGO",Nej,BRA,,1980-02-01,,HELSINGBORGS IF,2003,1,0,T.CIPRESTE PEREIRA
5723,"PEREZ, HUGO",Nej,USA,,1963-11-08,,ÖRGRYTE IS,1990,2,0,FD EL SALV
8337,"PEREZ, NAUZET",Ja,SPA,,1985-03-01,,HALMSTADS BK,2011,7,0,
8211,"PEROVUO, JOEL",Nej,FIN,,1985-08-11,,DJURGÅRDENS IF,2010-2011,33,1,
9129,"PERRY, NEBIYOU",Nej,SWE,,1999-10-02,,ÖSTERSUNDS FK,2019-2021,41,1,
3550,"PERSSON, AGNE",Nej,SWE,,1932-07-29,2006-11-03,HALMSTADS BK,1955-1959,107,1,FR GENEVAD
2067,"PERSSON, ALLAN",Nej,SWE,GARBO,1914-05-28,1969-08-17,DJURGÅRDENS IF,1937-1946,13,0,
6136,"PERSSON, ANDERS",Nej,SWE,PIRS PERLAU,1970-09-03,,LANDSKRONA BoIS,1994,2,0,
4222,"PERSSON, ARNE",Nej,SWE,,1943-08-20,2012-02-01,GIF SUNDSVALL,1965,21,0,
4766,"PERSSON, ARNE",Nej,SWE,,1958-06-29,,LANDSKRONA BoIS,1977,3,0,
2845,"PERSSON, ARNE",Ja,SWE,KLINTAN,1923-01-28,2012-02-12,IS HALMIA,1949-1950,4,0,
1506,"PERSSON, ARVID",Nej,SWE,,1894-10-12,1963-12-23,IFK MALMÖ,1925-1926,37,0,
3553,"PERSSON, BENGT",Nej,SWE,LILLE-BENGT,1938-02-09,2024-02-26,HELSINGBORGS IF,1958-1963,34,0,
5225,"PERSSON, BENNY",Nej,SWE,,1961-09-13,,TRELLEBORGS FF,1985,20,3,
2859,"PERSSON, BERTIL",Nej,SWE,,1919-03-31,2015-07-03,LANDSKRONA BoIS,1949,7,0,
4209,"PERSSON, BERTIL",Nej,SWE,,1939-07-20,,IFK MALMÖ,1961-1962,29,4,FR LAHOLM
4209,"PERSSON, BERTIL",Nej,SWE,,1939-07-20,,IS HALMIA,1963,9,0,
4201,"PERSSON, BJÖRN",Nej,SWE,,1945-08-31,,DJURGÅRDENS IF,1968-1969,17,4,
1517,"PERSSON, BROR",Nej,SWE,BROARN,1896-09-15,1988-12-26,STATTENA IF,1928-1930,38,3,
2827,"PERSSON, BÖRJE",Nej,SWE,,1920-06-09,1978-09-16,MALMÖ FF,1942-1944,30,7,
2827,"PERSSON, BÖRJE",Nej,SWE,,1920-06-09,1978-09-16,AIK,1945,6,1,
4218,"PERSSON, CHRISTER",Nej,SWE,,1943-12-21,,MALMÖ FF,1963,3,0,
6293,"PERSSON, CHRISTER",Nej,SWE,,1979-10-11,,KALMAR FF,1999-2004,66,1,
2301,"PERSSON, EINAR",Nej,SWE,LENAS,1900-12-05,1973-08-14,SANDVIKENS IF,1930-1931,39,12,
2073,"PERSSON, ELIS",Nej,SWE,LILLIS,1908-01-20,1978-07-08,STATTENA IF,1930,16,3,
2073,"PERSSON, ELIS",Nej,SWE,LILLIS,1908-01-20,1978-07-08,HELSINGBORGS IF,1934-1941,49,12,
2064,"PERSSON, ERIC",Nej,SWE,"LILLIS""LÖRDAGS",1909-11-19,1989-02-01,AIK,1930-1942,222,102,
1074,"PERSSON, ERIK",Nej,SWE,KRASSI,1903-09-29,1972-02-21,HELSINGBORGS IF,1925-1935,207,7,
2066,"PERSSON, ERIK",Nej,SWE,,1918-08-27,1956-03-28,IK BRAGE,1938-1944,88,19,
2074,"PERSSON, ERIK",Nej,SWE,PÄRA LIVERYD,1914-12-17,2003-01-13,HELSINGBORGS IF,1935,3,0,
2078,"PERSSON, ERIK",Nej,SWE,,1912-10-28,1986-12-20,LANDSKRONA BoIS,1935-1945,182,36,
2848,"PERSSON, ERIK",Nej,SWE,KIRRE,1919-04-06,1987-03-31,HALMSTADS BK,1944,2,0,
4197,"PERSSON, ERIK",Nej,SWE,PESSE,1941-03-02,,IK BRAGE,1966,6,2,FR VIKMANSHYTTAN
4758,"PERSSON, ERLING",Nej,SWE,,1945-04-07,2020-03-08,HALMSTADS BK,1972,17,0,
3578,"PERSSON, EVAN",Nej,SWE,,1924-11-13,2003-08-09,VÄSTERÅS SK,1956,6,0,
0601,"PERSSON, FRED",Nej,SWE,,1973-08-22,,DJURGÅRDENS IF,1992-1996,52,2,
0600,"PERSSON, FREDRIK",Nej,SWE,LILLA,1973-10-12,,TRELLEBORGS FF,1995-1996,28,1,
6902,"PERSSON, FREDRIK",Ja,SWE,FRITZ,1983-02-20,,TRELLEBORGS FF,2001-2011,42,0,
3560,"PERSSON, GERT",Nej,SWE,SAMMET,1931-11-26,2022-07-21,MALMÖ FF,1956-1958,18,0,UTV USA 1971
2079,"PERSSON, GUNNAR",Nej,SWE,VÄLDAN,1918-01-03,1984-01-19,LANDSKRONA BoIS,1939-1941,8,3,
2833,"PERSSON, GUNNAR",Nej,SWE,FLADAN,1921-10-09,1990-07-17,DJURGÅRDENS IF,1946-1950,57,0,FR HÖGANÄS
2869,"PERSSON, GUNNAR",Nej,SWE,,1914-12-21,1971-12-28,SANDVIKENS IF,1942-1944,42,5,FR ÖRTA
4768,"PERSSON, GUNNAR",Nej,SWE,,1947-09-07,2010-03-17,IF SAAB,1973,24,3,
2081,"PERSSON, GUNNAR",Ja,SWE,,1901-10-22,1962-09-15,IFK NORRKÖPING,1930,1,0,FR NORRA BK 1918
2081,"PERSSON, GUNNAR",Ja,SWE,,1901-10-22,1962-09-15,IK SLEIPNER,1932-1935,38,0,
4223,"PERSSON, GÖRAN",Nej,SWE,"FLUA""BAM-BAM",1946-07-26,,GIF SUNDSVALL,1965,12,0,
5156,"PERSSON, GÖRAN",Nej,SWE,,1963-11-06,,KALMAR FF,1982,7,0,
2302,"PERSSON, GÖSTA",Nej,SWE,TERNBERGER,1913-02-07,1975-09-25,IFK MALMÖ,1932,1,0,
2847,"PERSSON, GÖSTA",Nej,SWE,,1920-05-14,1997-11-26,HALMSTADS BK,1944-1948,74,8,"SEN REFT,EJ 210218-950922"
3570,"PERSSON, GÖSTA",Nej,SWE,GÖSEN,1935-04-14,2022-04-10,IFK NORRKÖPING,1955-1962,62,11,FR HIRD 54
3552,"PERSSON, HANS",Nej,SWE,,1929-01-20,2001-07-29,HELSINGBORGS IF,1950-1955,54,27,SEN LANDSKR
4221,"PERSSON, HANS-UNO",Nej,SWE,,1950-04-25,,IK SIRIUS,1969-1974,35,2,
1502,"PERSSON, HARRY",Nej,SWE,HAJE,1900-07-31,1961-12-30,HELSINGBORGS IF,1925-1929,26,5,
1503,"PERSSON, HENNING",Nej,SWE,MOFFIN,1899-10-12,1956-09-26,LANDSKRONA BoIS,1925-1928,61,0,
1514,"PERSSON, HENNING II",Nej,SWE,PENNA,1904-06-22,1972-06-18,LANDSKRONA BoIS,1927,4,3,
6830,"PERSSON, HENRIK",Nej,SWE,,1976-06-26,,GAIS,2000,8,0,
2071,"PERSSON, HENRY",Nej,SWE,MÅSEN,1913-08-25,1970-11-28,IFK GÖTEBORG,1933,3,4,FR HISINGSTADS IS
3551,"PERSSON, INGE",Nej,SWE,ÄGGET,1940-10-01,,HAMMARBY IF,1959-1973,120,12,
2083,"PERSSON, INGVAR",Nej,SWE,,1903-02-14,1958-01-11,SANDVIKENS IF,1930-1934,73,0,
4211,"PERSSON, INGVAR",Nej,SWE,KNISLINGE,1942-12-29,,HELSINGBORGS IF,1961-1967,110,26,
2858,"PERSSON, JAN",Nej,SWE,,1921-01-25,2005-05-15,LANDSKRONA BoIS,1942,1,0,
4217,"PERSSON, JAN",Nej,SWE,,1943-03-05,,JÖNKÖPINGS SÖDRA IF,1960,3,0,
5227,"PERSSON, JESPER",Nej,SWE,,1967-07-17,,TRELLEBORGS FF,1985,7,0,
5227,"PERSSON, JESPER",Nej,SWE,,1967-07-17,,LANDSKRONA BoIS,1994,15,0,
5933,"PERSSON, JOAKIM",Nej,SWE,,1975-04-03,,MALMÖ FF,1993-1996,55,7,
5933,"PERSSON, JOAKIM",Nej,SWE,,1975-04-03,,IFK GÖTEBORG,1998-1999,38,4,
5982,"PERSSON, JOAKIM",Nej,SWE,,1973-02-06,,IK BRAGE,1993,1,0,
9637,"PERSSON, JOAKIM",Nej,SWE,,2002-04-03,,IK SIRIUS,2019-2023,42,11,
8549,"PERSSON, JOHAN",Nej,SWE,,1984-06-20,,ÖSTERS IF,2013,26,0,
8549,"PERSSON, JOHAN",Nej,SWE,,1984-06-20,,HAMMARBY IF,2015-2017,54,3,
8549,"PERSSON, JOHAN",Nej,SWE,,1984-06-20,,HELSINGBORGS IF,2019,14,0,
2075,"PERSSON, JOHN",Nej,SWE,PIRS,1908-12-27,1991-06-01,HELSINGBORGS IF,1930-1933,8,2,
1491,"PERSSON, JOHN",Nej,SWE,"JOHAN BROARN""RÅARN",1902-03-09,1972-12-02,AIK,1925-1930,84,5,
6701,"PERSSON, JON",Nej,SWE,,1976-05-31,,DJURGÅRDENS IF,1999,11,1,
6701,"PERSSON, JON",Nej,SWE,,1976-05-31,,IF BROMMAPOJKARNA,2007-2009,33,5,
6150,"PERSSON, JONAS",Nej,SWE,NORDQVIST,1970-01-05,2021-11-14,IFK NORRKÖPING,1994,2,1,
5511,"PERSSON, JÖRGEN",Nej,SWE,,1969-04-03,,MALMÖ FF,1989,2,0,
4204,"PERSSON, KENNETH",Nej,SWE,,1945-07-19,1996-05-27,IF ELFSBORG,1964,3,0,
4194,"PERSSON, KENT",Nej,SWE,,1946-08-26,2005-09-11,AIK,1967-1970,46,10,FR SUNDBYBERG
3566,"PERSSON, KENT",Ja,SWE,,1936-09-11,2008-01-06,IFK MALMÖ,1958-1961,12,0,
2851,"PERSSON, KJELL",Nej,SWE,,1920-04-25,2000-01-01,HELSINGBORGS IF,1944-1950,110,7,LISHULTS IF 55/56
3562,"PERSSON, KJELL",Nej,SWE,LANDAU,1927-06-06,1979-01-03,MALMÖ FF,1950,1,2,"SEN FLAGG, SVEDALA"
4216,"PERSSON, KJELL",Nej,SWE,,1935-03-02,,HÖGADALS IS,1962,22,0,
2834,"PERSSON, KNUT",Nej,SWE,ÅMÅL,1923-03-24,1983-07-01,DJURGÅRDENS IF,1946,6,0,"VESTA VÅR 50, LED SIRIUS"
5291,"PERSSON, KRISTER",Nej,SWE,CHIPPE LANS,1969-01-02,,AIK,1988,1,0,
2860,"PERSSON, KURT",Nej,SWE,,1922-02-21,1991-05-05,LANDSKRONA BoIS,1949,1,0,
3561,"PERSSON, LARS ERIK",Nej,SWE,,1927-04-13,2015-02-05,MALMÖ FF,1954,1,0,
4210,"PERSSON, LARS-ÅKE",Nej,SWE,LARE,1938-06-04,,HAMMARBY IF,1960-1967,42,0,
5185,"PERSSON, LEIF",Ja,SWE,,1951-11-03,,MJÄLLBY AIF,1980-1983,31,0,
2828,"PERSSON, LENNART",Nej,SWE,,1924-09-24,1975-01-11,AIK,1944,1,0,
3567,"PERSSON, LENNART",Nej,SWE,BOMBEN,1932-05-05,2002-01-19,IFK MALMÖ,1958,8,1,"EJ HAMM,SEN SAAB,BOXARE"
5418,"PERSSON, MAGNUS",Nej,SWE,PEWIK,1969-03-25,,IFK GÖTEBORG,1988-1989,5,0,
2842,"PERSSON, MANNE",Nej,SWE,,1924-02-21,2012-04-07,IFK GÖTEBORG,1945-1946,10,0,LED REDB IK
6629,"PERSSON, MARKUS",Nej,SWE,,1979-04-28,,TRELLEBORGS FF,1998-2001,23,1,
6641,"PERSSON, MATHIAS",Nej,SWE,,1978-09-15,,ÖREBRO SK,1998-1999,10,0,
5654,"PERSSON, NICKLAS",Nej,SWE,LIATORPARN,1965-05-31,,ÖSTERS IF,1985-1998,293,18,
5654,"PERSSON, NICKLAS",Nej,SWE,LIATORPARN,1965-05-31,,HELSINGBORGS IF,2000-2001,37,1,
4212,"PERSSON, NILS-ERIK",Nej,SWE,,1942-10-18,,HELSINGBORGS IF,1965-1968,62,7,
4212,"PERSSON, NILS-ERIK",Nej,SWE,,1942-10-18,,IK SIRIUS,1969,9,0,
9905,"PERSSON, NOAH",Nej,SWE,,2003-07-16,,MJÄLLBY AIF,2021-2023,49,1,
5565,"PERSSON, OLA",Nej,SWE,,1968-03-30,,GIF SUNDSVALL,1988-1991,29,0,
2852,"PERSSON, OLLE",Nej,SWE,SNICKARN,1920-07-24,1978-01-30,HELSINGBORGS IF,1945-1950,104,9,"FR DROTT,SKROMBERGA 5104"
1519,"PERSSON, OLLE",Nej,SWE,OLOF PÄRA,1909-02-12,1992-05-28,IF ELFSBORG,1929,2,0,
6070,"PERSSON, OLOF",Nej,SWE,,1978-05-05,,MALMÖ FF,1997-2006,179,7,
4200,"PERSSON, PEDER",Nej,SWE,,1938-11-13,2018-02-17,ÖREBRO SK,1961-1963,62,18,
4200,"PERSSON, PEDER",Nej,SWE,,1938-11-13,2018-02-17,DJURGÅRDENS IF,1964-1967,57,24,
8849,"PERSSON, RASMUS",Nej,SWE,,1996-05-25,,MJÄLLBY AIF,2014,2,0,
5656,"PERSSON, RONNIE",Nej,SWE,,1965-08-12,,ÖSTERS IF,1985-1987,49,8,
2084,"PERSSON, RUNE",Nej,SWE,,1912-10-24,1995-06-04,SANDVIKENS IF,1934,1,0,
2836,"PERSSON, RUNE",Nej,SWE,FIA,1926-05-04,2017-04-21,IF ELFSBORG,1947-1954,161,6,
2857,"PERSSON, RUNE",Ja,SWE,,1921-04-21,2006-05-22,JÖNKÖPINGS SÖDRA IF,1946-1953,17,0,
4769,"PERSSON, STAFFAN",Nej,SWE,,1950-07-10,,IK SIRIUS,1973-1974,26,2,
2086,"PERSSON, STIG",Ja,SWE,,1918-02-08,1972-01-23,SANDVIKENS IF,1939-1944,110,0,FR ÖREBRO IK SOMM 38
4206,"PERSSON, SUNE",Nej,SWE,,1945-11-29,,GAIS,1964-1975,128,3,
4226,"PERSSON, SUNE",Nej,SWE,SOTARN,1940-03-08,,ÖSTERS IF,1968-1969,10,0,
2854,"PERSSON, SVEN",Nej,SWE,FLUA,1927-02-03,2012-02-14,HELSINGBORGS IF,1947-1954,114,46,
2863,"PERSSON, SVEN",Nej,SWE,SKUGGAN,1918-03-26,1994-03-11,IFK NORRKÖPING,1942-1950,147,68,
3554,"PERSSON, SVEN-ERIK",Nej,SWE,,1930-02-14,,HELSINGBORGS IF,1954,1,0,FR HÖGABORG
5044,"PERSSON, THOMAS",Nej,SWE,LILLIS,1958-08-13,,IFK SUNDSVALL,1976,3,0,
7303,"PERSSON, THOMMIE",Nej,SWE,,1984-08-04,,MALMÖ FF,2003,1,0,
7303,"PERSSON, THOMMIE",Nej,SWE,,1984-08-04,,TRELLEBORGS FF,2007-2011,104,3,
4195,"PERSSON, THORE",Nej,SWE,,1940-01-20,,AIK,1963,5,2,FR F VILJOR
5387,"PERSSON, TONY",Nej,SWE,,1959-06-10,,KALMAR FF,1980-1985,95,10,
5387,"PERSSON, TONY",Nej,SWE,,1959-06-10,,GAIS,1988-1989,44,8,
5488,"PERSSON, TORBJÖRN",Nej,SWE,,1960-01-14,,MALMÖ FF,1980-1995,281,11,
2853,"PERSSON, TORSTEN",Nej,SWE,JOE PERKLEV,1925-02-05,2004-09-14,HELSINGBORGS IF,1944-1946,25,10,
2832,"PERSSON, VINCENT",Nej,SWE,,1923-12-11,2001-05-16,DEGERFORS IF,1944-1950,131,75,
2085,"PERSSON, WALLE",Nej,SWE,WALFRID,1905-09-06,1990-04-20,SANDVIKENS IF,1930-1933,62,7,
3576,"PERSSON, ÅKE",Nej,SWE,,1934-03-22,2022-08-13,SANDVIKENS IF,1957-1959,8,0,"STORVIK, SEN DOMARE"
4225,"PERSSON, ÖRJAN",Nej,SWE,,1942-08-27,,ÖRGRYTE IS,1961-1975,176,25,
5628,"PERSTEDT, THOMAS",Ja,SWE,,1969-02-25,,ÖRGRYTE IS,1987-2002,37,0,
4757,"PESTAT, CHRISTIAN",Nej,SWE,KRUSSE,1956-04-23,,GAIS,1974,2,0,
9442,"PETER, NSIMA",Nej,NIG,,1988-12-28,,FALKENBERGS FF,2019-2020,43,7,
6952,"PETERSEN, RONNY B",Nej,DAN,,1978-10-28,,TRELLEBORGS FF,2001,3,0,
1073,"PETERSÉN, WILHELM",Nej,SWE,MULLE,1906-10-02,1988-12-11,AIK,1928-1934,83,6,
6447,"PETERSMO, NICKLAS",Nej,SWE,,1974-02-10,,IF ELFSBORG,1997-1999,16,0,
4759,"PETERSON, ALF",Nej,SWE,,1953-11-11,,HALMSTADS BK,1974-1982,185,7,
4764,"PETERSON, GÖRAN",Nej,SWE,PLÅTIS,1956-05-14,,LANDSKRONA BoIS,1973-1980,189,10,
4198,"PETERSON, HANS",Ja,SWE,OSTEN,1940-11-28,2009-03-01,DEGERFORS IF,1964-1966,65,0,
4763,"PETERSON, JÖRN",Nej,SWE,,1947-11-20,,LANDSKRONA BoIS,1971,6,1,FR FURULUND
4224,"PETERSON, LARS",Nej,SWE,,1936-05-06,,ÖRGRYTE IS,1962,5,2,LÄKARE
5433,"PETERSON, MAGNUS",Nej,SWE,,1960-09-30,,HALMSTADS BK,1982-1986,65,0,
2849,"PETERSON, SUNE",Nej,SWE,,1920-03-02,2002-09-06,HALMSTADS BK,1943-1948,92,0,
4213,"PETERSON, SVEN-GÖRAN",Nej,SWE,STUVBITEN,1939-05-13,,HELSINGBORGS IF,1963-1965,50,9,
4751,"PETERSSON, BO I",Nej,SWE,LILL-MYSING,1946-07-10,,AIK,1977,16,2,
3563,"PETERSSON, BROR",Ja,SWE,KÄVLINGE,1926-10-24,2017-01-23,MALMÖ FF,1951,10,0,KÄVLINGE
5231,"PETERSSON, CHRISTIAN",Nej,SWE,,1963-02-06,,TRELLEBORGS FF,1985,4,0,
2069,"PETERSSON, FRANK",Nej,SWE,,1909-08-28,1996-12-31,IFK GÖTEBORG,1933,2,1,
7082,"PETERSSON, FREDRIK",Nej,SWE,,1986-06-10,,KALMAR FF,2004-2007,34,3,
3559,"PETERSSON, LENNART",Nej,SWE,VITIS,1927-03-04,1995-05-07,KALMAR FF,1950-1951,14,3,SON JAN-ERIK
8749,"PETERSSON, OSCAR",Nej,SWE,,1999-02-26,,HALMSTADS BK,2017,3,0,
2856,"PETERSSON, RAGNAR",Nej,SWE,,1920-01-23,1990-09-06,HELSINGBORGS IF,1942,5,1,FR DROTT
1426,"PETERSSON, SVEN",Nej,SWE,,1905-08-12,1978-11-16,IFK NORRKÖPING,1925,1,0,FR DERBY
6525,"PETRAS, ALEXANDER",Nej,SWE,,1979-12-29,,IFK NORRKÖPING,2001-2002,16,1,
9419,"PETRIC, NIKOLA",Ja,SER,,1991-05-11,,IF BROMMAPOJKARNA,2018,30,0,
8351,"PETRONE, SAMUEL",Nej,USA,,1989-07-06,,MJÄLLBY AIF,2011,4,0,
6919,"PETROVIC, GABRIEL",Nej,SWE,,1984-05-25,,AIK,2002,7,0,
6919,"PETROVIC, GABRIEL",Nej,SWE,,1984-05-25,,IF BROMMAPOJKARNA,2009-2014,92,6,
8526,"PETROVIC, PETAR",Nej,SWE,,1995-09-15,,MALMÖ FF,2013,4,0,
8526,"PETROVIC, PETAR",Nej,SWE,,1995-09-15,,IF BROMMAPOJKARNA,2018,13,1,
6357,"PETROVIC, ZORAN",Nej,JUG,,1967-05-11,,UMEÅ FC,1996,25,5,
4993,"PETRUSSON, DENNY",Nej,SWE,,1959-01-01,,MALMÖ FF,1979,1,0,
9708,"PETTERSSON, ADAM",Nej,SWE,,2000-08-25,,MJÄLLBY AIF,2020-2023,26,0,
3558,"PETTERSSON, ARTHUR",Nej,SWE,,1918-02-01,2008-01-12,KALMAR FF,1950,15,0,
1511,"PETTERSSON, ARVID",Nej,SWE,PARVELN,1898-02-16,1968-07-27,IK SLEIPNER,1926,1,0,
1076,"PETTERSSON, AXEL",Nej,SWE,RYBRINK,1909-12-31,1985-01-14,LANDSKRONA BoIS,1929-1935,17,3,
1512,"PETTERSSON, AXEL",Nej,SWE,RENDMAR,1904-08-31,1982-02-20,VÄSTERÅS IK,1925,3,1,
3543,"PETTERSSON, BENGT",Nej,SWE,SNÖVIT,1933-11-03,1991-08-11,VÄSTERÅS SK,1957,9,0,VSK 65
3543,"PETTERSSON, BENGT",Nej,SWE,SNÖVIT,1933-11-03,1991-08-11,AIK,1959,13,0,
3544,"PETTERSSON, BENGT",Nej,SWE,,1931-01-01,2010-05-17,DEGERFORS IF,1956,17,0,"FR ÅMOTFORS,ÖGONSKADAD"
2841,"PETTERSSON, BERTH",Nej,SWE,PERVIK,1918-05-05,1995-08-15,IFK GÖTEBORG,1940-1941,7,1,
2065,"PETTERSSON, BERTIL",Nej,SWE,BERRA,1908-11-07,1967-09-13,AIK,1934,1,0,REYMERS
2850,"PETTERSSON, BERTIL",Nej,SWE,,1924-02-13,2006-04-27,HALMSTADS BK,1946,4,0,
2864,"PETTERSSON, BJÖRN",Nej,SWE,,1921-01-21,1998-02-06,SANDVIKENS IF,1942,1,0,
4752,"PETTERSSON, BJÖRN",Nej,SWE,PLIGGEN,1953-07-16,,BRYNÄS IF,1974,21,2,
1499,"PETTERSSON, BROR",Nej,SWE,NEGERN,1901-10-09,1954-03-10,GAIS,1926,12,7,"F 011005 SDB, FR VELOX"
2082,"PETTERSSON, CARL-ERIK",Nej,SWE,,1916-09-18,1972-07-14,ÖRGRYTE IS,1938,1,0,
1505,"PETTERSSON, CARL",Ja,SWE,,1895-05-21,1962-02-19,LANDSKRONA BoIS,1926,1,0,
5579,"PETTERSSON, CLAES",Nej,SWE,,1959-11-26,,VÄSTRA FRÖLUNDA IF,1987,1,0,
6373,"PETTERSSON, DANIEL",Nej,SWE,,1976-01-20,,ÖSTERS IF,1996-2003,48,2,
6373,"PETTERSSON, DANIEL",Nej,SWE,,1976-01-20,,KALMAR FF,2005-2007,26,1,
1510,"PETTERSSON, DAVID",Nej,SWE,DAVA-PE,1893-01-24,1964-03-04,IK SLEIPNER,1925,5,2,
9478,"PETTERSSON, DENNIS",Ja,SWE,,1994-12-14,,TRELLEBORGS FF,2018,1,0,
1509,"PETTERSSON, EINAR",Nej,SWE,BACK-PELLE,1890-11-07,1947-02-02,IK SLEIPNER,1925-1926,22,0,EJ 910808
1508,"PETTERSSON, ELOF/VY",Ja,SWE,LUGNET,1901-02-24,1992-11-10,IFK NORRKÖPING,1925-1927,31,0,
1515,"PETTERSSON, ELON",Nej,SWE,,1904-02-12,1983-07-03,GAIS,1928,2,0,
2835,"PETTERSSON, EVAN",Nej,SWE,,1918-05-19,2005-08-19,SANDVIKENS IF,1941-1943,9,0,
2835,"PETTERSSON, EVAN",Nej,SWE,,1918-05-19,2005-08-19,DJURGÅRDENS IF,1946-1948,40,0,
1504,"PETTERSSON, GEORG",Nej,SWE,JOJJE,1896-11-04,1984-12-24,LANDSKRONA BoIS,1925-1929,77,10,
1500,"PETTERSSON, GUSTAF",Nej,SWE,GUTTA,1900-11-06,1986-09-09,HAMMARBY IF,1925,13,1,
2068,"PETTERSSON, GÖSTA",Nej,SWE,,1909-11-08,1970-12-12,GÅRDA BK,1936,10,3,FR ERIKSBERGS IF
1493,"PETTERSSON, HARRY",Nej,SWE,STICKAN,1903-04-16,1983-07-27,IFK ESKILSTUNA,1925-1928,5,0,"FR TUNAFORS,SON ARNE PROS"
1493,"PETTERSSON, HARRY",Nej,SWE,STICKAN,1903-04-16,1983-07-27,IK CITY,1926,12,4,
1075,"PETTERSSON, HENNING",Nej,SWE,NERYD,1907-02-16,1976-10-21,LANDSKRONA BoIS,1927-1939,135,2,
3546,"PETTERSSON, HILMER",Nej,SWE,KINESEN,1925-02-22,2008-07-30,DJURGÅRDENS IF,1951-1952,19,8,"EM USA 1954,1997"
4997,"PETTERSSON, HÅKAN",Nej,SWE,,1957-03-03,,IFK NORRKÖPING,1978-1987,143,12,
5128,"PETTERSSON, HÅKAN",Nej,SWE,,1962-01-07,,HALMSTADS BK,1984,6,2,
9617,"PETTERSSON, IAN",Ja,SWE,,2002-07-21,,HELSINGBORGS IF,2019-2020,5,0,
3545,"PETTERSSON, INGVAR",Nej,SWE,MYSING,1922-09-03,2002-02-21,DJURGÅRDENS IF,1950-1955,111,0,
8924,"PETTERSSON, ISAK",Ja,SWE,,1997-06-06,,HALMSTADS BK,2017,26,0,
8924,"PETTERSSON, ISAK",Ja,SWE,,1997-06-06,,IFK NORRKÖPING,2018-2020,90,0,
2866,"PETTERSSON, IVAN",Nej,SWE,,1913-08-23,1972-01-20,IK SLEIPNER,1940,1,0,JFR IVAN J
5124,"PETTERSSON, JAN",Nej,SWE,-ERIK,1958-09-29,,HALMSTADS BK,1983-1984,15,0,
2077,"PETTERSSON, JANNE",Nej,SWE,,1912-03-21,1994-04-23,LANDSKRONA BoIS,1933,2,1,
6758,"PETTERSSON, JOHAN",Nej,SWE,,1980-06-28,,ÖREBRO SK,2007,18,0,
7925,"PETTERSSON, JOHAN",Nej,SWE,,1989-09-08,,GAIS,2008-2010,8,0,
4772,"PETTERSSON, JOHNNY",Nej,SWE,,1949-03-24,,ÖREBRO SK,1974-1975,9,1,
5852,"PETTERSSON, JÖRGEN",Nej,SWE,,1975-09-29,,MALMÖ FF,1993-1995,60,32,
5852,"PETTERSSON, JÖRGEN",Nej,SWE,,1975-09-29,,LANDSKRONA BoIS,2004-2005,41,8,
2102,"PETTERSSON, KARL",Nej,SWE,PUMPEN,1907-02-17,1972-09-06,IFK ESKILSTUNA,1931-1934,74,0,FR KÖPING 3007
4220,"PETTERSSON, KEITH",Nej,SWE,,1937-01-19,2013-09-14,IFK NORRKÖPING,1960-1961,19,7,
4220,"PETTERSSON, KEITH",Nej,SWE,,1937-01-19,2013-09-14,ÖREBRO SK,1963-1965,39,6,
4196,"PETTERSSON, KJELL",Nej,SWE,,1940-03-19,,AIK,1960-1966,96,4,
4761,"PETTERSSON, KJELL",Nej,SWE,,1952-09-02,,HAMMARBY IF,1975-1978,13,0,
2837,"PETTERSSON, LARS",Nej,SWE,TOBJER,1920-04-16,2005-09-20,GAIS,1944-1945,14,1,FR SKOGEN 43
4920,"PETTERSSON, LARS",Ja,SWE,,1953-03-29,2022-01-03,DJURGÅRDENS IF,1978-1979,21,0,FR HUDIK ABK
4203,"PETTERSSON, LEIF",Nej,SWE,GÄSTIS,1939-05-27,,IF ELFSBORG,1961-1964,53,9,"FR FRISTAD,SEN GRIMSÅS"
2830,"PETTERSSON, LENNART",Nej,SWE,DERBY PARMIUS,1921-06-27,2000-08-07,AIK,1946-1950,66,17,
2830,"PETTERSSON, LENNART",Nej,SWE,DERBY PARMIUS,1921-06-27,2000-08-07,DJURGÅRDENS IF,1952-1953,20,1,
3579,"PETTERSSON, LENNART",Nej,SWE,,1926-09-22,2014-05-10,ÅTVIDABERGS FF,1952,22,0,
5232,"PETTERSSON, MAGNUS",Ja,SWE,,1964-09-13,,TRELLEBORGS FF,1985,1,0,
4958,"PETTERSSON, NILS-OLOF",Nej,SWE,,1951-10-29,,HALMSTADS BK,1978,10,2,FR MARKARYD
2829,"PETTERSSON, OLLE",Nej,SWE,OLOF,1917-04-09,1947-12-28,AIK,1941-1943,25,9,FR TIERP
3574,"PETTERSSON, OLLE",Nej,SWE,OLOF LIRARN,1930-03-24,1992-01-12,SANDVIKENS AIK,1955,4,0,
9130,"PETTERSSON, OSCAR",Nej,SWE,,2000-02-01,,DJURGÅRDENS IF,2019-2020,8,1,
9130,"PETTERSSON, OSCAR",Nej,SWE,,2000-02-01,,IF BROMMAPOJKARNA,2023,30,9,
7266,"PETTERSSON, OSKAR",Nej,SWE,,1984-12-10,,IF ELFSBORG,2003,1,0,
4774,"PETTERSSON, PER",Nej,SWE,,1953-04-22,2004-09-23,ÖRGRYTE IS,1975,8,1,
2070,"PETTERSSON, ROLAND",Nej,SWE,,1918-11-30,2004-12-22,IFK GÖTEBORG,1938-1942,8,4,
4208,"PETTERSSON, ROLF",Ja,SWE,POFFA,1945-01-25,,IFK GÖTEBORG,1965-1970,37,0,
4207,"PETTERSSON, RONALD",Nej,SWE,SURA-PELLE,1935-04-16,2010-03-06,IFK GÖTEBORG,1960-1961,13,4,
4202,"PETTERSSON, RONNEY",Ja,SWE,,1940-04-26,2022-09-26,DJURGÅRDENS IF,1962-1970,114,0,
2840,"PETTERSSON, RUNE",Nej,SWE,,1920-04-01,2003-08-30,IFK GÖTEBORG,1943,5,0,
2862,"PETTERSSON, RUNE",Nej,SWE,FETIS,1920-01-12,1980-02-11,IFK NORRKÖPING,1943,1,0,
3573,"PETTERSSON, RUNE",Nej,SWE,PECKA,1922-08-14,2002-08-05,SANDVIKENS AIK,1955,11,0,
4760,"PETTERSSON, RUNE",Nej,SWE,,1946-05-31,,HALMSTADS BK,1972,7,0,
5242,"PETTERSSON, RUTGER",Nej,FIN,,1952-06-27,,ÅTVIDABERGS FF,1981-1982,23,4,UTV MALTA
5409,"PETTERSSON, STEFAN",Nej,SWE,STEFF,1963-03-22,,IFK NORRKÖPING,1982-1984,25,6,
5409,"PETTERSSON, STEFAN",Nej,SWE,STEFF,1963-03-22,,IFK GÖTEBORG,1984-1998,150,53,
4750,"PETTERSSON, STEN",Nej,SWE,,1952-06-26,,AIK,1972-1973,11,0,
4750,"PETTERSSON, STEN",Nej,SWE,,1952-06-26,,VÄSTERÅS SK,1978,3,0,
2868,"PETTERSSON, STIG",Nej,SWE,KÅBERGER,1916-12-06,1991-02-07,ÖRGRYTE IS,1940,18,5,"FR JONSERED,ÖIS 39-42"
3556,"PETTERSSON, STIG",Nej,SWE,KANON-STIG,1934-08-27,2006-03-18,HELSINGBORGS IF,1955-1962,28,9,
4773,"PETTERSSON, STIG",Nej,SWE,,1953-05-03,,ÖREBRO SK,1971-1978,105,12,
3557,"PETTERSSON, SVEN",Nej,SWE,PIDDER,1933-09-22,2008-06-15,HELSINGBORGS IF,1957-1960,63,36,FR YSTADS IF
3575,"PETTERSSON, SVERKER",Nej,SWE,,1929-11-04,2018-03-11,SANDVIKENS IF,1954,5,1,"FR/T RUNHÄLLEN, TÄRNSJÖ"
2865,"PETTERSSON, SÖREN",Nej,SWE,,1914-09-19,1989-07-09,IK SLEIPNER,1940-1941,11,2,
5869,"PETTERSSON, SÖREN",Nej,SWE,,1969-03-14,,GAIS,1991-1992,7,1,
1501,"PETTERSSON, THOR",Nej,SWE,TORE TOSSE,1903-02-11,1969-09-19,HAMMARBY IF,1925,10,5,
7903,"PETTERSSON, TOM",Nej,SWE,,1990-03-25,,ÅTVIDABERGS FF,2012-2014,51,5,
7903,"PETTERSSON, TOM",Nej,SWE,,1990-03-25,,IFK GÖTEBORG,2015-2016,44,3,
7903,"PETTERSSON, TOM",Nej,SWE,,1990-03-25,,ÖSTERSUNDS FK,2017-2019,76,3,
7903,"PETTERSSON, TOM",Nej,SWE,,1990-03-25,,MJÄLLBY AIF,2023,24,3,
4756,"PETTERSSON, TORSTEN",Nej,SWE,,1944-02-29,,IF ELFSBORG,1970,2,0,"FD LINDOME, FR/T KBI 71"
5648,"PETTERSSON, URBAN",Nej,SWE,,1964-01-13,,ÖSTERS IF,1983-1987,41,1,
2867,"PETTERSSON, WIDORF",Nej,SWE,KLÄMMEN,1917-03-13,1998-10-26,ÖREBRO SK,1947-1949,40,0,
3547,"PETTERSSON, ÅKE",Nej,SWE,,1924-04-19,1979-01-30,DJURGÅRDENS IF,1950,15,3,FR SPÅNGA.
6340,"PETTERSSON-POHL, MATTIAS",Nej,SWE,,1975-06-28,,IK ODDEVOLD,1996,12,1,
5643,"PETÄJÄ, ERKKA",Nej,FIN,,1964-02-13,,ÖSTERS IF,1985-1991,119,2,
5643,"PETÄJÄ, ERKKA",Nej,FIN,,1964-02-13,,MALMÖ FF,1992-1993,18,0,
5390,"PHILLIPS, THOMAS",Nej,USA,,1964-02-23,,GAIS,1988,2,0,
7310,"PHIRI, EDWIN",Nej,ZAM,,1983-09-17,,ÖRGRYTE IS,2003-2005,41,1,
7310,"PHIRI, EDWIN",Nej,ZAM,,1983-09-17,,PANOS LJUNGSKILE SK,2008,21,0,
9308,"PICHKAH, PAYA",Nej,SWE,,2000-03-21,,GIF SUNDSVALL,2022,21,0,
9552,"PICORNELL, ANDRÉ",Ja,SWE,,2004-04-03,,DJURGÅRDENS IF,2023,2,0,
5687,"PIEKARCZYK, PIOTR",Nej,POL,,1958-10-01,,GAIS,1990-1991,32,0,
9161,"PIERMAYR, THOMAS",Nej,AUT,,1989-08-02,,ATHLETIC FC ESKILSTU,2017,25,0,
4770,"PIERRE, CARL-ERIK",Nej,SWE,,1954-05-13,,GIF SUNDSVALL,1975,20,0,
2838,"PIHL, JOHN",Nej,SWE,,1916-04-14,1992-01-27,GÅRDA BK,1943,5,1,FR KUNGSHAMN
4754,"PILÖ, LARS",Nej,SWE,,1952-02-11,,DJURGÅRDENS IF,1973-1974,4,1,
9968,"PINAS, SHAQUILLE",Nej,NED/,,1998-03-19,,HAMMARBY IF,2022-2023,38,0,
7307,"PINCELI, EDUARDO",Nej,BRA,,1983-04-23,,ÖREBRO SK,2003,3,0,SKV
6433,PIRACAIA,Nej,BRA,MARCELO GONC.DE OLIVEIRA,1971-04-17,,AIK,1997-1998,13,1,
8452,"PIRES, MICHEL",Nej,BRA,,1989-06-25,,GIF SUNDSVALL,2012,7,0,M.CELESTINO P. CHAVES
9236,"PIRTTIJOKI, JUHO",Nej,FIN,,1996-07-30,,GIF SUNDSVALL,2017-2018,7,0,
6538,"PI¥ONES-ARCE, PABLO",Nej,SWE,,1981-08-27,,HAMMARBY IF,2002-2015,106,20,
6538,"PI¥ONES-ARCE, PABLO",Nej,SWE,,1981-08-27,,IF BROMMAPOJKARNA,2009-2010,37,3,
6538,"PI¥ONES-ARCE, PABLO",Nej,SWE,,1981-08-27,,ÖSTERS IF,2013,24,9,
8842,"PLATJE, MELVIN",Nej,NED,,1988-12-16,,KALMAR FF,2014,4,0,
9244,"PLESSIS, DAMIEN",Nej,FRA,,1988-03-05,,ÖREBRO SK,2017,5,0,
9435,"PLLANA, LEONARD",Nej,KOS,,1996-08-26,,DALKURD FF,2018,5,0,
7530,"PODE, MARCUS",Nej,SWE,,1986-03-27,,MALMÖ FF,2005-2007,42,8,
7530,"PODE, MARCUS",Nej,SWE,,1986-03-27,,TRELLEBORGS FF,2009-2018,81,14,
7530,"PODE, MARCUS",Nej,SWE,,1986-03-27,,MJÄLLBY AIF,2012-2013,28,2,
7530,"PODE, MARCUS",Nej,SWE,,1986-03-27,,ÖREBRO SK,2014-2015,50,11,
9604,"POGREBNJAK, KIRIL",Nej,RYS,,1992-06-27,,FALKENBERGS FF,2019,19,2,
7129,"POHJA, ANTTI",Nej,FIN,,1977-01-11,,HAMMARBY IF,2002-2003,40,7,
6671,"PONOMAREV, ANATOLI",Nej,SWE/AZ,TOLI,1982-06-12,,KALMAR FF,2005,13,3,
6671,"PONOMAREV, ANATOLI",Nej,SWE/AZ,TOLI,1982-06-12,,GAIS,2007,5,0,
5547,"PONOMAREV, IGOR",Nej,SOV,,1960-02-24,,IFK NORRKÖPING,1989,17,3,"SEN AZE, SV MEDB 95"
6838,"POPOVIC, BOGIC",Nej,JUG,,1974-03-10,,HAMMARBY IF,2000,1,0,
8042,"PORCELLIS, RAFAEL",Nej,BRA,,1987-01-19,,HELSINGBORGS IF,2009-2010,13,0,R.P.DE OLIVEIRA
7990,"POROKARA, RONI",Nej,FIN,,1983-12-12,,ÖREBRO SK,2008-2010,84,10,
9044,"PORTILLO, ALEX",Nej,SPA,,1992-11-06,,JÖNKÖPINGS SÖDRA IF,2016-2017,26,0,EG ALEJANDRO
9044,"PORTILLO, ALEX",Nej,SPA,,1992-11-06,,IF ELFSBORG,2019,9,1,
8220,"PORTIN, JENS",Nej,FIN,,1984-12-13,,GEFLE IF,2010-2016,164,1,
2870,"POUSETTE, GUNNAR",Nej,SWE,,1920-12-09,2015-08-11,SANDVIKENS IF,1940-1944,35,9,
5698,"POUTIAINEN, JARI",Ja,FIN,,1966-08-29,,HAMMARBY IF,1990,8,0,
0766,"POWELL, MAGNUS",Nej,SWE,,1974-10-28,,ÖREBRO SK,1991-1994,39,7,
0766,"POWELL, MAGNUS",Nej,SWE,,1974-10-28,,HELSINGBORGS IF,1995-1999,113,26,
0766,"POWELL, MAGNUS",Nej,SWE,,1974-10-28,,GIF SUNDSVALL,2008,12,1,
4753,"POWELL, RONALD",Nej,ENG,RONNIE,1947-11-19,,BRYNÄS IF,1974,19,4,
7035,"POZNIAK, CHRISTOPHER",Nej,KAN,,1981-01-10,,ÖREBRO SK,2001-2003,45,1,
7399,"PREKO, YAW",Nej,GHA,,1974-09-08,,HALMSTADS BK,2004-2005,49,11,
7930,"PRENT, ALEXANDER",Nej,NED,,1983-05-25,,HALMSTADS BK,2008-2010,32,2,
2072,"PRESSFELDT, AXEL",Nej,SWE,,1911-09-15,1978-10-03,HALMSTADS BK,1934,12,7,
4219,"PRESSFELDT, ROLAND",Nej,SWE,,1943-06-24,2003-02-16,IFK NORRKÖPING,1964-1973,179,2,
6109,"PREZENT, ANDERS",Nej,SWE,,1972-10-29,,HAMMARBY IF,1994-1995,10,1,
6296,"PRICA, RADE",Nej,SWE,,1980-06-30,,HELSINGBORGS IF,1997-2015,83,29,
9309,"PRICA, TIM",Nej,SWE,,2002-04-23,,MALMÖ FF,2019-2020,5,0,
5727,"PRIGODA, SERGEJ",Nej,SOV,,1957-11-04,2017-10-09,ÖSTERS IF,1990,11,0,
8490,"PRIJOVIC, ALEXANDAR",Nej,SWI/,,1990-04-21,,DJURGÅRDENS IF,2013-2014,27,10,
4771,"PRIM, KENNETH",Nej,SWE,,1954-07-05,,ÅTVIDABERGS FF,1975,2,0,
6115,"PRINGLE, MARTIN",Nej,SWE,,1970-11-18,,HELSINGBORGS IF,1994-1996,64,15,
5694,"PRISTOVNIK, IZTOK",Nej,SWE,,1970-12-06,,HALMSTADS BK,1990-1991,6,0,
7118,"PROCHAZKA, JAN",Nej,SWE,TENGWALL,1982-03-18,,IFK GÖTEBORG,2002,3,0,
8263,"PRODELL, VIKTOR",Nej,SWE,,1988-02-29,,ÅTVIDABERGS FF,2010-2013,71,24,
8263,"PRODELL, VIKTOR",Nej,SWE,,1988-02-29,,IF ELFSBORG,2014-2018,125,42,
8263,"PRODELL, VIKTOR",Nej,SWE,,1988-02-29,,ÖREBRO SK,2019,21,2,
4775,"PROFOZIC, TONI",Nej,SWE,ANTON,1951-01-01,,ÖRGRYTE IS,1973,3,0,
6062,"PRYTZ, ANDERS",Nej,SWE,,1976-11-15,,ÖRGRYTE IS,1997-2006,143,4,
5619,"PRYTZ, HANS",Nej,SWE,,1963-05-14,,ÖRGRYTE IS,1981-1990,143,4,
4767,"PRYTZ, ROBERT",Nej,SWE,,1960-01-12,,MALMÖ FF,1977-1995,136,26,
4767,"PRYTZ, ROBERT",Nej,SWE,,1960-01-12,,IFK GÖTEBORG,1985,7,2,
4214,"PRÜTZ, GÖRAN",Nej,SWE,,1944-04-26,,HELSINGBORGS IF,1965-1966,17,1,"BENBR 66, STORFORS 68"
6456,"PUACA, PETAR",Nej,JUG,,1972-04-14,,HELSINGBORGS IF,1997,6,0,
9648,"PURVER, ALAN",Nej,ENG,,1995-12-01,,ÖSTERSUNDS FK,2019-2020,8,0,
8963,"PYZDROWSKI, MATT",Ja,USA,,1986-08-17,,HELSINGBORGS IF,2015-2016,19,0,
8751,"PÅHLSSON, MALTE",Ja,SWE,,1999-06-02,,HALMSTADS BK,2021-2023,7,0,
2076,"PÅLSSON, ANDERS",Nej,SWE,,1917-11-10,1999-04-04,HELSINGBORGS IF,1939-1944,57,37,
2839,"PÅLSSON, HELGE",Nej,SWE,,1924-05-01,2007-06-16,GÅRDA BK,1942,2,1,
3571,"PÅLSSON, JOHN",Nej,SWE,,1923-07-30,2004-10-17,RÅÅ IF,1951-1952,15,0,
2843,"PÅLSSON, RAGNVALD",Nej,SWE,,1917-07-27,1981-10-09,IFK GÖTEBORG,1944-1948,109,0,FR VIRGO
4205,"PÅLSSON, STEN",Nej,SWE,PÅLLE,1945-12-04,,GAIS,1968-1975,147,38,
2831,"PÅLSSON, SVEN",Nej,SWE,,1919-01-02,1992-01-17,AIK,1944,21,7,"FR KRIST, HANDB,-PAULSSON"
1518,"PÅLSSON, YNGVE",Nej,SWE,,1906-03-03,1982-08-06,STATTENA IF,1928,2,0,
9710,"PÄRSSON, ERIK",Nej,SWE,,1994-05-10,,MJÄLLBY AIF,2020,5,0,
9663,"QASEM, AHMED",Nej,SWE,,2003-07-12,,IF ELFSBORG,2021-2023,40,2,
8393,"QUAISON, ROBIN",Nej,SWE,,1993-10-09,,AIK,2012-2014,51,7,
9747,"QUATTARA, AZIZ",Nej,ELF,,2001-01-04,,HAMMARBY IF,2021,24,2,MOHAMMED AZIZ Q
9651,"QUATTARA, KALPI",Nej,ELF,,1998-12-29,,ÖSTERSUNDS FK,2019-2021,34,0,
6362,"QUAYE, SHAMO",Nej,GHA,,1971-10-22,1997-11-30,UMEÅ FC,1996,20,3,
7257,"QUENSAH, KWAME",Nej,NED,,1982-11-24,,AIK,2003-2004,18,2,
7678,QUIRINO,Nej,BRA,TIAGO QUIRINO DA SILVA,1985-01-04,,DJURGÅRDENS IF,2006-2008,53,11,
3383,"QUIST, YNGVE",Nej,SWE,,1930-03-27,1998-10-29,SANDVIKENS AIK,1955,19,3,
4777,"QVARFORTH, BJÖRN",Nej,SWE,,1947-06-18,,HAMMARBY IF,1970-1971,8,0,
4776,"QVARFORTH, GUNNAR",Nej,SWE,KVALFOT,1945-08-14,2022-10-28,HAMMARBY IF,1970-1972,24,1,
4928,"QVIST, CHRISTER",Nej,SWE,KITTEN,1956-03-16,,IF ELFSBORG,1978-1987,140,0,
2871,"QVIST, EVERT",Nej,SWE,,1925-03-09,1963-01-30,BILLINGSFORS IK,1947,5,0,
1923,"QVIST, SVEN",Nej,SWE,,1914-06-14,1999-10-08,GEFLE IF,1934-1935,15,4,FR HEDESUNDA IF
7157,"RABOCZKI, BALAZS",Ja,HUN,,1978-01-09,,IFK NORRKÖPING,2002,26,0,
7972,"RACU, PETRU",Nej,MDA,,1987-07-17,,IFK NORRKÖPING,2008-2011,34,0,
8260,"RADETINAC, HARIS",Nej,BIH,,1985-10-28,,ÅTVIDABERGS FF,2010,30,3,
8260,"RADETINAC, HARIS",Nej,BIH,,1985-10-28,,MJÄLLBY AIF,2012-2013,47,5,
8260,"RADETINAC, HARIS",Nej,BIH,,1985-10-28,,DJURGÅRDENS IF,2013-2023,225,22,
5998,"RADINOVIC, DUSKO",Nej,JUG,DOLE,1963-02-08,,DEGERFORS IF,1993-1997,118,6,
9667,"RADULOVIC, BOJAN",Nej,SER/SPA,,1999-12-29,,AIK,2020-2021,29,3,
7284,"RADULOVIC, RADOSAV",Nej,SCB,,1972-11-19,,ENKÖPINGS SK,2003,9,0,SKV
8035,RAFAEL,Nej,BRA,R.LEANDRO MAGALHAES,1986-02-06,,HAMMARBY IF,2009,12,1,
8925,"RAFAEL, YORK",Nej,SWE,,1999-03-17,,GEFLE IF,2016,1,0,
8925,"RAFAEL, YORK",Nej,SWE,,1999-03-17,,KALMAR FF,2019-2020,37,0,
9629,RAFINHA,Nej,BRA,RAFAEL GIMENES DA SILVA,1993-08-05,,KALMAR FF,2019-2020,20,0,
3593,"RAFSTEDT, ERNST",Nej,SWE,,1934-10-24,2012-02-07,IFK MALMÖ,1958-1959,11,4,
1080,"RAGNAR, GUNNAR",Ja,SWE,PLIGGEN,1906-11-10,1962-05-06,IFK NORRKÖPING,1926-1936,103,0,
2110,"RAGNAR, GÖSTA",Nej,SWE,GUSTAV GREVEN,1908-10-13,1939-06-29,IFK NORRKÖPING,1930,1,1,
3580,"RAGNARSSON, BENGT",Nej,SWE,,1934-11-27,2021-08-21,AIK,1958,5,0,
3598,"RAGNARSSON, LEIF",Nej,SWE,SNÖRET,1932-08-18,2022-07-30,SANDVIKENS AIK,1955,16,3,
0300,"RAGNELL, JOHAN",Nej,SWE,,1969-11-16,,VÄSTRA FRÖLUNDA IF,1992,3,0,
0300,"RAGNELL, JOHAN",Nej,SWE,,1969-11-16,,ÖRGRYTE IS,1993,16,2,
6009,"RAGVALD, MIKAEL",Nej,SWE,,1962-10-01,,HELSINGBORGS IF,1993-1994,37,8,
6311,"RAHMBERG, MARINO",Nej,SWE,,1974-08-07,,DEGERFORS IF,1996-1997,41,14,
6311,"RAHMBERG, MARINO",Nej,SWE,,1974-08-07,,AIK,1998-1999,28,3,
6311,"RAHMBERG, MARINO",Nej,SWE,,1974-08-07,,IFK GÖTEBORG,2002-2003,7,0,
2090,"RAHMBERG, SVEN-GÖSTA",Nej,SWE,,1909-07-01,1995-09-26,GEFLE IF,1934-1935,42,0,
6506,"RAHMSTRÖM, FREDRIK",Nej,SWE,,1970-01-27,,VÄSTERÅS SK,1997,10,0,
7862,"RAJALAKSO, JOEL",Nej,SWE,,1993-04-02,,ÅTVIDABERGS FF,2013-2014,6,0,
7750,"RAJALAKSO, SEBASTIAN",Nej,SWE,,1988-09-23,,DJURGÅRDENS IF,2008-2012,128,18,
7750,"RAJALAKSO, SEBASTIAN",Nej,SWE,,1988-09-23,,SYRIANSKA FC,2013,23,4,
7750,"RAJALAKSO, SEBASTIAN",Nej,SWE,,1988-09-23,,GIF SUNDSVALL,2015-2017,69,1,
9851,"RAJAMOHAN, ADHAVAR",Nej,SWE,,1994-11-11,,DEGERFORS IF,2021-2022,27,0,
9587,"RAKHMANOV, ARTEM",Nej,BEL,,1990-07-10,,ATHLETIC FC ESKILSTU,2019,5,1,
8525,"RAKIP, ERDAL",Nej,SWE,,1996-02-13,,MALMÖ FF,2013-2022,180,15,
9033,"RALANI, BRADLEY",Nej,RSA,SURPRISE,1987-10-04,,HELSINGBORGS IF,2016,14,2,
8382,"RAMA, VALDET",Nej,TYS/KOS,,1987-11-20,,ÖREBRO SK,2011-2012,50,10,
8345,"RAMADAN, MOHAMED",Nej,SWE,,1991-04-04,,HELSINGBORGS IF,2011-2015,2,0,
4966,"RAMBERG, STEN-OVE",Nej,SWE,PUTTE,1955-11-20,,HAMMARBY IF,1978-1988,225,14,
8753,"RAMHORN, JOHAN",Nej,SWE,,1996-05-03,,KALMAR FF,2014-2015,4,0,
8754,"RAMHORN, SEBASTIAN",Nej,SWE,,1996-05-03,,KALMAR FF,2014-2015,11,0,
8754,"RAMHORN, SEBASTIAN",Nej,SWE,,1996-05-03,,ÅTVIDABERGS FF,2015,12,0,
5901,"RAMPELTIN, TORBJÖRN",Nej,SWE,,1970-08-08,,ÖSTERS IF,1991-1992,7,0,
5620,"RAMSTEDT, GÖRAN",Nej,SWE,,1954-10-08,,ÖRGRYTE IS,1981-1988,127,1,
1534,"RAMSTEN, LAMBERT",Nej,SWE,LALLE,1909-01-15,1996-04-03,IFK NORRKÖPING,1929-1930,3,0,"EV 0114, ÄV BERTILAGA""?"""
1520,"RAMSTRÖM, ERIK",Nej,SWE,,1902-02-04,1934-07-22,AIK,1926,6,5,
1520,"RAMSTRÖM, ERIK",Nej,SWE,,1902-02-04,1934-07-22,WESTERMALMS IF,1927,13,1,
9012,"RANDRUP, ANDERS",Nej,DAN,,1988-07-16,,IF ELFSBORG,2016-2017,36,1,
9012,"RANDRUP, ANDERS",Nej,DAN,,1988-07-16,,HELSINGBORGS IF,2019-2020,34,0,
1639,"RANÉGIE, MATHIAS",Nej,SWE,,1984-06-14,,IFK GÖTEBORG,2007-2008,14,1,
1639,"RANÉGIE, MATHIAS",Nej,SWE,,1984-06-14,,BK HÄCKEN,2009-2017,91,37,
1639,"RANÉGIE, MATHIAS",Nej,SWE,,1984-06-14,,MALMÖ FF,2011-2012,26,13,
1639,"RANÉGIE, MATHIAS",Nej,SWE,,1984-06-14,,DJURGÅRDENS IF,2016,25,6,
5410,"RANTANEN, JARI",Nej,FIN,JALLU,1961-12-31,,IFK GÖTEBORG,1986-1987,11,2,
6230,"RANTANEN, RAMI",Nej,FIN,,1968-11-25,,TRELLEBORGS FF,1995-1997,60,5,
8434,"RANTIE, TOKELO",Nej,RSA,TIKI,1990-09-08,,MALMÖ FF,2012-2013,32,10,
9796,"RAPP, GOTTFRID",Nej,SWE,,2005-08-18,,IF ELFSBORG,2023,7,0,
6243,"RASCK, NICLAS",Nej,SWE,,1969-03-10,,ÖREBRO SK,1995-1998,81,5,
6243,"RASCK, NICLAS",Nej,SWE,,1969-03-10,,DJURGÅRDENS IF,1999-2006,127,2,
9454,"RASHEED, JONATHAN",Ja,NO,,1991-11-21,,BK HÄCKEN,2018-2022,9,0,
9454,"RASHEED, JONATHAN",Ja,NO,,1991-11-21,,IFK VÄRNAMO,2022-2023,24,0,
9418,"RASHIDI, HERADI",Nej,SWE,,1994-07-24,,DALKURD FF,2018,5,0,
9418,"RASHIDI, HERADI",Nej,SWE,,1994-07-24,,AIK,2018-2020,47,2,
9418,"RASHIDI, HERADI",Nej,SWE,,1994-07-24,,MJÄLLBY AIF,2022,11,0,
9712,"RASK, THEODORE",Nej,SWE,,2000-05-01,,IFK NORRKÖPING,2020-2022,11,0,
2631,"RASKAJ, ANEL",Nej,KOS,,1989-08-19,,HALMSTADS BK,2007-2011,112,2,
2631,"RASKAJ, ANEL",Nej,KOS,,1989-08-19,,ATHLETIC FC ESKILSTU,2017-2019,40,0,
7134,"RASMUSSEN, KENNET",Nej,DAN,,1973-09-11,,HELSINGBORGS IF,2002-2004,45,0,
9191,"RASMUSSEN, MADS",Nej,DAN,,1999-06-24,,HALMSTADS BK,2017,1,0,
1532,"RASMUSSON, CURT",Nej,SWE,,1909-03-05,1998-03-13,STATTENA IF,1928,1,0,
4985,"RASMUSSON, JAN",Nej,SWE,,1955-03-10,,LANDSKRONA BoIS,1979,7,0,
5909,"RASMUSSON, MIKAEL",Nej,SWE,,1967-07-06,,TRELLEBORGS FF,1992-1995,87,7,
4235,"RASMUSSON, ROLAND",Nej,SWE,,1950-12-31,,MALMÖ FF,1969-1972,19,3,
4235,"RASMUSSON, ROLAND",Nej,SWE,,1950-12-31,,LANDSKRONA BoIS,1975-1976,44,0,
8339,RAUL,Nej,SPA,RAUL RUIZ MATARIN,1990-03-25,,HALMSTADS BK,2011,14,1,
8942,"RAUSCHENBERG, MARTIN",Nej,DAN,,1992-01-15,,GEFLE IF,2015-2016,57,2,
8942,"RAUSCHENBERG, MARTIN",Nej,DAN,,1992-01-15,,IF BROMMAPOJKARNA,2018,17,1,
4795,"RAVELLI, ANDREAS",Nej,SWE,ANDA,1959-08-13,,ÖSTERS IF,1977-1992,219,12,
4795,"RAVELLI, ANDREAS",Nej,SWE,ANDA,1959-08-13,,IFK GÖTEBORG,1988-1989,38,1,
4794,"RAVELLI, STEFAN",Nej,SWE,,1957-05-22,,ÖSTERS IF,1976-1978,7,0,
5040,"RAVELLI, THOMAS",Ja,SWE,,1959-08-13,,ÖSTERS IF,1979-1988,209,0,
5040,"RAVELLI, THOMAS",Ja,SWE,,1959-08-13,,IFK GÖTEBORG,1989-1997,207,0,
7301,"RAVN JENSEN, ALLAN",Nej,DAN,,1974-02-04,,LANDSKRONA BoIS,2003,18,0,
7928,"RAYBOULD, RYAN",Nej,USA,,1983-05-30,,GEFLE IF,2008,4,0,
9175,"RAZAK, ABDUL",Nej,ELF,,1992-11-11,,IFK GÖTEBORG,2017,5,0,
9175,"RAZAK, ABDUL",Nej,ELF,,1992-11-11,,ATHLETIC FC ESKILSTU,2017,9,0,
9175,"RAZAK, ABDUL",Nej,ELF,,1992-11-11,,IK SIRIUS,2018-2019,21,1,
6730,"RAZANAUKAS, TOMAS",Nej,LIT,,1976-01-07,,MALMÖ FF,1999,9,0,
6730,"RAZANAUKAS, TOMAS",Nej,LIT,,1976-01-07,,TRELLEBORGS FF,2004,7,0,
4789,"REDBORN, ANDERS",Nej,SWE,,1950-07-01,,IF SAAB,1973,1,0,
2876,"REDESTAD, BJARNE",Nej,SWE,,1922-01-25,1980-03-28,DJURGÅRDENS IF,1946-1950,63,3,F PETTERSSON
7125,"REDO, PATRIK",Nej,SWE,,1981-11-24,,HALMSTADS BK,2002-2003,6,1,
7125,"REDO, PATRIK",Nej,SWE,,1981-11-24,,TRELLEBORGS FF,2004,24,3,
5186,"REDSKOG, SIGVARD",Nej,SWE,,1955-07-25,,MJÄLLBY AIF,1980,6,0,
7224,"REED, MOSES",Nej,SWE,,1988-05-23,,ÖREBRO SK,2007,1,0,
5116,"REGFELDT, STEFAN",Ja,SWE,,1955-10-19,,HALMSTADS BK,1980,12,0,
4779,"REHN, GERRY",Nej,SWE,,1952-11-22,,AIK,1972-1974,23,0,
4229,"REHN, GÖRAN",Nej,SWE,,1946-09-24,,IF ELFSBORG,1968-1969,19,0,FR SÖLVESBORGS GOIF
5337,"REHN, STEFAN",Nej,SWE,MUSSE,1966-09-22,,DJURGÅRDENS IF,1986-2002,103,18,
5337,"REHN, STEFAN",Nej,SWE,MUSSE,1966-09-22,,IFK GÖTEBORG,1990-1995,134,28,
4228,"REHNBERG, KJELL",Nej,SWE,,1943-06-21,,DEGERFORS IF,1966,20,1,
4781,"REHNBERG, LARS-GUNNAR",Nej,SWE,LADDALA,1946-06-29,,DJURGÅRDENS IF,1971-1973,29,1,
9978,"REINHOLD, PHILIP",Nej,DAN,,1996-03-21,,HELSINGBORGS IF,2022,13,0,
8531,"REINHOLDSSON, ANDRÉ",Nej,SWE,,1996-04-25,,MJÄLLBY AIF,2013,2,0,
4788,"REINHOLDSSON, BJÖRN",Nej,SWE,,1952-02-25,2018-05-27,MALMÖ FF,1972-1973,11,1,
2091,"REIS, GUNNAR",Nej,SWE,,1911-09-22,1992-09-05,IFK GÖTEBORG,1931-1935,78,33,T KUNGÄLV
4232,"REMMINGER, BO",Ja,SWE,,1948-08-02,,HELSINGBORGS IF,1966-1967,2,0,
2887,"REMNEGÅRD, BERTIL",Nej,SWE,,1925-11-22,2013-02-02,ÖREBRO SK,1949-1952,25,5,BK KENTY
2887,"REMNEGÅRD, BERTIL",Nej,SWE,,1925-11-22,2013-02-02,IFK NORRKÖPING,1950-1951,21,5,
4231,"RENBERG, ARNE",Nej,SWE,MYGGAN,1942-04-07,2016-05-18,IFK HOLMSUND,1967,20,0,FR IFK LULEÅ 67
4231,"RENBERG, ARNE",Nej,SWE,MYGGAN,1942-04-07,2016-05-18,IFK NORRKÖPING,1969,7,0,
4787,"RENLUND, JAN",Nej,SWE,,1952-12-21,,IFK LULEÅ,1971,4,0,
3587,"RENNEBY, ERIK",Nej,SWE,,1929-11-16,2022-04-12,IFK GÖTEBORG,1953-1954,7,0,
8215,"RENNIE, AMADAIYA",Nej,LBR,,1990-03-17,,IF ELFSBORG,2010,2,0,
8215,"RENNIE, AMADAIYA",Nej,LBR,,1990-03-17,,GAIS,2011,5,1,
8215,"RENNIE, AMADAIYA",Nej,LBR,,1990-03-17,,HAMMARBY IF,2015-2016,11,0,
2873,"REUTERWALD, CHARLES",Nej,SWE,CHALA,1918-03-16,1996-04-15,AIK,1944,1,0,FD JOHANSSON
7279,"REUTERWALL, MAGNUS",Nej,SWE,,1976-02-12,,ENKÖPINGS SK,2003,6,1,
7490,"REVAHL, ANDREAS",Nej,SWE,,1978-05-15,,GEFLE IF,2005-2008,55,0,
8343,"REXHEPI, ARDIAN",Nej,SWE,,1993-08-16,,HALMSTADS BK,2011,5,0,
8193,"REXHEPI, DARDAN",Nej,SWE,,1992-01-16,,MALMÖ FF,2010-2013,63,4,
8193,"REXHEPI, DARDAN",Nej,SWE,,1992-01-16,,IF BROMMAPOJKARNA,2014,27,5,
8193,"REXHEPI, DARDAN",Nej,SWE,,1992-01-16,,BK HÄCKEN,2015-2016,22,1,
5341,"REXIN, STEFAN",Nej,SWE,RÄKAN,1957-06-29,2019-04-30,DJURGÅRDENS IF,1986,1,0,FR NYKÖP BIS
9893,"RHÖSE, LUKAS",Nej,SWE,,2000-08-07,,KALMAR FF,2021,3,0,
4785,"RIBOHN, CHRISTER",Nej,SWE,,1947-01-06,,HAMMARBY IF,1971-1973,40,0,
8056,RICARDINHO,Nej,BRA,RIC.FERR DA SILVA KUBITS,1984-09-09,,MALMÖ FF,2009-2014,159,3,
7427,"RICHARDSSON, RICHARD",Ja,SWE,,1979-04-12,,TRELLEBORGS FF,2004,6,0,
7427,"RICHARDSSON, RICHARD",Ja,SWE,,1979-04-12,,ÖREBRO SK,2007-2008,4,1,
4797,"RICHARDSSON, ÅKE",Ja,SWE,,1951-03-31,,IFK SUNDSVALL,1977-1980,67,1,
4780,"RICHT, LARS",Nej,SWE,,1954-11-04,,BK DERBY,1977,26,4,
6307,"RIDDEZ, JOEL",Nej,SWE,,1980-05-21,,DJURGÅRDENS IF,1999-2013,41,0,
6307,"RIDDEZ, JOEL",Nej,SWE,,1980-05-21,,ÖREBRO SK,2004-2007,42,2,
1529,"RIDELL, HENNING",Nej,SWE,,1903-06-20,1970-02-14,HELSINGBORGS IF,1928,1,0,HELS BIS
8831,"RIEKS, SÖREN",Nej,DAN,,1987-04-07,,IFK GÖTEBORG,2014-2017,92,21,
8831,"RIEKS, SÖREN",Nej,DAN,,1987-04-07,,MALMÖ FF,2018-2023,139,35,
6140,"RIETZ, MARCUS",Nej,SWE,,1977-04-29,,LANDSKRONA BoIS,1994,4,0,
1629,"RIIHILAHTI, AKI",Nej,FIN,,1976-09-09,,DJURGÅRDENS IF,2007-2008,12,0,
8453,"RIKAMA-HINNENBERG, PATRIK",Nej,FIN,,1983-02-08,,GIF SUNDSVALL,2012,5,0,
9668,"RING, ERIK",Nej,SWE,,2002-04-24,,AIK,2020-2022,44,0,
3581,"RING, GUNNAR",Nej,SWE,,1932-01-05,1997-02-22,ÖREBRO SK,1951-1953,16,5,
3581,"RING, GUNNAR",Nej,SWE,,1932-01-05,1997-02-22,DEGERFORS IF,1956-1963,42,17,
8516,"RING, JONATHAN",Nej,SWE,,1991-12-05,,KALMAR FF,2013-2021,128,20,
8516,"RING, JONATHAN",Nej,SWE,,1991-12-05,,DJURGÅRDENS IF,2018-2020,82,11,
3582,"RING, RUNE",Nej,SWE,,1933-04-14,2015-10-20,DEGERFORS IF,1955-1956,13,0,
9062,"RING, SEBASTIAN",Nej,SWE,,1995-04-18,,ÖREBRO SK,2016-2018,68,2,
9062,"RING, SEBASTIAN",Nej,SWE,,1995-04-18,,KALMAR FF,2020-2021,56,5,
5082,"RINGBOM, STEFAN",Nej,SWE,,1961-02-09,,DJURGÅRDENS IF,1981,3,0,
1523,"RINGBORG, SVEN",Nej,SWE,,1900-01-30,1960-03-21,IFK NORRKÖPING,1925,1,0,
1530,"RINGDAHL, OLLE",Nej,SWE,OLOF,1900-08-19,1995-02-03,IFK NORRKÖPING,1928,1,0,
8761,"RINNE, JACOB",Ja,SWE,,1993-06-20,,ÖREBRO SK,2014-2016,37,0,
4239,"RINÄS, STEN",Nej,SWE,,1946-04-22,,ÖRGRYTE IS,1966-1970,31,2,EM NORGE 1984
7711,"RISHOLT, ROGER",Nej,NOR,,1979-04-10,,BK HÄCKEN,2006,9,0,
7711,"RISHOLT, ROGER",Nej,NOR,,1979-04-10,,GIF SUNDSVALL,2012,21,2,
8387,"RISKI, RIKU",Nej,FIN,,1989-08-16,,ÖREBRO SK,2011,7,1,
8387,"RISKI, RIKU",Nej,FIN,,1989-08-16,,IFK GÖTEBORG,2015,11,1,
6832,"RISP, FREDRIK",Nej,SWE,KARLSSON TID.,1980-12-15,,IFK GÖTEBORG,2000-2010,110,4,
8370,"RISTIC, IVAN",Nej,SER,,1975-01-10,,SYRIANSKA FC,2011,25,0,
2098,"RIXON, GÖRAN",Nej,SWE,,1917-03-07,1990-04-22,SANDVIKENS IF,1937-1944,47,3,
9554,"ROBACK, EMIL",Nej,SWE,,2003-05-03,,IFK NORRKÖPING,2023,3,0,
8269,"ROBERTS, GLENN",Nej,NOR,,1988-06-26,,ÅTVIDABERGS FF,2010,13,1,
2874,"ROBERTSSON, GUNNAR",Ja,SWE,,1922-05-23,2008-04-23,BILLINGSFORS IK,1947,19,0,
5581,"ROBERTSSON, MIKAEL",Nej,SWE,ROBSON,1964-01-03,,VÄSTRA FRÖLUNDA IF,1987-1993,108,18,
7439,ROBÉRIO,Nej,BRA,ROBÉRIO DA SILVA,1984-05-02,,ÖRGRYTE IS,2004,5,0,
8244,"ROBLEDO, JUAN",Nej,CHI,,1979-08-21,,MJÄLLBY AIF,2010-2012,28,2,
8244,"ROBLEDO, JUAN",Nej,CHI,,1979-08-21,,ÖSTERS IF,2013,12,0,
9716,"ROCHE, JAMIE",Nej,SWE,,2001-04-05,,IK SIRIUS,2020-2023,81,2,
6471,"RODDIE, ANDREW",Nej,SKO,ANDY,1971-11-04,,PANOS LJUNGSKILE SK,1997,16,0,
7411,"RODEVÅG, STEFAN",Nej,SWE,,1980-06-11,,KALMAR FF,2004,7,0,
7411,"RODEVÅG, STEFAN",Nej,SWE,,1980-06-11,,ÖREBRO SK,2007-2008,40,6,
7411,"RODEVÅG, STEFAN",Nej,SWE,,1980-06-11,,FALKENBERGS FF,2014-2016,77,16,
8973,"RODIC, VLADIMIR",Nej,SER,,1993-09-07,,MALMÖ FF,2015-2016,21,5,
8973,"RODIC, VLADIMIR",Nej,SER,,1993-09-07,,HAMMARBY IF,2018-2021,73,10,
5259,"RODIN, PETER",Nej,SWE,,1965-06-08,,ÖRGRYTE IS,1985,5,0,
8053,"RODRIGUES, LEANDRO",Nej,BRA,,1982-01-31,,KALMAR FF,2009,1,0,L.MONTEBELER RODRIGUES
8213,"RODRIGUEZ, LUIS ANTONIO",Nej,A,LUCHO,1985-03-04,,DJURGÅRDENS IF,2010,11,0,
7020,ROGÉRIO SILVA,Nej,BRA,ROGÉRIO CARVALHO SILVA,1979-04-21,,HELSINGBORGS IF,2001,10,1,
9241,"ROGIC, FILIP",Nej,SWE,,1993-06-14,,ÖREBRO SK,2017-2019,73,22,
9241,"ROGIC, FILIP",Nej,SWE,,1993-06-14,,AIK,2020-2021,27,3,
9241,"ROGIC, FILIP",Nej,SWE,,1993-06-14,,IK SIRIUS,2022,27,1,
8944,"ROGNE, THOMAS",Nej,NOR,,1990-06-29,,IFK GÖTEBORG,2015-2017,66,1,
8944,"ROGNE, THOMAS",Nej,NOR,,1990-06-29,,HELSINGBORGS IF,2022,13,0,
7890,"ROHDÉN, MARCUS",Nej,SWE,,1991-05-11,,IF ELFSBORG,2012-2016,120,22,
4796,"ROHDIN, MATS",Nej,SWE,,1959-01-19,,ÖSTERS IF,1977-1984,64,1,
4796,"ROHDIN, MATS",Nej,SWE,,1959-01-19,,AIK,1985-1991,120,2,
5346,"ROHLIN, KIMMO",Nej,SWE,,1967-12-08,,DJURGÅRDENS IF,1986,1,0,
2088,"ROHM, HOLGER",Nej,SWE,,1909-11-28,2005-05-15,IF ELFSBORG,1933,1,0,
9638,"ROIGÉ, POL",Nej,SPA,,1994-01-28,,GIF SUNDSVALL,2019,12,1,
8265,"ROIHA, PAULUS",Nej,FIN,,1980-08-03,,ÅTVIDABERGS FF,2010,28,7,
8498,"ROJAS, ANTONIO",Nej,PAR,,1984-03-27,,HALMSTADS BK,2013-2015,75,3,
6454,"ROLFSSON, HENRIK",Nej,SWE,,1977-04-25,,HALMSTADS BK,1997-1998,3,0,
9215,ROMARINHO,Nej,BRA,ROMARIO MARQUES RODRIGUE,1992-10-27,,KALMAR FF,2017,9,0,
8015,ROMARIO SIPIAO,Nej,BRA,ROMARIO PEREIRA SIPIAO,1985-08-10,,GAIS,2009-2012,70,7,
8015,ROMARIO SIPIAO,Nej,BRA,ROMARIO PEREIRA SIPIAO,1985-08-10,,KALMAR FF,2013-2023,301,35,
9031,ROMULO,Nej,BRA,ROMULO CABRAL PEREIRA P,1991-11-02,,HAMMARBY IF,2016-2017,43,9,
2089,"ROOS, CARL",Nej,SWE,,1914-03-22,1986-04-18,IFK ESKILSTUNA,1935-1943,23,0,
3595,"ROSANDER, HANS",Nej,SWE,,1937-01-05,2016-09-14,VÄSTERÅS SK,1957,8,2,
3595,"ROSANDER, HANS",Nej,SWE,,1937-01-05,2016-09-14,IFK NORRKÖPING,1960-1965,100,2,
4790,"ROSANDER, THOMAS",Nej,SWE,,1953-06-30,,IK SIRIUS,1974,22,4,
4238,"ROSBERG, CHRISTER",Nej,SWE,,1942-08-09,,MALMÖ FF,1963,3,0,
4227,"ROSELL, BERNT",Nej,SWE,,1939-07-14,1968-02-29,IK BRAGE,1966,22,0,
5182,"ROSELL, LARS",Ja,SWE,,1960-05-19,,MJÄLLBY AIF,1980,17,0,
2087,"ROSELL, STIG",Nej,SWE,,1919-12-13,2001-05-07,IK BRAGE,1939,4,2,
1533,"ROSENBERG, IVAN",Nej,SWE,TIGERN,1909-02-27,1974-08-21,IFK MALMÖ,1929-1932,61,6,"FÖDD ROHNE,HSK II 29/30"
7023,"ROSENBERG, MARKUS",Nej,SWE,,1982-09-27,,MALMÖ FF,2001-2019,208,75,
7023,"ROSENBERG, MARKUS",Nej,SWE,,1982-09-27,,HALMSTADS BK,2004,26,14,
2097,"ROSENGREN, BIRGER",Nej,SWE,BIAN,1917-10-29,1977-10-15,IFK NORRKÖPING,1936-1950,223,9,
2096,"ROSENGREN, GÖTE",Nej,SWE,PAVLOVA,1912-11-28,1986-05-31,MALMÖ FF,1938-1941,51,1,LUNDS SK TR 5008-
2095,"ROSENGREN, HENRY",Ja,SWE,,1911-11-21,1990-04-18,MALMÖ FF,1933,7,0,
4786,"ROSENGREN, JERRY",Nej,SWE,,1946-03-05,,LANDSKRONA BoIS,1971-1973,52,1,
9555,"ROSENGREN, OTTO",Nej,SWE,,2003-05-16,,MJÄLLBY AIF,2021-2023,38,0,
9555,"ROSENGREN, OTTO",Nej,SWE,,2003-05-16,,MALMÖ FF,2023,12,2,
7137,"ROSENGREN, PATRIK",Nej,SWE,BAGARN,1971-07-25,,KALMAR FF,2002-2008,142,7,
7137,"ROSENGREN, PATRIK",Nej,SWE,BAGARN,1971-07-25,,MJÄLLBY AIF,2010-2012,76,1,
3591,"ROSENGREN, ROLAND",Nej,SWE,,1932-08-29,2019-06-14,JÖNKÖPINGS SÖDRA IF,1954,4,0,
1521,"ROSENLIND, HARRY",Nej,SWE,ROSA,1900-02-20,1968-09-22,IFK ESKILSTUNA,1925-1929,93,49,
3592,"ROSENLUND, BENGT",Nej,SWE,,1928-06-30,2009-12-12,KALMAR FF,1954-1955,32,5,"FR OAIK,MÖRBYL,TR LOVERSL"
5917,"ROSENQVIST, ANDERS",Nej,SWE,,1969-12-18,,VÄSTRA FRÖLUNDA IF,1992-1993,15,2,
2872,"ROSENQVIST, BENGT",Nej,SWE,,1921-09-03,1995-03-20,AIK,1945-1948,45,0,"FR CITY,TANDTEKN"
2872,"ROSENQVIST, BENGT",Nej,SWE,,1921-09-03,1995-03-20,DJURGÅRDENS IF,1950,3,0,
2880,"ROSENQVIST, OLLE",Nej,SWE,OLOF,1924-09-01,2008-12-16,GAIS,1943,1,0,
8762,"ROSENQVIST, RASMUS",Nej,SWE,,1996-07-17,,IF ELFSBORG,2016-2017,15,0,
3596,"ROSENQVIST, ROLF",Nej,SWE,MANDA,1937-02-07,2012-01-03,IFK NORRKÖPING,1957-1962,19,7,FR HÖGADALS IS 55
2879,"ROSENQVIST, SIXTEN",Nej,SWE,TJÄRPAPP,1918-12-14,1977-02-28,GAIS,1942-1951,194,7,
5935,"ROSENQVIST, TOMAS",Nej,SWE,,1975-06-23,,VÄSTRA FRÖLUNDA IF,1993-1999,80,15,
5935,"ROSENQVIST, TOMAS",Nej,SWE,,1975-06-23,,IFK GÖTEBORG,2000-2004,94,23,
5935,"ROSENQVIST, TOMAS",Nej,SWE,,1975-06-23,,GAIS,2006,7,0,
3597,"ROSÉN, BENGT",Nej,SWE,,1929-07-02,1985-03-00,IFK NORRKÖPING,1953-1954,15,2,
7132,"ROSÉN, CONNY",Ja,SWE,,1971-03-24,,HELSINGBORGS IF,2002-2004,29,0,
1522,"ROSÉN, FOLKE",Nej,SWE,,1908-11-24,1981-05-22,IFK GÖTEBORG,1927,1,0,"FR PARTILLE, SEN SUNDSV"
5674,"ROSÉN, JAN-ÅKE",Nej,SWE,,1967-04-09,,IK BRAGE,1990,12,0,
4793,"ROSÉN, KENNETH",Ja,SWE,,1949-05-27,2004-12-27,ÖREBRO SK,1975,3,0,
2886,"ROSÉN, KJELL",Nej,SWE,,1921-04-24,1999-06-13,MALMÖ FF,1940-1950,204,41,
2092,"ROSÉN, MALTE",Nej,SWE,,1910-06-02,2004-11-19,HELSINGBORGS IF,1930-1935,8,0,
6451,"ROSÉN, MIKAEL",Nej,SWE,GUSTAVSSON TID.,1974-08-15,,HALMSTADS BK,1997-2011,228,12,
6451,"ROSÉN, MIKAEL",Nej,SWE,GUSTAVSSON TID.,1974-08-15,,HELSINGBORGS IF,2001-2003,77,6,
1079,"ROSÉN, NILS",Nej,SWE,ROSSI,1902-05-22,1951-06-25,HELSINGBORGS IF,1925-1935,215,12,
2878,"ROSÉN, RUNE",Nej,SWE,,1922-09-08,1990-07-12,IF ELFSBORG,1946-1952,112,39,
4236,"ROSÉN, SVEN",Nej,SWE,,1947-04-20,,MALMÖ FF,1966,2,0,
2094,"ROSKVIST, YNGVE",Nej,SWE,,1917-10-30,2006-09-09,MALMÖ FF,1937-1939,8,0,
3590,"ROSLUND, BENGT",Nej,SWE,BILLY,1931-03-16,2023-03-20,HELSINGBORGS IF,1953-1955,33,7,
2093,"ROSLUND, IVAR",Nej,SWE,CHAS,1907-07-04,1988-05-30,MALMÖ FF,1932-1937,51,8,
2883,"ROSLUND, STURE",Nej,SWE,,1921-03-01,2005-02-20,HALMSTADS BK,1943-1948,83,2,"FUNNEN, DÖDSANN 0216"
2884,"ROSSANDER, ARNE",Nej,SWE,,1915-06-19,1987-01-19,HAMMARBY IF,1940,2,0,FR TUREBERGS IK
5633,"ROTH, ANDERS",Nej,FIN,,1967-03-17,,ÖRGRYTE IS,1987-1990,49,4,ÅTER FINLAND
6370,"ROTH, FREDDIE",Ja,SWE,,1970-06-21,,ÖRGRYTE IS,1996-1999,73,0,
6615,"ROTH, MIKAEL",Nej,SWE,,1976-07-08,,MALMÖ FF,1998-2002,76,0,
6615,"ROTH, MIKAEL",Nej,SWE,,1976-07-08,,IFK NORRKÖPING,2008,28,2,
2877,"ROTHENBERG, OSCAR",Nej,SWE,,1919-12-25,2010-09-11,DJURGÅRDENS IF,1948,1,0,ALINGSÅS IF
5377,"ROTTING, MATS",Nej,SWE,,1969-07-25,,IF ELFSBORG,1987-1997,27,8,
5377,"ROTTING, MATS",Nej,SWE,,1969-07-25,,GAIS,2000,11,3,
6065,"RUBARTH, MATS",Nej,SWE,,1977-01-25,,ÖREBRO SK,1997-2000,62,4,
6065,"RUBARTH, MATS",Nej,SWE,,1977-01-25,,AIK,2001-2008,127,16,
6740,"RUBENDAHL, KLAS",Nej,SWE,,1977-04-01,,VÄSTRA FRÖLUNDA IF,1999-2000,39,1,
5642,"RUBIN, KARL-HÅKAN",Ja,SWE,,1965-01-03,,ÖSTERS IF,1985-1986,5,0,
4233,"RUBIN, LEIF",Nej,SWE,,1940-01-12,2017-03-09,HELSINGBORGS IF,1964-1966,48,6,
6514,"RUBINS, ANDREJS",Nej,LVA,,1978-11-26,2022-08-03,ÖSTERS IF,1997,11,0,
8763,"RUBIO SIVODEDOV, CHRISTIAN",Nej,SWE,,1997-11-07,,DJURGÅRDENS IF,2014,6,0,
8763,"RUBIO SIVODEDOV, CHRISTIAN",Nej,SWE,,1997-11-07,,GIF SUNDSVALL,2018,11,0,
4230,"RUDBERG, CLAES",Nej,SWE,,1935-10-03,2003-12-08,IFK ESKILSTUNA,1964,19,0,FR MALMKÖPING 63
3594,"RUDENSJÖ, LENNART",Nej,SWE,,1933-10-31,2015-01-06,MOTALA AIF,1958,16,0,SEN HBK+ISH
4237,"RUDEVI, LEIF",Nej,SWE,,1945-10-09,,MALMÖ FF,1966,2,0,
5551,"RUDSTRÖM, TOMMY",Ja,SWE,,1962-03-10,,GIF SUNDSVALL,1987-1989,48,0,
4950,"RUKAVINA, RINO",Nej,SWE,,1958-05-06,,IS HALMIA,1979,10,0,
8084,"RUNDQVIST, JOHAN",Nej,SWE,,1991-03-05,,GAIS,2010,5,0,
2888,"RUNDQVIST, ROLF",Nej,SWE,,1916-07-04,2006-12-08,REYMERSHOLMS IK,1942,21,5,
1314,"RUNNEMO, JOAKIM",Nej,SWE,,1986-12-18,,IF BROMMAPOJKARNA,2007-2010,63,8,
6800,"RUNSTRÖM, BJÖRN",Nej,SWE,,1984-03-01,,HAMMARBY IF,2004-2006,57,18,
8953,"RUSIKE, MATTHEW",Nej,RSA,,1990-06-28,,HALMSTADS BK,2015,11,4,
8953,"RUSIKE, MATTHEW",Nej,RSA,,1990-06-28,,HELSINGBORGS IF,2016,25,3,
3588,"RUTHBERG, GUNNAR",Nej,SWE,,1929-05-11,,IFK GÖTEBORG,1953,1,0,
9193,"RUUD TVETER, ALEXANDER",Nej,NOR,,1991-03-07,,HALMSTADS BK,2017,24,1,
1524,"RYBERG, EINAR",Nej,SWE,,1904-10-31,1975-05-29,IFK UDDEVALLA,1926-1927,34,2,
5256,"RYBERG, ULF",Nej,SWE,,1959-04-08,,ÖRGRYTE IS,1982-1983,7,0,UTV USA
5256,"RYBERG, ULF",Nej,SWE,,1959-04-08,,IK BRAGE,1985,6,1,
2303,"RYBERG, VALTER",Ja,SWE,,1908-02-18,1976-03-13,MALMÖ FF,1932,0,0,"EG RYDBERG,EJ BRFO(32:1-0"
5480,"RYDASP, PETER",Nej,SWE,,1956-11-05,,KALMAR FF,1980-1986,103,0,
1077,"RYDBERG, ANDERS",Ja,SWE,,1903-03-03,1989-10-26,IFK GÖTEBORG,1925-1938,292,0,
1531,"RYDBERG, BROR",Nej,SWE,,1905-04-21,1970-05-06,STATTENA IF,1928-1930,30,1,RYBERG ENL SDB
1531,"RYDBERG, BROR",Nej,SWE,,1905-04-21,1970-05-06,HELSINGBORGS IF,1931,2,0,
1078,"RYDBERG, GUNNAR",Nej,SWE,LILLEN,1900-08-09,1985-03-05,IFK GÖTEBORG,1925-1936,245,137,
3586,"RYDBERG, JAN",Nej,SWE,,1934-05-04,1992-09-02,HELSINGBORGS IF,1956-1963,36,1,"BILFÖRS, RYBERG ENL SDB"
3586,"RYDBERG, JAN",Nej,SWE,,1934-05-04,1992-09-02,IFK ESKILSTUNA,1958,10,0,
2882,"RYDBERG, KARL",Nej,SWE,,1919-08-15,1973-03-26,IS HALMIA,1944-1950,103,2,FR HUSKV IF
1527,"RYDBERG, OLOF",Nej,SWE,,1899-02-21,1984-07-09,ÖRGRYTE IS,1926,8,0,FR HISINGSTAD
3583,"RYDBERG, ÅKE",Nej,SWE,RYA,1938-09-03,2023-09-25,DJURGÅRDENS IF,1957-1960,33,14,EM USA
2875,"RYDELL, INGVAR",Nej,SWE,,1922-05-07,2013-06-20,BILLINGSFORS IK,1947,22,11,
2875,"RYDELL, INGVAR",Nej,SWE,,1922-05-07,2013-06-20,MALMÖ FF,1949-1954,104,68,
1525,"RYDELL, RUNE",Nej,SWE,TRULS,1902-12-31,1977-06-01,VÄSTERÅS IK,1925,19,0,"TILL HALLSTAH 2907, IFKV"
1081,"RYDELL, SVEN",Nej,SWE,TROLLGUBBEN,1905-01-14,1975-04-04,ÖRGRYTE IS,1925-1934,168,33,
1081,"RYDELL, SVEN",Nej,SWE,TROLLGUBBEN,1905-01-14,1975-04-04,REDBERGSLIDS IK,1931,20,10,
4783,"RYDING, JAN",Nej,SWE,VICKE,1952-03-12,,HALMSTADS BK,1974-1978,90,4,SIST BK ASTRIO
3599,"RYDSTRAND, JAN",Nej,SWE,,1927-10-31,2012-05-16,SANDVIKENS IF,1954,1,0,
4791,"RYDSTRAND, OLA",Nej,SWE,,1955-09-19,,ÅTVIDABERGS FF,1973-1976,48,2,
4791,"RYDSTRAND, OLA",Nej,SWE,,1955-09-19,,ÖREBRO SK,1977-1978,50,18,
4791,"RYDSTRAND, OLA",Nej,SWE,,1955-09-19,,AIK,1979-1982,34,5,
6719,"RYDSTRÖM, HENRIK",Nej,SWE,,1976-02-16,,KALMAR FF,1999-2013,314,10,
3589,"RYDVALL, ROLF",Nej,SWE,,1931-09-10,,HAMMARBY IF,1955,1,0,
9984,"RYGAARD, MIKKEL",Nej,DAN,,1990-12-25,,BK HÄCKEN,2022-2023,57,18,
2881,"RYLANDER, BERTIL",Nej,SWE,,1929-12-28,2014-11-10,IFK GÖTEBORG,1949,4,1,SEN SIFHÄLLA
2881,"RYLANDER, BERTIL",Nej,SWE,,1929-12-28,2014-11-10,KALMAR FF,1954-1955,37,24,
4234,"RYLANDER, BJÖRN",Nej,SWE,,1941-04-09,2005-09-03,JÖNKÖPINGS SÖDRA IF,1960,1,0,
7299,"RYNELL, MIKAEL",Nej,SWE,,1982-02-25,,LANDSKRONA BoIS,2003-2005,41,0,
5193,"RYTILAHTI, ERKKI",Nej,SWE,RANGIN,1958-05-03,,MJÄLLBY AIF,1983,16,0,
4778,"RÜBSAMEN, OVE",Nej,SWE,RYSSEN,1956-10-23,,DJURGÅRDENS IF,1975,13,2,
4778,"RÜBSAMEN, OVE",Nej,SWE,RYSSEN,1956-10-23,,AIK,1977-1984,148,21,
3585,"RÅBERG, HANS",Nej,SWE,,1935-08-17,2023-11-09,IF ELFSBORG,1954,8,0,
3584,"RÅBERG, LARS",Nej,SWE,,1933-01-03,2020-04-12,IF ELFSBORG,1951-1963,136,37,
4792,"RÅSBERG, KENNET",Nej,SWE,,1952-05-18,,ÅTVIDABERGS FF,1973,1,0,
2885,"RÄNTZLÖW, KARL BERTIL",Nej,SWE,,1913-02-14,1968-12-02,HELSINGBORGS IF,1940-1941,13,0,
9596,"RÖDIN, PONTUS",Nej,SWE,,2000-08-16,,ATHLETIC FC ESKILSTU,2019,3,0,
5549,"RÖDLUND, JONNY",Nej,SWE,,1971-12-22,,IFK NORRKÖPING,1989-1993,98,14,
5549,"RÖDLUND, JONNY",Nej,SWE,,1971-12-22,,BK HÄCKEN,1994,14,4,
5549,"RÖDLUND, JONNY",Nej,SWE,,1971-12-22,,DEGERFORS IF,1995,16,1,
5549,"RÖDLUND, JONNY",Nej,SWE,,1971-12-22,,VÄSTERÅS SK,1997,8,0,
5549,"RÖDLUND, JONNY",Nej,SWE,,1971-12-22,,ENKÖPINGS SK,2003,22,1,
4782,"RÖKAAS, SVERRE",Nej,SWE,,1950-05-28,,IF ELFSBORG,1970-1974,41,4,
9864,"RÖMER, ANDRÉ",Nej,DAN,,1993-07-18,,IF ELFSBORG,2021-2023,68,3,
1528,"RÖNN, DAVID",Nej,SWE,,1906-01-29,1978-09-05,WESTERMALMS IF,1927-1929,30,1,
4917,"RÖNNBERG, GLENN",Nej,SWE,,1961-05-09,,AIK,1979-1982,34,2,
4784,"RÖNNBERG, MIKAEL",Nej,SWE,,1957-02-06,,HAMMARBY IF,1976-1988,118,9,
4784,"RÖNNBERG, MIKAEL",Nej,SWE,,1957-02-06,,MALMÖ FF,1982-1984,64,20,
7973,"RÖNNEKLEV, VIKTOR",Nej,SWE,,1982-08-16,,IFK NORRKÖPING,2008-2011,22,0,
7973,"RÖNNEKLEV, VIKTOR",Nej,SWE,,1982-08-16,,JÖNKÖPINGS SÖDRA IF,2016,22,0,
0194,"RÖNNING, PER VERNER",Nej,NOR,,1983-01-09,,AIK,2007,3,0,VÅGAN RÖNNING
8764,"RÖNNING, TIM",Ja,SWE,,1999-02-15,,IF ELFSBORG,2019-2023,81,0,
6999,"RÖNNINGBERG, OSKAR",Nej,SWE,,1986-04-02,,HELSINGBORGS IF,2006-2007,22,0,
1526,"RÖRICH, IVAN",Nej,SWE,,1902-05-25,1967-07-27,VÄSTERÅS IK,1925,5,0,
5838,"SAARENPÄÄ, KLEBÉR",Nej,SWE,,1975-12-14,,DJURGÅRDENS IF,1995-1996,34,1,
5838,"SAARENPÄÄ, KLEBÉR",Nej,SWE,,1975-12-14,,IFK NORRKÖPING,1997-2000,88,4,
5838,"SAARENPÄÄ, KLEBÉR",Nej,SWE,,1975-12-14,,HAMMARBY IF,2005-2008,19,0,
6450,"SAARINEN, JANNE",Nej,FIN,,1977-02-28,,IFK GÖTEBORG,1997,3,0,
6450,"SAARINEN, JANNE",Nej,FIN,,1977-02-28,,BK HÄCKEN,2009,13,0,
6209,"SAASTAMOINEN, JARMO",Nej,FIN,,1967-09-20,,AIK,1995,8,0,
9025,"SABAH, LAWSON",Nej,GHA,,1997-04-02,,IFK GÖTEBORG,2016-2017,13,1,
9849,"SABETKAR, SEAN",Nej,SWE,,1995-04-28,,DEGERFORS IF,2021-2023,46,0,
8765,"SABOVIC, BESARD",Nej,SWE,,1998-01-05,,DJURGÅRDENS IF,2016-2023,47,3,
8765,"SABOVIC, BESARD",Nej,SWE,,1998-01-05,,MJÄLLBY AIF,2020,27,4,
8520,"SACHPEKIDIS, FILIP",Nej,SWE,,1997-07-03,,KALMAR FF,2013-2022,143,7,
7947,"SACRAMENTO, MARCEL",Nej,BRA,,1987-08-24,,KALMAR FF,2008-2011,31,1,
9733,"SADIKU, ERION",Nej,SWE,,2002-01-23,,VARBERGS BOIS,2020,25,2,
8419,"SADIKU, LORET",Nej,SWE,,1991-07-28,,HELSINGBORGS IF,2012-2014,57,3,
8419,"SADIKU, LORET",Nej,SWE,,1991-07-28,,HAMMARBY IF,2022-2023,45,1,
9986,"SADIQ, IBRAHIM",Nej,GHA,,2000-05-07,,BK HÄCKEN,2022-2023,29,12,
9132,"SAEBBÖ, MÅNS",Nej,SWE,,2000-08-21,,IFK GÖTEBORG,2019,1,1,
8470,"SAEID, MOHAMMED",Nej,SWE,,1990-12-24,,ÖREBRO SK,2012-2014,44,3,
8470,"SAEID, MOHAMMED",Nej,SWE,,1990-12-24,,IK SIRIUS,2018-2021,76,13,
8954,"SAETRA, LARS",Nej,NOR,,1991-07-24,,HAMMARBY IF,2015-2016,48,2,
8954,"SAETRA, LARS",Nej,NOR,,1991-07-24,,KALMAR FF,2021-2023,87,6,
8955,"SAEVARSSON, BIRKIR MAR",Nej,ISL,,1984-11-11,,HAMMARBY IF,2015-2017,84,3,
8029,"SAEVARSSON, JONAS GUDNI",Nej,IS,,1983-11-28,,HALMSTADS BK,2009-2011,52,5,
7419,"SAFARI, BEHRANG",Nej,SWE,,1985-02-09,,MALMÖ FF,2004-2020,141,3,
7197,"SAGLIK, ERKAN",Nej,SWE,,1985-08-19,,IFK GÖTEBORG,2005,1,0,
7197,"SAGLIK, ERKAN",Nej,SWE,,1985-08-19,,GIF SUNDSVALL,2008,20,0,
7197,"SAGLIK, ERKAN",Nej,SWE,,1985-08-19,,SYRIANSKA FC,2011,17,1,
6202,"SAHLIN, DAN",Nej,SWE,,1967-04-18,,HAMMARBY IF,1995,24,12,
6202,"SAHLIN, DAN",Nej,SWE,,1967-04-18,,ÖREBRO SK,1996-1998,57,34,
6925,"SAHLMAN, MARCUS",Ja,SWE,,1985-01-02,,HALMSTADS BK,2004-2008,26,0,INBYTT SOM UTESP 04!
6925,"SAHLMAN, MARCUS",Ja,SWE,,1985-01-02,,TRELLEBORGS FF,2007-2008,25,0,
6925,"SAHLMAN, MARCUS",Ja,SWE,,1985-01-02,,IFK NORRKÖPING,2014,8,0,
9557,"SAIDI, ABDELRAHMAN",Nej,SWE,BOUDAH,1999-08-13,,DEGERFORS IF,2021-2022,40,9,
9557,"SAIDI, ABDELRAHMAN",Nej,SWE,BOUDAH,1999-08-13,,HAMMARBY IF,2022-2023,30,3,
6452,"SAKIRI, ARTIM",Nej,MAK,,1973-09-23,,HALMSTADS BK,1997-1998,43,8,
9189,"SAKOR, VAJEBAH",Nej,NOR,,1996-04-24,,IFK GÖTEBORG,2017-2018,35,5,
9963,"SALAOU, ABUNDANCE",Nej,ELF,,2004-07-05,,IFK GÖTEBORG,2022-2023,19,0,
6879,"SALEH, YUSSUFF",Nej,SWE,,1984-03-22,,AIK,2008-2009,14,0,
6879,"SALEH, YUSSUFF",Nej,SWE,,1984-03-22,,SYRIANSKA FC,2011-2012,48,2,
9238,"SALIH, JAUDET",Nej,SWE,,1997-07-10,,GIF SUNDSVALL,2017,11,0,
9558,"SALIHOVIC, DINO",Nej,SWE,,2002-12-02,,IFK NORRKÖPING,2021-2022,16,0,
9962,"SALISU, SAIDU",Nej,NIG,,2002-02-14,,IFK GÖTEBORG,2022,1,0,
9854,"SALMON, JUSTIN",Nej,SWE/LBR,,1999-01-25,,DEGERFORS IF,2021-2023,50,2,
3622,"SALOMONSSON, BENGT",Nej,SWE,SALLE,1935-09-28,1994-11-01,HELSINGBORGS IF,1956-1962,147,60,
7625,"SALOMONSSON, EMIL",Nej,SWE,,1989-04-28,,HALMSTADS BK,2009-2011,81,5,
7625,"SALOMONSSON, EMIL",Nej,SWE,,1989-04-28,,IFK GÖTEBORG,2011-2023,249,23,
2139,"SALOMONSSON, HELGE",Nej,SWE,,1912-09-30,1990-05-05,HELSINGBORGS IF,1935,9,9,IFK HÄSSLEH 41/42
6438,"SAMA, JOHN",Nej,SLE,,1972-03-24,,DEGERFORS IF,1997,5,0,
7475,"SAMPSON, CHARLES",Nej,GHA,,1980-11-24,,ASSYRISKA FF,2005,23,0,
9221,"SAMPSTED, ALFONS",Nej,ISL,,1998-04-06,,IFK NORRKÖPING,2017,2,0,
9470,SAMU,Nej,SPA,SAMUEL DE LAS REYES DOM,1992-02-15,,GIF SUNDSVALL,2018,9,0,
9035,"SAMUEL, MONDAY",Nej,NIG,,1993-11-12,,ÖSTERSUNDS FK,2016,5,0,
9035,"SAMUEL, MONDAY",Nej,NIG,,1993-11-12,,HELSINGBORGS IF,2016,13,1,
9035,"SAMUEL, MONDAY",Nej,NIG,,1993-11-12,,VARBERGS BOIS,2020,6,0,
2115,"SAMUELSSON, ARNE",Nej,SWE,,1911-05-11,1956-08-01,IF ELFSBORG,1932-1933,28,7,
2932,"SAMUELSSON, BERTIL",Nej,SWE,SAMPO,1923-01-17,1988-03-05,JÖNKÖPINGS SÖDRA IF,1946-1954,138,0,
4855,"SAMUELSSON, CHRISTER",Nej,SWE,,1953-09-16,,IFK SUNDSVALL,1977,19,2,
2119,"SAMUELSSON, ERLAND",Nej,SWE,SMULLE,1909-10-20,1997-02-27,GAIS,1938,4,0,
6422,"SAMUELSSON, FREDRIK",Nej,SWE,,1980-10-14,,ÖREBRO SK,2003-2007,47,1,
1570,"SAMUELSSON, GUNNAR",Nej,SWE,JACK,1905-11-10,1985-09-08,IF ELFSBORG,1927,1,0,
5566,"SAMUELSSON, GUNNAR",Nej,SWE,,1958-04-10,,ÖRGRYTE IS,1983-1987,99,13,
5566,"SAMUELSSON, GUNNAR",Nej,SWE,,1958-04-10,,GIF SUNDSVALL,1988-1991,46,5,
4259,"SAMUELSSON, HASSE-F/MV",Nej,SWE,,1941-06-11,2023-10-16,GAIS,1964-1970,112,34,FR KUNGSHAMN 63
1085,"SAMUELSSON, HERBERT",Nej,SWE,,1905-02-20,1980-08-27,IFK GÖTEBORG,1927-1932,124,1,
1085,"SAMUELSSON, HERBERT",Nej,SWE,,1905-02-20,1980-08-27,IS HALMIA,1933-1934,38,1,
2918,"SAMUELSSON, INGVAR",Nej,SWE,,1925-04-26,2018-05-29,IS HALMIA,1947-1950,68,0,
4810,"SAMUELSSON, KJELL",Nej,SWE,SLAMME,1951-08-22,,DJURGÅRDENS IF,1972-1979,173,37,
4290,"SAMUELSSON, KURT",Nej,SWE,,1944-04-17,,ÖREBRO SK,1964,2,0,
2902,"SAMUELSSON, LENNART",Nej,SWE,,1924-07-04,2012-11-27,IF ELFSBORG,1948-1954,126,2,
3604,"SAMUELSSON, LEO",Nej,SWE,,1930-09-11,2020-01-06,AIK,1954-1957,4,0,
5711,"SAMUELSSON, MAGNUS",Nej,SWE,,1972-04-15,,IFK NORRKÖPING,1990-2008,124,10,
5711,"SAMUELSSON, MAGNUS",Nej,SWE,,1972-04-15,,IF ELFSBORG,2002-2006,104,2,
6646,"SAMUELSSON, MAGNUS",Nej,SWE,,1971-05-21,,ÖSTERS IF,1998,25,0,
6646,"SAMUELSSON, MAGNUS",Nej,SWE,,1971-05-21,,DJURGÅRDENS IF,1999-2001,42,1,
6646,"SAMUELSSON, MAGNUS",Nej,SWE,,1971-05-21,,ÖREBRO SK,2003-2004,33,2,
5275,"SAMUELSSON, MIKAEL",Nej,SWE,,1960-03-03,,HAMMARBY IF,1983,3,0,
5275,"SAMUELSSON, MIKAEL",Nej,SWE,,1960-03-03,,AIK,1986-1988,7,0,
2917,"SAMUELSSON, MORGAN",Nej,SWE,,1926-05-24,2003-10-06,IFK GÖTEBORG,1946-1947,12,1,SEN SÄVEDALEN 50-59
1571,"SAMUELSSON, NILS",Nej,SWE,"JAPAN""KARLSSON",1904-02-03,1985-09-20,IFK NORRKÖPING,1925,1,0,FR DERBY
1571,"SAMUELSSON, NILS",Nej,SWE,"JAPAN""KARLSSON",1904-02-03,1985-09-20,IK SLEIPNER,1931-1932,37,4,
2116,"SAMUELSSON, NILS",Nej,SWE,,1919-04-12,1968-02-23,IF ELFSBORG,1938-1942,25,9,SEN IFK VÄSTERÅS
2919,"SAMUELSSON, OSWALD",Nej,SWE,OSSE,1919-03-29,1982-03-19,IS HALMIA,1947-1948,19,4,"EMMABODA, BROMÖLLA 41-"
4852,"SAMUELSSON, PER",Nej,SWE,,1948-05-07,,IF SAAB,1973,2,1,BK KENTY
8472,"SAMUELSSON, PETER",Nej,SWE,,1981-11-20,,ÖREBRO SK,2012,6,0,
6247,"SAMUELSSON, SVANTE",Nej,SWE,,1972-09-04,,ÖRGRYTE IS,1995-1998,76,6,
6247,"SAMUELSSON, SVANTE",Nej,SWE,,1972-09-04,,AIK,2002-2003,31,1,
6247,"SAMUELSSON, SVANTE",Nej,SWE,,1972-09-04,,KALMAR FF,2004-2005,45,3,
4941,"SAMUELSSON, TORD",Nej,SWE,,1954-11-24,,IS HALMIA,1979,26,3,
4258,"SAMUELSSON, YNGVE",Nej,SWE,,1941-02-12,,GAIS,1964-1972,123,0,
2114,"SAMUELSSON, ÅKE",Nej,SWE,,1913-10-23,1995-07-04,IF ELFSBORG,1931-1941,214,76,
2114,"SAMUELSSON, ÅKE",Nej,SWE,,1913-10-23,1995-07-04,IFK GÖTEBORG,1942,9,3,
6833,"SAMURA, KABBA",Nej,SLE,,1981-10-26,,IFK GÖTEBORG,2000-2002,16,3,
6833,"SAMURA, KABBA",Nej,SLE,,1981-10-26,,ASSYRISKA FF,2005,22,3,
8022,"SANA, TOBIAS",Nej,SWE,,1989-07-11,,IFK GÖTEBORG,2009-2022,129,15,
8022,"SANA, TOBIAS",Nej,SWE,,1989-07-11,,MALMÖ FF,2015-2017,31,1,
8022,"SANA, TOBIAS",Nej,SWE,,1989-07-11,,BK HÄCKEN,2022-2023,19,2,
2124,"SAND, JOHN",Nej,SWE,,1905-03-16,1954-05-12,GEFLE IF,1934,5,4,SEN MFF
2935,"SANDBERG, ARNE",Nej,SWE,,1927-03-21,2013-06-14,JÖNKÖPINGS SÖDRA IF,1946-1953,19,6,
4273,"SANDBERG, BENGT",Nej,SWE,,1940-09-29,1994-04-16,HÖGADALS IS,1962,4,0,
2899,"SANDBERG, BIRGER",Nej,SWE,FARSAN,1918-12-19,1998-06-26,DJURGÅRDENS IF,1946,2,0,
2141,"SANDBERG, CARL",Nej,SWE,,1911-05-13,1972-02-08,LANDSKRONA BoIS,1933,1,0,
2142,"SANDBERG, CARL-ERIK",Nej,SWE,PIGGE,1919-01-13,2000-09-27,MALMÖ FF,1939-1947,157,31,
4822,"SANDBERG, EIVE",Nej,SWE,OLOFSSON TID.,1950-05-03,2016-06-09,GAIS,1970-1975,16,0,
1554,"SANDBERG, ERNST",Ja,SWE,,1904-03-09,1990-09-14,LANDSKRONA BoIS,1925-1926,4,0,
3606,"SANDBERG, GÖSTA",Nej,SWE,KNIVSTA,1932-08-06,2006-04-27,DJURGÅRDENS IF,1952-1966,300,70,
4829,"SANDBERG, HANS",Nej,SWE,NIEMISEL,1949-02-20,2017-03-29,HAMMARBY IF,1971-1974,52,6,
4829,"SANDBERG, HANS",Nej,SWE,NIEMISEL,1949-02-20,2017-03-29,GIF SUNDSVALL,1975,23,0,
4861,"SANDBERG, HÅKAN",Nej,SWE,BAMBI,1958-07-27,,ÖREBRO SK,1976-1978,47,4,
4861,"SANDBERG, HÅKAN",Nej,SWE,BAMBI,1958-07-27,,IFK GÖTEBORG,1981-1984,71,34,
4861,"SANDBERG, HÅKAN",Nej,SWE,BAMBI,1958-07-27,,GIF SUNDSVALL,1988-1989,41,15,
4247,"SANDBERG, INGVAR",Nej,SWE,,1943-06-04,,DJURGÅRDENS IF,1968-1971,15,1,
4247,"SANDBERG, INGVAR",Nej,SWE,,1943-06-04,,HALMSTADS BK,1972-1974,30,0,
5340,"SANDBERG, LARS",Nej,SWE,,1957-06-25,,DJURGÅRDENS IF,1980-1986,49,0,
4246,"SANDBERG, LARS-OLOF",Nej,SWE,,1939-09-20,,DJURGÅRDENS IF,1960-1965,34,6,
8197,"SANDBERG, MARCUS",Ja,SWE,,1990-11-07,,IFK GÖTEBORG,2010-2014,43,0,
1564,"SANDBERG, MAURITZ",Nej,SWE,MOJE,1895-11-15,1981-11-04,IFK UDDEVALLA,1926-1927,19,2,
8074,"SANDBERG, NICOLAS",Nej,SWE,,1991-12-24,,ÖRGRYTE IS,2009,13,0,
6193,"SANDBERG, NIKLAS",Nej,SWE,,1978-09-03,,AIK,1997-2007,58,2,
6193,"SANDBERG, NIKLAS",Nej,SWE,,1978-09-03,,HELSINGBORGS IF,2000,5,0,
2304,"SANDBERG, NILS",Nej,SWE,SAMPA,1906-05-21,1973-12-05,STATTENA IF,1928-1930,13,0,
2936,"SANDBERG, OLLE",Nej,SWE,SVEN-OLOF,1929-07-04,2014-03-15,JÖNKÖPINGS SÖDRA IF,1949-1952,2,0,
4809,"SANDBERG, PER",Nej,SWE,,1955-05-28,,DJURGÅRDENS IF,1977,2,0,
6353,"SANDBERG, ROGER",Nej,SWE,,1972-06-12,,UMEÅ FC,1996,23,0,
6353,"SANDBERG, ROGER",Nej,SWE,,1972-06-12,,HAMMARBY IF,1999-2001,40,0,
4263,"SANDBERG, ROLAND",Nej,SWE,,1939-08-17,2006-01-05,IFK GÖTEBORG,1964,4,0,
4856,"SANDBERG, ROLAND",Nej,SWE,,1946-12-16,,ÅTVIDABERGS FF,1970-1973,71,52,
4856,"SANDBERG, ROLAND",Nej,SWE,,1946-12-16,,KALMAR FF,1979-1980,43,12,
8512,"SANDBERG, SIMON",Nej,SWE,,1994-03-25,,BK HÄCKEN,2013-2023,85,2,
8512,"SANDBERG, SIMON",Nej,SWE,,1994-03-25,,HAMMARBY IF,2018-2022,122,1,
3626,"SANDBERG, SIVERT",Nej,SWE,,1931-02-19,1995-09-21,JÖNKÖPINGS SÖDRA IF,1954,6,0,"HUSQV 55,ANEBY 62,HUSQ 63"
2898,"SANDBERG, SIXTEN",Nej,SWE,KRITAS,1919-09-26,1991-08-24,DJURGÅRDENS IF,1946-1947,17,5,
2104,"SANDBERG, ÅKE",Ja,SWE,POLO JOE,1919-08-01,2009-01-26,IF ELFSBORG,1939-1949,216,0,
2104,"SANDBERG, ÅKE",Ja,SWE,POLO JOE,1919-08-01,2009-01-26,AIK,1950-1951,11,0,
7858,"SANDBERG MAGNUSSON, ANTON",Nej,SWE,,1993-08-27,,IF BROMMAPOJKARNA,2013,7,0,
8004,"SANDBERG-MAGNUSSON, GUSTAV",Nej,SWE,,1992-02-03,,IF BROMMAPOJKARNA,2009-2023,97,8,
3633,"SANDBRING, SUNE",Nej,SWE,GRUS,1928-04-10,2021-10-01,MALMÖ FF,1950-1958,153,0,
1569,"SANDEGREN, KNUT",Nej,SWE,BASKEN,1902-03-27,1996-08-09,ÖRGRYTE IS,1926-1927,24,0,
5913,"SANDELL, FREDRIK",Nej,SWE,,1972-12-24,,TRELLEBORGS FF,1992-1998,103,24,
5132,"SANDELL, JÖRGEN",Nej,SWE,,1957-03-03,,HAMMARBY IF,1981-1985,33,2,
3634,"SANDELL, NILS-ÅKE",Nej,SWE,KAJAN,1927-02-05,1992-05-29,MALMÖ FF,1953-1958,72,64,
2942,"SANDELL, THORE",Nej,SWE,,1920-07-02,2004-05-12,MALMÖ FF,1942,1,0,
3640,"SANDELL, TORE",Nej,SWE,,1925-06-19,1997-08-03,NORRBY IF,1956,22,0,
4837,"SANDER, MIKAEL",Nej,SWE,,1956-10-06,,LANDSKRONA BoIS,1974-1975,6,0,
2154,"SANDERSSON, OSCAR",Nej,SWE,,1913-05-11,1988-06-21,ÖRGRYTE IS,1937,4,0,FR GAIK 3608
2905,"SANDGREN, ARNE",Nej,SWE,,1918-06-02,1987-12-14,IF ELFSBORG,1941-1943,20,0,EJ 210409
4275,"SANDGREN, BORIS",Nej,SWE,,1946-10-11,2019-04-28,JÖNKÖPINGS SÖDRA IF,1969,2,0,
2929,"SANDIN, HARRY",Nej,SWE,HAJJE,1927-02-10,1990-10-27,HELSINGBORGS IF,1947,1,0,
2929,"SANDIN, HARRY",Nej,SWE,HAJJE,1927-02-10,1990-10-27,RÅÅ IF,1952,1,0,
3643,"SANDIN, HERBERT",Nej,SWE,,1928-03-16,2007-12-27,IFK NORRKÖPING,1951-1958,174,66,
1562,"SANDIN, NILS",Nej,SWE,,1903-03-24,1963-01-16,IFK NORRKÖPING,1926-1927,7,1,
2891,"SANDIN, SIGVARD",Nej,SWE,SIGGE,1922-05-18,1957-09-15,AIK,1942-1943,4,0,
6635,"SANDKLEF, MIKAEL",Nej,SWE,,1973-07-03,,VÄSTRA FRÖLUNDA IF,1998-1999,46,5,
6635,"SANDKLEF, MIKAEL",Nej,SWE,,1973-07-03,,IFK GÖTEBORG,2000-2005,102,8,
6635,"SANDKLEF, MIKAEL",Nej,SWE,,1973-07-03,,GAIS,2006,9,0,
7297,"SANDQVIST, JONAS",Ja,SWE,,1981-05-06,,LANDSKRONA BoIS,2003-2005,57,0,
7297,"SANDQVIST, JONAS",Ja,SWE,,1981-05-06,,MALMÖ FF,2006-2009,78,0,
7297,"SANDQVIST, JONAS",Ja,SWE,,1981-05-06,,ÖREBRO SK,2012,16,0,
1547,"SANDSTRÖM, HERBERT",Nej,SWE,,1900-11-11,1986-01-15,IFK GÖTEBORG,1925-1926,15,1,
6148,"SANDSTRÖM, PATRIK",Nej,SWE,,1970-10-07,,IFK NORRKÖPING,1994-1996,58,6,
6148,"SANDSTRÖM, PATRIK",Nej,SWE,,1970-10-07,,ÖRGRYTE IS,1999-2001,29,0,
4255,"SANDSTRÖM, ROLAND",Nej,SWE,,1935-06-09,,IF ELFSBORG,1961-1962,19,1,FR MARKARYD
4255,"SANDSTRÖM, ROLAND",Nej,SWE,,1935-06-09,,IS HALMIA,1963,22,2,
6363,"SANDVÄRN, ERIK",Nej,SWE,,1975-09-04,,UMEÅ FC,1996,5,0,
5559,"SANKALA, MIKA",Nej,FIN,,1964-11-16,,GIF SUNDSVALL,1987-1989,16,0,
7410,"SANTIN, CESAR",Nej,BRA,,1981-02-24,,KALMAR FF,2004-2014,116,31,
6844,"SANTOS, ALVARO",Nej,BRA,ALVARO MARCIO DOS SANTOS,1980-01-30,,HELSINGBORGS IF,2000-2014,131,45,
6844,"SANTOS, ALVARO",Nej,BRA,ALVARO MARCIO DOS SANTOS,1980-01-30,,ÖRGRYTE IS,2009,19,10,
6844,"SANTOS, ALVARO",Nej,BRA,ALVARO MARCIO DOS SANTOS,1980-01-30,,GAIS,2011,16,6,
8359,"SANTOS, BRUNO",Nej,BRA,,1983-08-31,,IFK NORRKÖPING,2011,7,0,
7819,"SANTOS, RICARDO",Nej,BRA,,1987-02-13,,KALMAR FF,2007-2011,80,22,R.HENRIQUE DA SILVA DOS S
7819,"SANTOS, RICARDO",Nej,BRA,,1987-02-13,,DJURGÅRDENS IF,2012,14,3,
7819,"SANTOS, RICARDO",Nej,BRA,,1987-02-13,,ÅTVIDABERGS FF,2013-2014,40,18,
8543,"SANTOS KOPPE, IGOR",Nej,BRA,,1992-03-31,,SYRIANSKA FC,2013,3,0,
7677,"SARAIVA, MARCIO",Nej,BRA,,1981-06-20,,AIK,2006,5,0,MARCIO COSTA SARAIVA
7159,"SARAJÄRVI, JANI",Nej,FIN,,1979-09-09,,IFK NORRKÖPING,2002,14,0,
9219,"SARFO, KINGSLEY",Nej,GHA,,1995-02-13,,IK SIRIUS,2017,11,3,
9219,"SARFO, KINGSLEY",Nej,GHA,,1995-02-13,,MALMÖ FF,2017,8,2,
7073,"SARKIS, EDER",Nej,SWE,,1986-08-13,,IF ELFSBORG,2005,1,0,"BR MOLLAR, F I SYR"
9482,"SARKODIE, KOFI",Nej,USA/GHA,,1991-03-22,,TRELLEBORGS FF,2018,11,0,
9559,"SARR, AMIN",Nej,SWE,,2001-03-11,,MALMÖ FF,2020-2021,20,1,
9559,"SARR, AMIN",Nej,SWE,,2001-03-11,,MJÄLLBY AIF,2021,19,8,
3605,"SARWE, BENGT",Nej,SWE,,1935-03-11,,DEGERFORS IF,1954-1956,10,1,
7505,"SASCHENKA, DZIANIS",Nej,BLR,,1981-10-03,,HALMSTADS BK,2005,11,0,EL. SASJTJEKA
7542,"SAUSO, JUKKA",Nej,FIN,,1982-06-20,,ÖRGRYTE IS,2005-2006,37,1,
4590,"SAVAGE, DEMBA",Nej,GAM,,1988-06-17,,BK HÄCKEN,2016,19,3,
4799,"SAVERSTAM, PETER",Nej,SWE,,1954-06-26,,AIK,1974-1975,4,0,UTV SPA
5035,"SAWERMAN, LEIF",Nej,SWE,,1959-07-14,,ÖREBRO SK,1978,2,0,
8979,"SAXTON, LLOYD",Ja,ENG,,1990-04-18,,GIF SUNDSVALL,2015-2019,6,0,
7695,"SCHAFFER, JOSÉ",Nej,ARG,,1985-12-16,,IFK GÖTEBORG,2006,3,0,JOSÉ ALBERTO
4285,"SCHENELL, LEIF",Nej,SWE,,1949-05-12,,ÅTVIDABERGS FF,1968-1970,8,0,FR EDSBRUKS IF
7546,"SCHEWELEFF, HENRI",Nej,FIN,,1983-04-15,,ÖRGRYTE IS,2005-2006,12,0,
2155,"SCHÉELE, HENRY",Nej,SWE,,1909-05-08,1977-08-19,REDBERGSLIDS IK,1931,2,0,MARIEHOLM
2155,"SCHÉELE, HENRY",Nej,SWE,,1909-05-08,1977-08-19,ÖRGRYTE IS,1934-1935,14,5,
5406,"SCHILLER, DENNIS",Nej,SWE,,1965-05-18,,IFK GÖTEBORG,1985-1986,6,0,
4935,"SCHILLER, GLENN",Nej,SWE,,1960-03-28,,IFK GÖTEBORG,1979-1985,125,16,
4935,"SCHILLER, GLENN",Nej,SWE,,1960-03-28,,DJURGÅRDENS IF,1986-1992,105,2,
5117,"SCHINKELS, FRANK",Nej,NED,,1963-01-09,,HALMSTADS BK,1981-1982,35,2,SEN ÖSTERRIKISK MEDB
2924,"SCHIRMER, OSCAR",Nej,SWE,NICKO,1907-03-22,1941-12-30,HAMMARBY IF,1940,5,0,
2915,"SCHMIDT, GÖSTA",Nej,SWE,,1924-01-09,2013-02-01,IFK GÖTEBORG,1943-1950,13,0,
1551,"SCHMÄGERS, HENRY",Nej,SWE,SMEGEN,1901-12-06,1966-05-11,HAMMARBY IF,1925,4,0,F GUSTAVSSON
1535,"SCHOUGH, ARVID",Nej,SWE,NEGUS,1908-04-17,1973-05-08,WESTERMALMS IF,1929,19,7,SEN HAMM 39
1535,"SCHOUGH, ARVID",Nej,SWE,NEGUS,1908-04-17,1973-05-08,DJURGÅRDENS IF,1937,14,6,
4248,"SCHRAMM, ULF",Nej,SWE,,1936-11-12,2021-12-20,DJURGÅRDENS IF,1960-1964,15,3,
5042,"SCHRÖDER, MATS",Nej,SWE,,1960-03-06,,ÖSTERS IF,1979,1,0,
3601,"SCHWARTZ, KARL",Nej,SWE,,1929-11-05,1993-12-27,AIK,1950,1,0,
3652,"SCHWARTZ, VILGOT",Nej,SWE,VILLE,1936-03-11,2019-01-26,ÖRGRYTE IS,1959-1967,182,1,HESTRAFORS 73.SLUT 74
5505,"SCHWARZ, STEFAN",Nej,SWE,,1969-04-18,,MALMÖ FF,1988-1990,29,0,
9037,"SCHÜLLER, RASMUS",Nej,FIN,,1991-06-18,,BK HÄCKEN,2016,18,1,
9037,"SCHÜLLER, RASMUS",Nej,FIN,,1991-06-18,,DJURGÅRDENS IF,2021-2023,72,2,
2913,"SCHÖN, ÅKE",Nej,SWE,,1920-04-16,1996-01-06,GAIS,1942-1943,17,0,
2904,"SCHÖNNING, ERIK",Nej,SWE,,1917-05-29,2006-12-19,IF ELFSBORG,1941-1945,45,17,FR SANDARED
2112,"SCHÖNNING, SIGFRID",Nej,SWE,,1913-01-15,2002-08-27,DJURGÅRDENS IF,1937,1,0,HANDBOLLSPELARE
2113,"SCHÖNWALL, OLLE",Nej,SWE,,1916-02-26,1982-09-06,DJURGÅRDENS IF,1937,1,0,
8989,"SEATON, MICHAEL",Nej,JAM,,1996-05-01,,ÖREBRO SK,2015,4,0,
6129,"SEFORT, PER",Nej,DAN,,1966-03-21,,LANDSKRONA BoIS,1994,19,1,
9741,"SEGER, DAVID",Nej,SWE,,1999-07-15,,ÖREBRO SK,2020-2021,56,4,
2916,"SEGERDAHL, STIG",Nej,SWE,,1924-01-21,2000-01-07,IFK GÖTEBORG,1949-1952,14,1,
6546,"SEGERSTRÖM, PONTUS",Nej,SWE,,1981-02-17,2014-10-13,LANDSKRONA BoIS,2005,24,2,
6546,"SEGERSTRÖM, PONTUS",Nej,SWE,,1981-02-17,2014-10-13,IF BROMMAPOJKARNA,2010-2014,61,3,
2132,"SEGERSTRÖM, ÅKE",Nej,SWE,,1910-08-31,1976-02-28,IS HALMIA,1933,2,0,
4289,"SEHLBERG, LARS-BÖRJE",Nej,SWE,,1947-03-18,,ÖREBRO SK,1966-1969,6,0,
6873,"SEIDOU, ADBEL",Nej,TOG,,1972-01-08,,ÖREBRO SK,2000,3,0,
1555,"SEIFERT, OSCAR",Nej,SWE,,1901-11-10,1985-06-18,IFK MALMÖ,1925-1926,38,6,
9998,"SEJDIU, PATRIOT",Nej,SWE,,2000-05-05,,MALMÖ FF,2022-2023,29,5,
6322,"SELAKOVIC, STEFAN",Nej,SWE,,1977-01-09,,HALMSTADS BK,1996-2013,147,42,
6322,"SELAKOVIC, STEFAN",Nej,SWE,,1977-01-09,,IFK GÖTEBORG,2005-2012,201,41,
4267,"SELANDER, HANS",Nej,SWE,,1945-03-15,2023-12-15,HELSINGBORGS IF,1963-1968,89,7,
4267,"SELANDER, HANS",Nej,SWE,,1945-03-15,2023-12-15,IK SIRIUS,1973-1974,45,11,
4267,"SELANDER, HANS",Nej,SWE,,1945-03-15,2023-12-15,HALMSTADS BK,1975-1981,166,17,
2305,"SELÉN, AXEL-CF/MV",Nej,SWE,,1912-06-16,1986-04-06,HALLSTAHAMMARS SK,1932,8,0,
9491,"SELLARS, JERELL",Nej,ENG,,1995-12-11,,ÖSTERSUNDS FK,2018-2021,35,2,
7637,"SELLIN, ROBBIN",Nej,SWE,,1990-04-12,,GIF SUNDSVALL,2012-2016,60,3,
1537,"SELLING, AUGUST",Nej,SWE,AGGE,1901-12-28,1980-11-11,AIK,1925-1928,28,0,
9726,"SELMANI, ASTRIT",Nej,SWE,,1997-05-13,,VARBERGS BOIS,2020,24,15,
9726,"SELMANI, ASTRIT",Nej,SWE,,1997-05-13,,HAMMARBY IF,2021-2022,39,11,
9726,"SELMANI, ASTRIT",Nej,SWE,,1997-05-13,,IFK GÖTEBORG,2023,12,0,
8344,"SELMANI, LIRIDON",Nej,SWE,,1992-06-12,,HALMSTADS BK,2011,3,0,
3625,"SELMOSSON, ARNE",Nej,SWE,MÅNSTRÅLEN,1931-03-29,2002-02-19,JÖNKÖPINGS SÖDRA IF,1951-1954,81,33,
9000,"SEMA, KEN",Nej,SWE,,1993-09-30,,ÖSTERSUNDS FK,2016-2018,58,8,
9000,"SEMA, KEN",Nej,SWE,,1993-09-30,,GIF SUNDSVALL,2018,24,7,
7941,"SEMA, MAIC",Nej,SWE,,1988-12-02,,HAMMARBY IF,2008-2009,15,0,
7941,"SEMA, MAIC",Nej,SWE,,1988-12-02,,ÖREBRO SK,2016-2017,55,12,
7941,"SEMA, MAIC",Nej,SWE,,1988-12-02,,GIF SUNDSVALL,2018-2019,40,9,
7941,"SEMA, MAIC",Nej,SWE,,1988-12-02,,IFK NORRKÖPING,2019-2023,78,5,
8223,"SENATORE, SEBASTIAN",Nej,SWE,,1985-12-17,,GEFLE IF,2010-2012,25,0,
7602,"SENFTEN, MARKUS",Nej,SWE,,1978-03-19,,PANOS LJUNGSKILE SK,2008,20,0,
7826,"SENOGLU, OLCAY",Nej,DAN/TUR,OLLIE,1984-05-10,,TRELLEBORGS FF,2007-2008,23,2,
2911,"SERNROS, BERTIL",Nej,SWE,JOHANSSON TID.,1921-04-20,1993-09-30,GAIS,1942-1955,263,16,
6714,"SESTAN, MATE",Nej,KRO,,1971-02-12,2023-03-30,HAMMARBY IF,1999,11,4,
5914,"SEVERIN, OLA",Nej,SWE,,1964-11-20,,TRELLEBORGS FF,1992-1995,92,11,
4821,"SEVESTEDT, GLENN",Ja,SWE,,1954-01-19,,GAIS,1974-1975,28,0,
6295,"SEYOUM, BENYAM",Nej,SWE,,1980-01-19,,HAMMARBY IF,1998,1,0,
7006,"SHAABAN, RAMI",Ja,SW/EG,,1975-06-30,,DJURGÅRDENS IF,2001-2002,11,0,
7006,"SHAABAN, RAMI",Ja,SW/EG,,1975-06-30,,HAMMARBY IF,2008-2009,21,0,
9139,"SHABANI, LAORENT",Nej,SWE,,1999-08-19,,IK SIRIUS,2020-2022,65,2,
9139,"SHABANI, LAORENT",Nej,SWE,,1999-08-19,,IFK NORRKÖPING,2022-2023,32,4,
7567,"SHALA, FISNIK",Nej,SWE,,1989-01-16,,TRELLEBORGS FF,2008-2011,26,1,
9749,"SHAMOUN, NOAH",Nej,SWE,,2002-12-08,,KALMAR FF,2021-2023,74,6,
7705,"SHELTON, LUTON",Nej,JAM,,1985-11-11,2021-01-22,HELSINGBORGS IF,2006,19,9,
9400,"SHER, AIMAR",Nej,SWE,,2002-12-20,,HAMMARBY IF,2019-2021,31,1,
7124,"SHULEMAJA, BESIM",Nej,SWE,,1981-04-25,,HALMSTADS BK,2002-2003,4,0,
5709,"SHUTT, CARL",Nej,ENG,,1961-10-10,,MALMÖ FF,1990,1,0,
9999,"SIBY, MAHAMÉ",Nej,MALI,,1996-07-07,,MALMÖ FF,2022-2023,3,0,
9938,"SICHENJE, COLLINS",Nej,KEN,,2003-09-19,,AIK,2022,8,0,
9803,"SIDKLEV, FILIP",Ja,SWE,,2005-03-12,,IF BROMMAPOJKARNA,2023,20,0,
6648,"SIGBJÖRNSSON, THORVALDUR",Nej,ISL,,1974-11-26,,ÖSTERS IF,1998,5,1,THORVALDUR MAKAN
5306,"SIGFRIDS, OLA",Nej,SWE,,1963-04-17,,IK BRAGE,1984-1986,10,0,
4846,"SIGFRIDSSON, GERT",Nej,SWE,,1946-09-30,,MALMÖ FF,1971,1,0,
1497,"SIGRELL, ÅKE",Nej,SWE,PLOCKIS,1911-11-01,1993-02-27,WESTERMALMS IF,1929,6,1,
1497,"SIGRELL, ÅKE",Nej,SWE,PLOCKIS,1911-11-01,1993-02-27,AIK,1930-1939,82,31,
1497,"SIGRELL, ÅKE",Nej,SWE,PLOCKIS,1911-11-01,1993-02-27,HAMMARBY IF,1940,4,0,
9578,"SIGTHORSSON, KOLBEINN",Nej,ISL,,1990-03-14,,AIK,2019-2020,35,3,
9578,"SIGTHORSSON, KOLBEINN",Nej,ISL,,1990-03-14,,IFK GÖTEBORG,2021,17,4,
8386,"SIGURBJÖRNSSON, EIDUR ARON",Nej,ISL,,1990-02-26,,ÖREBRO SK,2011-2015,35,1,
9223,"SIGURDSSON, ARNOR",Nej,ISL,,1999-05-15,,IFK NORRKÖPING,2017-2023,46,14,
7978,"SIGURDSSON, HANNES",Nej,ISL,,1983-04-10,,GIF SUNDSVALL,2008,25,6,
7978,"SIGURDSSON, HANNES",Nej,ISL,,1983-04-10,,MJÄLLBY AIF,2013,10,0,
9234,"SIGURDSSON, KRISTINN",Nej,ISL,,1991-12-25,,GIF SUNDSVALL,2017,27,1,
1638,"SIGURDSSON, RAGNAR",Nej,ISL,,1986-06-19,,IFK GÖTEBORG,2007-2011,125,12,
6235,"SIGURGEIRSSON, KRISTOFER",Nej,ISL,,1972-01-19,,VÄSTRA FRÖLUNDA IF,1995,1,0,
8976,"SIGURJONSSON, RUNAR MAR",Nej,ISL,,1990-06-18,,GIF SUNDSVALL,2015-2016,39,10,
7899,"SILFWER, PONTUS",Nej,SWE,,1991-08-14,,HALMSTADS BK,2017,12,1,
7899,"SILFWER, PONTUS",Nej,SWE,,1991-08-14,,GIF SUNDSVALL,2022,24,0,
7019,"SILJAK, ERMIN",Nej,SLN,,1973-05-11,,HAMMARBY IF,2001,4,0,
7013,"SILJANOSKI, JURICA",Nej,MAK,,1973-12-30,,IF ELFSBORG,2001-2003,35,3,
1584,"SILJEHOLM, OLLE",Nej,SWE,OLOV,1908-12-12,1978-10-16,IFK NORRKÖPING,1929-1930,15,0,
1584,"SILJEHOLM, OLLE",Nej,SWE,OLOV,1908-12-12,1978-10-16,IK SLEIPNER,1931-1932,4,1,
9043,"SILKA, LIRIDON",Nej,SWE,,1990-07-17,,JÖNKÖPINGS SÖDRA IF,2016,12,1,
8218,"SILLANPÄÄ, HENRI",Ja,FIN,,1979-06-04,,GAIS,2010-2012,32,0,
7135,"SILVA, REINALDO",Nej,BRA,,1980-02-04,,HELSINGBORGS IF,2002,1,0,R.JOSé ZACARIAS DA SILVA
9060,"SILVA, STEFAN",Nej,SWE,,1990-03-11,,GIF SUNDSVALL,2016,30,7,
9060,"SILVA, STEFAN",Nej,SWE,,1990-03-11,,AIK,2018-2021,28,1,
8502,"SILVERHOLT, OLIVER",Nej,SWE,,1994-06-22,,HALMSTADS BK,2013-2014,39,0,
8502,"SILVERHOLT, OLIVER",Nej,SWE,,1994-06-22,,HAMMARBY IF,2015-2016,16,0,
8502,"SILVERHOLT, OLIVER",Nej,SWE,,1994-06-22,,VARBERGS BOIS,2023,26,0,
8503,"SILVERHOLT, SIMON",Nej,SWE,,1993-06-17,,HALMSTADS BK,2013-2015,24,2,
9401,"SILVERHOLT, TAYLOR",Nej,SWE,,2001-04-04,,MJÄLLBY AIF,2020-2022,19,1,
6619,"SIMEUNOVIC, MILAN",Nej,MAK,,1967-05-14,,MALMÖ FF,1998-1999,14,0,
1576,"SIMONSON, ALEX",Nej,SWE,ALEXIS,1904-08-15,,GAIS,1928,2,0,EM USA
3651,"SIMONSSON, AGNE",Nej,SWE,,1935-10-19,2020-09-22,ÖRGRYTE IS,1959-1970,158,106,ÄNDR 1960 TILL 16 M
2937,"SIMONSSON, KARL",Nej,SWE,TIMPA,1919-01-18,1992-08-13,JÖNKÖPINGS SÖDRA IF,1946-1951,93,60,
8504,"SIMOVIC, ROBIN",Nej,SWE,,1991-05-29,,HELSINGBORGS IF,2013-2015,64,20,
8504,"SIMOVIC, ROBIN",Nej,SWE,,1991-05-29,,VARBERGS BOIS,2021-2022,44,10,
5824,"SIMPSON, PASCAL",Nej,VTY,PAGGE,1971-05-04,,AIK,1991-1997,161,48,SV MEDB 91
5824,"SIMPSON, PASCAL",Nej,VTY,PAGGE,1971-05-04,,HALMSTADS BK,2002,11,3,
6620,"SIMUNDZA, ANTE",Nej,SVN,,1971-09-28,,MALMÖ FF,1998,3,0,
9216,"SINGH, HARMEET",Nej,NOR,,1990-11-12,,KALMAR FF,2017,10,0,
6220,"SIPÖCZ, FERDINAND",Nej,SWE,,1971-01-07,,DJURGÅRDENS IF,1995,2,0,
9229,"SIRELIUS, IAN",Nej,SWE,,1987-10-28,,IK SIRIUS,2017-2019,56,5,
7935,"SISE, JOE",Nej,SWE,,1989-12-12,,HALMSTADS BK,2008-2011,58,11,
4278,"SIVNERT, ULF",Nej,SWE,,1945-03-17,,MALMÖ FF,1965-1966,14,2,
7349,"SIWE, TOM",Nej,SWE,,1987-03-02,,JÖNKÖPINGS SÖDRA IF,2016-2017,53,1,
6981,"SJANIC, SASA",Ja,SWE,,1986-02-18,,IFK NORRKÖPING,2008,1,0,EG ALEXANDR
6981,"SJANIC, SASA",Ja,SWE,,1986-02-18,,GEFLE IF,2014,5,0,
9686,"SJÖBERG, AXEL",Nej,SWE,,2000-04-12,,HAMMARBY IF,2020-2021,3,0,
4803,"SJÖBERG, BENGT",Nej,SWE,,1946-08-29,2006-12-21,BRYNÄS IF,1974,24,0,
3655,"SJÖBERG, BERNT-HI",Nej,SWE,BERSA,1928-04-23,2004-08-27,VÄSTERÅS SK,1956,6,0,
1582,"SJÖBERG, BERTIL",Nej,SWE,,1910-05-16,1985-07-11,ÖRGRYTE IS,1929-1930,24,7,
4276,"SJÖBERG, BO",Nej,SWE,,1940-02-09,2001-10-20,JÖNKÖPINGS SÖDRA IF,1960,14,4,
3649,"SJÖBERG, BÖRJE-VY",Nej,SWE,,1939-11-22,2017-04-07,VÄSTERÅS SK,1957,1,0,
2151,"SJÖBERG, EVERT",Nej,SWE,SKRATTET,1915-01-24,1999-06-02,ÖRGRYTE IS,1938-1939,21,0,"FR MASTH BK 38, GFF 39/40"
9619,"SJÖBERG, FILIP",Nej,SWE,,2000-04-12,,HELSINGBORGS IF,2019-2020,16,0,
1565,"SJÖBERG, GUNNAR",Nej,SWE,,1902-12-23,1970-02-02,VÄSTERÅS IK,1925,19,0,
2099,"SJÖBERG, GUSTAF",Ja,SWE,GURRA,1913-03-23,2003-10-03,AIK,1933-1950,321,0,
1539,"SJÖBERG, GÖSTA",Nej,SWE,GUSTAV,1897-11-16,1982-01-19,IK CITY,1926,21,1,
4296,"SJÖBERG, HANS",Nej,SWE,,1939-02-05,,SANDVIKENS IF,1961,11,1,
1541,"SJÖBERG, HELGE",Nej,SWE,,1905-03-20,1947-01-06,IK CITY,1926,4,2,
2306,"SJÖBERG, IVAR",Ja,SWE,IVAN DIXIE,1909-09-27,1989-12-25,IFK MALMÖ,1930,1,0,
4251,"SJÖBERG, JAN-ERIK",Nej,SWE,PRILLAN,1946-09-14,,DJURGÅRDENS IF,1965-1973,173,16,
4251,"SJÖBERG, JAN-ERIK",Nej,SWE,PRILLAN,1946-09-14,,LANDSKRONA BoIS,1974-1977,104,4,
6400,"SJÖBERG, JOHAN",Nej,SWE,,1980-11-14,,IF ELFSBORG,1999-2008,142,2,
6400,"SJÖBERG, JOHAN",Nej,SWE,,1980-11-14,,ÖRGRYTE IS,2009,2,0,
4830,"SJÖBERG, ROLF",Nej,SWE,PUTTE,1946-08-17,,HAMMARBY IF,1973-1974,6,0,
2909,"SJÖBERG, SVEN",Nej,SWE,,1913-01-17,1997-02-17,IFK ESKILSTUNA,1943,16,0,
2152,"SJÖBERG, TAGE",Nej,SWE,,1912-12-18,1995-12-07,ÖRGRYTE IS,1934,1,0,
4844,"SJÖBERG, THOMAS",Nej,SWE,,1952-07-06,,MALMÖ FF,1974-1982,180,80,
4828,"SJÖBERG, TOMAS",Nej,SWE,,1953-12-21,2021-08-08,HAMMARBY IF,1974-1977,52,9,
4828,"SJÖBERG, TOMAS",Nej,SWE,,1953-12-21,2021-08-08,ÖREBRO SK,1978,3,0,
2892,"SJÖBLOM, CARL",Nej,SWE,,1911-07-17,2007-11-17,AIK,1942,1,0,
4268,"SJÖBLOM, KENNETH",Nej,SWE,,1944-09-17,,IFK HOLMSUND,1967,20,9,
4268,"SJÖBLOM, KENNETH",Nej,SWE,,1944-09-17,,IS HALMIA,1979,3,0,
3617,"SJÖBLOM, SVEN",Nej,SWE,,1929-01-29,2012-02-23,IFK GÖTEBORG,1950-1955,79,17,CITY 58
3617,"SJÖBLOM, SVEN",Nej,SWE,,1929-01-29,2012-02-23,VÄSTERÅS SK,1956-1957,32,10,
4270,"SJÖDAHL, OLA",Nej,SWE,,1949-05-26,,HELSINGBORGS IF,1966-1968,8,0,
4270,"SJÖDAHL, OLA",Nej,SWE,,1949-05-26,,JÖNKÖPINGS SÖDRA IF,1969,15,3,
4964,"SJÖDAHL, OLLE",Nej,SWE,,1958-05-27,,HALMSTADS BK,1979,7,0,
4281,"SJÖDIN, LARS",Nej,SWE,,1947-03-07,2022-12-22,IK SIRIUS,1969,11,3,"FR DOMSJÖ, SEN OPE"
6822,"SJÖFORS, SIMON",Nej,SWE,,1973-07-08,,GAIS,2000,24,3,
9916,"SJÖGRELL, HERMAN",Nej,SWE,,2001-05-08,,IK SIRIUS,2021-2023,23,1,
3654,"SJÖGREN, BENGT",Nej,SWE,,1925-01-14,1997-10-13,SANDVIKENS IF,1954-1958,71,35,AVESTA AIK TR 58-
4798,"SJÖGREN, BO",Nej,SWE,,1948-09-27,1988-07-25,AIK,1972-1976,48,8,
1082,"SJÖGREN, HUGO",Nej,SWE,HUGGE,1905-10-29,1973-08-02,AIK,1926-1937,143,2,
4988,"SJÖGREN, JAN",Nej,SWE,SMOLLA,1956-12-12,,MALMÖ FF,1978,1,0,
4988,"SJÖGREN, JAN",Nej,SWE,SMOLLA,1956-12-12,,TRELLEBORGS FF,1985,22,0,
4857,"SJÖGREN, LARS",Nej,SWE,,1955-05-04,,ÅTVIDABERGS FF,1976-1979,13,1,
5612,"SJÖGREN, LENNART",Nej,SWE,,1965-11-21,,ÖREBRO SK,1989-1994,85,11,
7081,"SJÖHAGE, JOAKIM",Nej,SWE,,1986-09-27,,IF ELFSBORG,2004-2008,79,12,
7081,"SJÖHAGE, JOAKIM",Nej,SWE,,1986-09-27,,TRELLEBORGS FF,2009-2011,48,8,
4962,"SJÖHOLM, BENGT",Nej,SWE,,1953-10-04,,HALMSTADS BK,1979-1981,58,0,
2930,"SJÖHOLM, BROR",Nej,SWE,,1920-12-30,1993-10-03,HELSINGBORGS IF,1945,1,0,"SEN IFKM,TRÄN ALLIANS"
3003,"SJÖHOLM, THORE",Nej,SWE,,1916-10-17,1995-06-20,LANDSKRONA BoIS,1941,1,0,
2136,"SJÖLIN, GÖSTA",Nej,SWE,,1914-09-19,1955-10-30,HELSINGBORGS IF,1938-1947,107,0,
5434,"SJÖLIN, ULF",Nej,SWE,MUFFIN,1961-03-27,,HALMSTADS BK,1982-1989,102,1,
4280,"SJÖLUND, CHRISTER",Nej,SWE,,1945-11-13,,IFK NORRKÖPING,1967,9,3,
4280,"SJÖLUND, CHRISTER",Nej,SWE,,1945-11-13,,IK SIRIUS,1974,19,1,
7260,"SJÖLUND, DANIEL",Nej,FIN,DAJA,1983-04-22,,DJURGÅRDENS IF,2003-2012,205,27,
7260,"SJÖLUND, DANIEL",Nej,FIN,DAJA,1983-04-22,,ÅTVIDABERGS FF,2013-2014,51,6,
7260,"SJÖLUND, DANIEL",Nej,FIN,DAJA,1983-04-22,,IFK NORRKÖPING,2015-2018,88,6,
4831,"SJÖLUND, REIDAR",Nej,SWE,,1951-04-25,,HAMMARBY IF,1974-1975,5,0,
2908,"SJÖQVIST, RICKARD",Nej,SWE,,1918-12-23,2004-04-18,IF ELFSBORG,1948,2,0,FR HAGALUND
3615,"SJÖRÉN, LEIF",Nej,SWE,,1929-10-02,2003-03-22,GAIS,1950,1,0,FR/T HÄCKEN
5629,"SJÖSTEDT, NICLAS",Nej,SWE,,1964-10-23,,ÖRGRYTE IS,1987-2000,261,22,
7801,"SJÖSTEDT, RASMUS",Nej,SWE,,1992-02-28,,KALMAR FF,2012-2023,90,1,
7801,"SJÖSTEDT, RASMUS",Nej,SWE,,1992-02-28,,FALKENBERGS FF,2014-2016,72,1,
2120,"SJÖSTEN, GÖTE",Nej,SWE,KNUBBEN,1918-01-19,1999-10-29,GAIS,1938-1947,120,43,
1083,"SJÖSTEN, ISIDOR",Nej,SWE,ISSE,1908-01-06,1973-02-28,IF ELFSBORG,1929-1934,30,4,
7269,"SJÖSTEN, ROBERT",Nej,SWE,,1976-02-29,,ENKÖPINGS SK,2003,16,0,
2138,"SJÖSTRAND, ARNE",Nej,SWE,FOKKER,1913-08-01,2010-01-21,HELSINGBORGS IF,1939,2,0,
1557,"SJÖSTRAND, ERIK",Ja,SWE,JACK,1893-09-15,1956-02-15,IFK MALMÖ,1925,1,0,
3639,"SJÖSTRAND, JAN-INGE",Nej,SWE,,1933-05-14,1968-09-29,IFK MALMÖ,1953,20,6,
3627,"SJÖSTRAND, KARL-ERIK",Nej,SWE,,1920-05-07,2008-08-06,JÖNKÖPINGS SÖDRA IF,1950-1953,72,0,
6440,"SJÖSTRAND, MAGNUS",Nej,SWE,,1978-06-19,,DEGERFORS IF,1997,3,0,"SEN GEFLE, HAMRÅNGE"
2328,"SJÖSTRAND, SVEN",Nej,SWE,,1918-02-01,1997-01-22,GÅRDA BK,1940-1942,9,0,
4245,"SJÖSTRÖM, GÖRAN",Nej,SWE,,1946-05-28,,DEGERFORS IF,1966,1,0,
4262,"SJÖSTRÖM, JAN",Nej,SWE,MUSEN,1948-04-10,2013-09-12,IFK GÖTEBORG,1968,9,1,
4262,"SJÖSTRÖM, JAN",Nej,SWE,MUSEN,1948-04-10,2013-09-12,HAMMARBY IF,1970-1979,217,73,
5293,"SJÖSTRÖM, JOACIM",Ja,SWE,WITT,1964-08-31,,DJURGÅRDENS IF,1986-1988,39,0,LJUSDAL 92
5293,"SJÖSTRÖM, JOACIM",Ja,SWE,WITT,1964-08-31,,AIK,1989-1990,41,0,
4242,"SJÖSTRÖM, LARS",Nej,SWE,,1939-06-26,,IS HALMIA,1963,20,12,FR LIDHULT
4242,"SJÖSTRÖM, LARS",Nej,SWE,,1939-06-26,,AIK,1964-1965,14,9,
4265,"SJÖSTRÖM, ROLAND",Ja,SWE,,1931-02-13,2013-08-17,IS HALMIA,1963,13,0,FR HYLTE
5332,"SJÖÖ, ANDERS",Nej,SWE,,1970-02-14,,IK BRAGE,1989-1993,29,3,
5332,"SJÖÖ, ANDERS",Nej,SWE,,1970-02-14,,HALMSTADS BK,1996,2,0,
5332,"SJÖÖ, ANDERS",Nej,SWE,,1970-02-14,,VÄSTERÅS SK,1997,21,0,
4266,"SJÖÖ, HÅKAN",Nej,SWE,,1938-01-27,2021-10-21,IS HALMIA,1963,1,0,FR REFTELE
8852,"SKAGESTAD, EDVARD",Nej,NOR,,1988-07-06,,IFK NORRKÖPING,2014,18,2,
4804,"SKALK, ARNE",Ja,SWE,,1952-03-08,,BRYNÄS IF,1974,16,0,
4804,"SKALK, ARNE",Ja,SWE,,1952-03-08,,GEFLE IF,1983-1984,31,0,
5133,"SKALLEBERG, ROGER",Ja,SWE,,1960-12-04,,HAMMARBY IF,1984-1985,36,0,
5706,"SKAMMELSRUD, BENT",Nej,NOR,,1966-05-18,,MALMÖ FF,1990,20,2,
5527,"SKARIN, TOM",Nej,SWE,,1963-01-25,,ÅTVIDABERGS FF,1982,11,1,
5527,"SKARIN, TOM",Nej,SWE,,1963-01-25,,IFK NORRKÖPING,1986-1988,22,1,
7844,"SKENDEROVIC, HARIS",Nej,SWE,,1981-11-03,,SYRIANSKA FC,2012-2013,52,1,
2109,"SKEPPSTEDT, EINAR",Nej,SWE,SKEPPARN,1911-05-30,1990-07-12,DEGERFORS IF,1939-1941,29,0,
6613,"SKILJO, IVICA",Nej,SWE,,1980-03-08,,BK HÄCKEN,1998-2001,17,0,
6613,"SKILJO, IVICA",Nej,SWE,,1980-03-08,,TRELLEBORGS FF,2004,21,0,
6613,"SKILJO, IVICA",Nej,SWE,,1980-03-08,,ÖRGRYTE IS,2006,17,0,
3603,"SKIÖLD, LEIF",Nej,SWE,,1935-07-28,2014-10-27,AIK,1955-1959,89,48,
3603,"SKIÖLD, LEIF",Nej,SWE,,1935-07-28,2014-10-27,DJURGÅRDENS IF,1960-1964,54,43,
8312,"SKJELVIK, JÖRGEN",Nej,NOR,,1991-07-05,,HELSINGBORGS IF,2011,3,1,
8312,"SKJELVIK, JÖRGEN",Nej,NOR,,1991-07-05,,KALMAR FF,2012-2013,30,1,
8443,"SKJÖNSBERG, MORTEN",Nej,NOR,,1983-02-12,,IFK NORRKÖPING,2012-2014,67,0,
6672,"SKOGDALEN, ANDREAS",Nej,SWE,,1982-04-19,,VÄSTRA FRÖLUNDA IF,2000,10,0,
8773,"SKOGLUND, ALBIN",Nej,SWE,,1997-02-01,,BK HÄCKEN,2015,1,0,
3608,"SKOGLUND, ARNE",Nej,SWE,,1928-03-09,2011-01-06,IF ELFSBORG,1950,2,1,
3646,"SKOGLUND, GÖRAN",Nej,SWE,JÖPPE,1930-07-12,,SANDVIKENS AIK,1955,21,4,
3620,"SKOGLUND, KARL-EVERT",Nej,SWE,YA,1938-01-21,,HAMMARBY IF,1956-1965,132,43,
9230,"SKOGLUND, KIM",Nej,SWE,,1987-08-28,,IK SIRIUS,2017,28,1,
9230,"SKOGLUND, KIM",Nej,SWE,,1987-08-28,,GIF SUNDSVALL,2018,16,0,
3612,"SKOGLUND, LEIF",Nej,SWE,NACKA,1932-04-02,2006-07-16,GAIS,1952-1959,40,5,
3600,"SKOGLUND, LENNART",Nej,SWE,NACKA,1929-12-24,1975-07-08,AIK,1951,5,0,
3600,"SKOGLUND, LENNART",Nej,SWE,NACKA,1929-12-24,1975-07-08,HAMMARBY IF,1965-1967,24,0,
2105,"SKOGLUND, SIXTEN",Nej,SWE,JOMPA,1915-09-15,1973-01-10,IK BRAGE,1938-1940,39,18,T ÖREBRO SK 4008
2105,"SKOGLUND, SIXTEN",Nej,SWE,JOMPA,1915-09-15,1973-01-10,LUDVIKA FFI,1945,13,2,
2130,"SKOGMAN, NILS",Nej,SWE,,1916-02-17,1990-07-04,HALLSTAHAMMARS SK,1939,13,0,
9805,"SKOGMAR, ADRIAN",Nej,SWE,,2005-11-23,,MALMÖ FF,2023,5,0,
6014,"SKOOG, CHRISTOFFER",Nej,SWE,,1974-07-03,,HELSINGBORGS IF,1993-1995,6,0,
5919,"SKOOG, NIKLAS",Nej,SWE,,1974-06-15,,VÄSTRA FRÖLUNDA IF,1992-1995,63,23,
5919,"SKOOG, NIKLAS",Nej,SWE,,1974-06-15,,ÖREBRO SK,2000-2001,30,15,
5919,"SKOOG, NIKLAS",Nej,SWE,,1974-06-15,,MALMÖ FF,2001-2008,112,50,
5353,"SKOOG, PETER",Nej,SWE,,1965-02-11,,DJURGÅRDENS IF,1988-1992,85,21,
4814,"SKOOG, RONNY",Nej,SWE,,1953-02-22,2004-09-14,DJURGÅRDENS IF,1973-1974,9,0,
4813,"SKOTTE, ARNE",Nej,SWE,,1950-01-13,2020-12-25,DJURGÅRDENS IF,1972-1974,69,11,
4813,"SKOTTE, ARNE",Nej,SWE,,1950-01-13,2020-12-25,ÖREBRO SK,1975-1978,97,15,
9739,"SKOVGAARD, ANDREAS",Nej,DAN,,1997-03-27,,ÖREBRO SK,2020-2021,49,1,
8854,"SKRABB, SIMON",Nej,FIN,,1995-01-19,,ÅTVIDABERGS FF,2014-2015,46,4,
8854,"SKRABB, SIMON",Nej,FIN,,1995-01-19,,GEFLE IF,2016,28,7,
8854,"SKRABB, SIMON",Nej,FIN,,1995-01-19,,IFK NORRKÖPING,2017-2019,71,12,
8854,"SKRABB, SIMON",Nej,FIN,,1995-01-19,,KALMAR FF,2022-2023,57,12,
5704,"SKROBOWSKI, PIOTR",Nej,POL,,1961-10-16,,HAMMARBY IF,1990,7,0,
7710,"SKULASON, ARI FREYR",Nej,ISL,,1987-05-14,,BK HÄCKEN,2006,3,0,
7710,"SKULASON, ARI FREYR",Nej,ISL,,1987-05-14,,GIF SUNDSVALL,2008-2012,53,4,
7710,"SKULASON, ARI FREYR",Nej,ISL,,1987-05-14,,IFK NORRKÖPING,2021-2023,64,2,
7813,"SKULASSON, OLAFUR",Nej,ISL,,1983-04-01,,HELSINGBORGS IF,2007-2009,37,0,
5221,"SKURCZYNSKI, MAREK",Nej,POL,,1951-08-21,,TRELLEBORGS FF,1985,22,5,
2107,"SKÅLBERG, BENGT",Nej,SWE,POPPAN,1919-12-22,1993-03-06,DEGERFORS IF,1939-1951,106,22,
2108,"SKÅLBERG, NILS",Nej,SWE,,1915-07-04,2003-07-24,DEGERFORS IF,1939-1944,42,17,
1560,"SKÄRNELL, HENRIK",Nej,SWE,RÖRIS,1897-11-15,1969-02-18,IFK NORRKÖPING,1925-1926,2,0,
2128,"SKÖLD, BERTIL",Nej,SWE,,1910-06-11,1984-03-05,HALLSTAHAMMARS SK,1939,21,4,
1538,"SKÖLD, ERIC",Nej,SWE,BASSEN,1903-03-08,1965-05-30,AIK,1927-1929,20,9,
2146,"SKÖLD, HILDING",Nej,SWE,KILLA,1914-09-24,1991-03-22,IK SLEIPNER,1933-1940,40,11,
5467,"SKÖLD, TONI",Nej,SWE,,1965-09-09,,HAMMARBY IF,1987-1988,14,0,
7632,"SKÖLD, VICTOR",Nej,SWE,,1989-07-31,,ÅTVIDABERGS FF,2014-2015,45,8,
7632,"SKÖLD, VICTOR",Nej,SWE,,1989-07-31,,IFK GÖTEBORG,2015-2016,8,0,
7632,"SKÖLD, VICTOR",Nej,SWE,,1989-07-31,,ÖREBRO SK,2016-2018,52,5,
2100,"SKÖLD, WALTER",Nej,SWE,,1910-02-12,1975-12-10,AIK,1934-1942,170,0,
5102,"SKÖLD, ÖRJAN",Nej,SWE,,1964-01-03,,GEFLE IF,1983-1984,4,0,
5100,"SKÖLDBERG, JONAS",Nej,SWE,,1963-09-26,,GEFLE IF,1983-1984,19,0,
5605,"SKÖLDMARK, MAGNUS",Nej,SWE,,1968-09-22,,ÖREBRO SK,1989-1996,162,6,RANSTA IK
5605,"SKÖLDMARK, MAGNUS",Nej,SWE,,1968-09-22,,GAIS,2000,15,1,
6501,"SLAGSTEDT, NICLAS",Nej,SWE,,1969-10-24,,VÄSTERÅS SK,1997,1,0,
7949,"SLAWUTA, MICHAL",Ja,POL,,1977-02-10,,PANOS LJUNGSKILE SK,2008,16,0,
6290,"SLEYMAN, SULEYMAN",Nej,SWE,VARLI TID.,1979-12-28,,HAMMARBY IF,1998-2008,167,1,
6290,"SLEYMAN, SULEYMAN",Nej,SWE,VARLI TID.,1979-12-28,,SYRIANSKA FC,2011-2013,43,1,
7091,"SLIPER, DANIEL",Nej,SWE,,1987-04-23,,MALMÖ FF,2005,1,0,
7091,"SLIPER, DANIEL",Nej,SWE,,1987-04-23,,GIF SUNDSVALL,2012-2015,32,2,
6673,"SLOTH, JENS",Nej,SWE,,1982-09-09,,TRELLEBORGS FF,2000-2009,83,2,
9070,"SMAJIC, EMIR",Nej,SWE,,1989-02-03,,ÖSTERSUNDS FK,2016,9,1,
6122,"SMALL, MIKE",Nej,ENG,,1962-03-02,,BK HÄCKEN,1994,5,0,EG MICHAEL
8507,"SMARASON, ARNOR",Nej,ISL,,1988-09-07,,HELSINGBORGS IF,2013-2015,55,12,
8507,"SMARASON, ARNOR",Nej,ISL,,1988-09-07,,HAMMARBY IF,2016-2018,60,9,
6314,"SMEDBERG, JOHAN",Nej,SWE,,1970-10-06,,DEGERFORS IF,1996-1997,16,2,
6807,"SMEDBERG-DALENCE, MARTIN",Nej,SWE,,1984-05-10,,IFK GÖTEBORG,2005-2017,86,5,
6807,"SMEDBERG-DALENCE, MARTIN",Nej,SWE,,1984-05-10,,PANOS LJUNGSKILE SK,2008,27,2,
6807,"SMEDBERG-DALENCE, MARTIN",Nej,SWE,,1984-05-10,,IFK NORRKÖPING,2011-2013,89,6,
5447,"SMITH, ANDERS",Nej,SWE,ANTE JOHANSSON TID.,1968-01-19,,HALMSTADS BK,1987-1996,158,16,
3613,"SMITH, EINAR",Nej,SWE,,1929-03-24,2018-08-21,GAIS,1958-1959,19,0,SÄVEDALEN 50-57
8774,"SMITH, ERIC",Nej,SWE,,1997-01-08,,HALMSTADS BK,2014-2015,36,1,
8774,"SMITH, ERIC",Nej,SWE,,1997-01-08,,IFK NORRKÖPING,2016-2020,70,0,
9463,"SMITH, IAN",Nej,CRI,,1998-03-06,,IFK NORRKÖPING,2018-2019,37,2,
8240,"SMITH, JOHANN",Nej,USA,,1987-04-25,,KALMAR FF,2010,2,0,
7961,"SMYLIE, DARYL",Nej,NIR,TANK,1985-09-10,,PANOS LJUNGSKILE SK,2008,12,4,
7961,"SMYLIE, DARYL",Nej,NIR,TANK,1985-09-10,,KALMAR FF,2009-2010,13,0,
7961,"SMYLIE, DARYL",Nej,NIR,TANK,1985-09-10,,JÖNKÖPINGS SÖDRA IF,2016-2017,54,14,
4867,"SNELL, SÖREN",Nej,SWE,,1953-06-16,,ÖSTERS IF,1977,1,0,
2156,"SNITT, EINAR",Nej,SWE,,1905-10-13,1973-12-19,SANDVIKENS IF,1930-1940,189,2,
2157,"SNITT, KLAS",Nej,SWE,,1911-08-04,1999-02-15,SANDVIKENS IF,1934-1938,16,0,
5032,"SOHLBERG, LARS",Nej,SWE,,1955-11-03,,ÖREBRO SK,1978,13,3,SEN KB KARLSK
8517,"SOLHEIM, MATS",Nej,NOR,,1987-12-03,,KALMAR FF,2013-2014,50,5,
8517,"SOLHEIM, MATS",Nej,NOR,,1987-12-03,,HAMMARBY IF,2015-2019,111,8,
8485,"SOLIGNAC, LUIS",Nej,ARG,,1991-02-16,,DJURGÅRDENS IF,2013,14,1,
9003,"SOLLANDER, BOBO",Nej,SWE,,1985-06-26,,ÖSTERSUNDS FK,2016-2017,16,0,
8958,"SOLLI, JAN GUNNAR",Nej,NOR,,1981-04-19,,HAMMARBY IF,2015,17,1,
6627,"SOLLI, PETTER",Nej,NOR,,1966-04-22,,TRELLEBORGS FF,1998-1999,29,1,
9924,"SOLOMONS, DEAN",Nej,RSA,,1999-02-22,,VARBERGS BOIS,2021,1,0,
8455,"SOMI, GABRIEL",Nej,SWE,,1991-08-24,,SYRIANSKA FC,2012-2013,22,0,
8455,"SOMI, GABRIEL",Nej,SWE,,1991-08-24,,ÖSTERSUNDS FK,2016-2017,30,3,
9990,"SONKO, MOMODOU",Nej,SWE,,2005-01-31,,BK HÄCKEN,2022-2023,25,7,
8775,"SONKO SUNDBERG, NOAH",Nej,SWE,,1996-06-06,,AIK,2014-2015,29,2,
8775,"SONKO SUNDBERG, NOAH",Nej,SWE,,1996-06-06,,GIF SUNDSVALL,2016-2017,51,4,
8775,"SONKO SUNDBERG, NOAH",Nej,SWE,,1996-06-06,,ÖSTERSUNDS FK,2018-2021,98,5,
7270,"SOPI, BASKIM",Nej,MAK,,1972-12-12,,ENKÖPINGS SK,2003,20,0,
9956,"SORGA, ERIK",Nej,NOR,,1999-07-08,,IFK GÖTEBORG,2022,8,1,
7817,"SORIN, ARTHUR",Nej,FRA,,1985-11-01,,KALMAR FF,2007-2008,46,1,
2336,"SOSSEH, ALAGIE",Nej,SWE,,1986-07-21,,HAMMARBY IF,2007-2008,9,0,
8540,"SOW, OSMAN",Nej,SWE,,1990-04-22,,SYRIANSKA FC,2013,7,2,
9167,"SOWE, BUN-DAWDA",Nej,SWE,,1996-08-30,,ATHLETIC FC ESKILSTU,2017,5,0,
2117,"SPAAK, TORSTEN",Ja,SWE,,1909-08-10,1995-09-24,IFK ESKILSTUNA,1936,2,0,EJ TORE
7143,"SPAHIC, DAMIR",Nej,BIH,,1975-06-16,,KALMAR FF,2002,6,1,
8399,"SPAN, BRIAN",Nej,USA,,1992-02-24,,DJURGÅRDENS IF,2012-2013,14,1,
8324,"SPARRDAL MANTILLA, PHILIP",Nej,SWE,,1993-08-11,,DJURGÅRDENS IF,2011-2013,4,0,
2049,"SPARV, TIM",Nej,FIN,,1987-02-20,,HALMSTADS BK,2007-2009,51,1,
5316,"SPASSOV, EMIL",Nej,BUL,,1956-02-01,,IK BRAGE,1986,9,0,SKV
9709,"SPELMANN, MARTIN",Nej,DAN,,1987-03-21,,MJÄLLBY AIF,2020,6,0,
6165,"SPENCER, ARNILDO",Nej,SWE,NIDDE,1976-09-13,,VÄSTRA FRÖLUNDA IF,1998-2000,40,0,
3644,"SPENNARE, RUNAR",Nej,SWE,,1929-11-03,2009-08-04,IFK NORRKÖPING,1951,3,1,
4832,"SPETZ, ARNE",Nej,SWE,,1946-05-12,,HAMMARBY IF,1970-1971,12,0,FR NYNÄSHAMN
7029,"SPITERI, JOSEPH",Nej,AUS,,1973-05-06,,IFK NORRKÖPING,2001,8,1,
5885,"SPJUTH, ANDERS",Nej,SWE,,1970-07-09,,GIF SUNDSVALL,1991,14,1,
5207,"SPJUTH, HÅKAN",Nej,SWE,,1961-08-22,,IFK NORRKÖPING,1984,16,1,
3624,"SPJUTH, LARS",Nej,SWE,,1930-08-31,,JÖNKÖPINGS SÖDRA IF,1952-1954,26,8,
2912,"SPOGARDH, CURT",Nej,SWE,,1927-07-07,2004-02-09,IFK NORRKÖPING,1949,4,0,
2912,"SPOGARDH, CURT",Nej,SWE,,1927-07-07,2004-02-09,IFK ESKILSTUNA,1958,14,3,
6693,"SPONG, RICHARD",Nej,SWE,,1983-09-23,,DJURGÅRDENS IF,2003,2,0,
6693,"SPONG, RICHARD",Nej,SWE,,1983-09-23,,IFK NORRKÖPING,2008,22,2,
6693,"SPONG, RICHARD",Nej,SWE,,1983-09-23,,GAIS,2009-2012,31,1,
1585,"SPÅNG, ERIK",Nej,SWE,,1906-11-18,1985-02-11,IFK ESKILSTUNA,1929,1,0,"BARBERARE,FR GUIF"
1542,"SPÅNG, RAGNAR",Nej,SWE,,1901-12-15,1985-06-14,IFK ESKILSTUNA,1925-1929,74,2,
4823,"SPÅNGBERG, KJELL",Ja,SWE,,1955-10-28,,GAIS,1974,13,0,
4808,"SPÅNGBERG, ULF",Nej,SWE,,1957-01-19,,BK DERBY,1977,26,2,BK KENTY
8776,"SSEWANKAMBO, ISAK",Nej,SWE,,1996-02-27,,MALMÖ FF,2018,5,0,
8776,"SSEWANKAMBO, ISAK",Nej,SWE,,1996-02-27,,ÖSTERSUNDS FK,2019-2021,70,3,
8776,"SSEWANKAMBO, ISAK",Nej,SWE,,1996-02-27,,IK SIRIUS,2022,9,0,
6545,"STAAF, JONAS",Nej,SWE,,1981-05-27,,GIF SUNDSVALL,2000-2001,4,0,
7000,"STAAF, ROBIN",Nej,SWE,,1986-09-26,,ÖREBRO SK,2008-2011,43,7,
4801,"STAAF, TOMMY",Nej,SWE,,1949-05-01,,BRYNÄS IF,1974,26,0,
9071,"STADLER, ANDREW",Nej,USA,,1988-05-11,,ÖSTERSUNDS FK,2016,21,3,
9071,"STADLER, ANDREW",Nej,USA,,1988-05-11,,DALKURD FF,2018,12,0,
2137,"STADLER, AXEL",Nej,SWE,,1912-10-27,1979-12-15,HELSINGBORGS IF,1938-1944,137,14,
7283,"STAMATOPOULOS, KENNY",Ja,KAN,,1979-08-28,,ENKÖPINGS SK,2003,14,0,"EG. KYRIAKOS, KAN/GRE"
7283,"STAMATOPOULOS, KENNY",Ja,KAN,,1979-08-28,,AIK,2010-2017,54,0,
1572,"STANELL, EMIL",Nej,SWE,,1901-04-23,1951-02-20,IFK NORRKÖPING,1927,1,0,FR SKÄRBLACKA
9921,"STANISIC, OLIVER",Nej,SWE,,1994-02-10,,VARBERGS BOIS,2021-2023,59,6,
1559,"STANLEY, HARRY",Nej,SWE,SKRALL,1905-02-24,1960-08-22,IFK NORRKÖPING,1925-1927,24,8,EM USA
5999,"STANOIKOVIC, VUJADIN",Nej,JUG,VUJO,1963-09-10,,DEGERFORS IF,1993-1996,69,5,SEN MAK.MEDB
5999,"STANOIKOVIC, VUJADIN",Nej,JUG,VUJO,1963-09-10,,TRELLEBORGS FF,1997-1998,34,1,
8777,"STARFELT, CARL",Nej,SWE,,1995-06-01,,IF BROMMAPOJKARNA,2014,20,0,
8777,"STARFELT, CARL",Nej,SWE,,1995-06-01,,IFK GÖTEBORG,2018-2019,44,1,
6711,"STARK, JONAS",Nej,SWE,,1972-04-27,,HAMMARBY IF,1999-2003,110,6,
8168,"STARKE HEDLUND, SEBASTIAN",Nej,SWE,STARKE,1995-04-05,,KALMAR FF,2016-2017,12,0,
7166,"STAURVIK, TOM KÅRE",Nej,NOR,,1970-02-13,,GIF SUNDSVALL,2002-2003,24,2,
5262,"STAVANDER, PETER",Nej,SWE,,1960-06-16,,ÖSTERS IF,1982-1984,50,7,
6600,"STAVRUM, ARILD",Nej,NOR,,1972-04-16,,HELSINGBORGS IF,1998-1999,52,28,
8458,"STAW, LASSE",Ja,NOR,,1988-01-01,,SYRIANSKA FC,2012,8,0,
6921,"STEEN, ALEXANDER",Nej,SWE,MONTELL,1984-11-18,,ÖSTERS IF,2003,12,1,
4256,"STEEN, KENNERT",Nej,SWE,,1942-07-24,,IF ELFSBORG,1969,9,0,
5613,"STEEN, MIKAEL",Nej,SWE,ANDERSSON TID.,1971-03-21,,ÖREBRO SK,1989-2003,260,27,
2126,"STEEN, TORSTEN",Nej,SWE,,1910-07-09,1990-04-12,GÅRDA BK,1936-1937,8,2,
3212,"STEFANELLI, NICOLAS",Nej,ARG,,1994-11-22,,AIK,2017-2022,92,36,
6419,"STEFANIDIS, CHARALAMBOS",Nej,SWE,BABIS,1981-03-08,,DJURGÅRDENS IF,2001-2004,62,8,
6419,"STEFANIDIS, CHARALAMBOS",Nej,SWE,BABIS,1981-03-08,,HELSINGBORGS IF,2005-2007,51,7,
6419,"STEFANIDIS, CHARALAMBOS",Nej,SWE,BABIS,1981-03-08,,MALMÖ FF,2007,10,0,
6419,"STEFANIDIS, CHARALAMBOS",Nej,SWE,BABIS,1981-03-08,,IF BROMMAPOJKARNA,2010,19,1,
5162,"STEFANSSON, ARNI",Ja,ISL,,1953-10-10,,LANDSKRONA BoIS,1980,26,0,
5896,"STEFANSSON, HLYNUR",Nej,ISL,,1964-10-08,,ÖREBRO SK,1992-1995,86,8,
8501,"STEINDORSSON, KRISTINN",Nej,ISL,KIDDI,1990-04-29,,HALMSTADS BK,2013-2014,48,9,
8501,"STEINDORSSON, KRISTINN",Nej,ISL,KIDDI,1990-04-29,,GIF SUNDSVALL,2016-2017,41,0,
6224,"STEINER, ROBERT",Nej,SWE,,1973-06-20,,IFK NORRKÖPING,1995-1997,47,15,
5261,"STEINSSON, GUDMUNDUR",Nej,ISL,GUMMI,1960-07-18,,ÖSTERS IF,1982,1,0,
2901,"STELIUS, HANS",Nej,SWE,NALLE,1918-03-29,1996-08-21,DJURGÅRDENS IF,1946-1951,62,30,
6139,"STENBACKA, RICKARD",Nej,SWE,,1973-07-13,,LANDSKRONA BoIS,1994,1,0,
2150,"STENBERG, ARNE",Nej,SWE,,1913-03-28,1969-06-11,ÖRGRYTE IS,1935,2,0,FR MARIEHOLMS IK
5219,"STENBERG, BENNY",Nej,SWE,,1959-09-24,,IFK SUNDSVALL,1981,4,0,
3645,"STENBERG, BORIS",Nej,SWE,,1922-10-09,2009-01-17,RÅÅ IF,1951-1952,33,0,
1568,"STENBERG, ERIK",Nej,SWE,NITAN,1897-06-02,1971-09-11,ÖRGRYTE IS,1925-1926,7,10,
4800,"STENBERG, GÖRAN",Nej,SWE,,1956-02-11,,ÖREBRO SK,1974,1,0,SEN POLISENS IF 1977
2149,"STENBERG, GÖSTA",Ja,SWE,,1918-06-22,1973-01-25,ÖRGRYTE IS,1938-1940,41,0,"FR BAGAREG, ÖIS 37-45"
4240,"STENBORG, TOMMY",Nej,SWE,,1943-05-04,2020-10-11,AIK,1960-1967,49,0,
4240,"STENBORG, TOMMY",Nej,SWE,,1943-05-04,2020-10-11,IK SIRIUS,1969,22,0,
1543,"STENBORG, VIDAR",Nej,SWE,BOCKEN,1894-05-21,1960-07-30,IFK ESKILSTUNA,1925-1927,41,1,
4811,"STENBÄCK, HÅKAN",Nej,SWE,,1951-10-28,,DJURGÅRDENS IF,1971-1980,201,43,
4812,"STENBÄCK, LARS",Nej,SWE,,1956-01-11,,DJURGÅRDENS IF,1975-1981,118,8,
4812,"STENBÄCK, LARS",Nej,SWE,,1956-01-11,,HAMMARBY IF,1986,21,0,
4818,"STENBÄCKEN, BENGT-GÖRAN",Nej,SWE,KINNA,1954-02-11,,IF ELFSBORG,1974-1984,84,3,FD ANDERSSON
4817,"STENBÄCKEN, TORE",Ja,SWE,,1955-04-27,,IF ELFSBORG,1974-1983,150,0,FD ANDERSSON
2319,"STENHOLM, AXEL",Nej,SWE,,1916-01-08,1994-05-28,IF ELFSBORG,1936-1948,114,28,
2900,"STENMAN, BIRGER",Nej,SWE,,1925-12-23,1970-05-20,DJURGÅRDENS IF,1948-1956,119,11,
8064,"STENMAN, DAVID",Ja,SWE,,1988-10-08,,ÖRGRYTE IS,2009,1,0,
6966,"STENMAN, FREDRIK",Nej,SWE,,1983-06-02,,IF ELFSBORG,2002-2003,36,0,
6966,"STENMAN, FREDRIK",Nej,SWE,,1983-06-02,,DJURGÅRDENS IF,2003-2015,83,8,
4288,"STENMAN, JAN",Nej,SWE,,1945-08-08,,ÖREBRO SK,1969-1973,10,0,
8778,"STENMARK, JOHAN",Nej,SWE,,1999-02-26,,KALMAR FF,2018-2022,38,1,
2949,"STENQVIST, AXEL",Nej,SWE,DIDRIK,1917-06-27,1998-04-23,REYMERSHOLMS IK,1942,4,0,
4847,"STENQVIST, BO",Nej,SWE,,1953-08-31,,IFK NORRKÖPING,1972-1975,35,3,
9402,"STENSHAGEN, TEODOR",Nej,SWE,,2001-02-11,,GIF SUNDSVALL,2022,13,0,
5475,"STENSKOG, MATHIAS",Nej,SWE,,1969-01-22,,HAMMARBY IF,1988-1990,7,0,
8779,"STENSSON, DANIEL",Nej,SWE,,1997-03-24,,GIF SUNDSVALL,2022,9,2,
8779,"STENSSON, DANIEL",Nej,SWE,,1997-03-24,,IK SIRIUS,2022-2023,42,3,
2906,"STENSSON, VIGO",Nej,SWE,,1927-02-14,2015-12-30,IF ELFSBORG,1946-1952,31,4,
7657,"STENSTRÖM, FILIP",Nej,SWE,,1991-07-03,,MALMÖ FF,2011-2012,4,0,
7686,"STEPHENSON, KHARI",Nej,JAM,,1981-01-18,,GAIS,2006,25,3,
7686,"STEPHENSON, KHARI",Nej,JAM,,1981-01-18,,AIK,2007-2008,25,2,
6870,"STERJOV, KIRIL",Nej,MAK,,1973-04-22,,VÄSTRA FRÖLUNDA IF,2000,7,0,
4850,"STERN, GÖRAN",Nej,SWE,,1954-03-15,2021-08-14,IFK NORRKÖPING,1972,1,0,"EGEN PR, SEN EDSBRO 76"
4850,"STERN, GÖRAN",Nej,SWE,,1954-03-15,2021-08-14,IK SIRIUS,1974,2,0,
5267,"STEVENHAG, NIKLAS",Ja,SWE,,1966-09-18,,ÖSTERS IF,1984,1,0,
6477,"STEVOVIC, DRAGAN",Nej,JUG,,1962-10-02,,PANOS LJUNGSKILE SK,1997,12,3,
2944,"STÉEN, EINAR",Nej,SWE,,1917-11-24,1972-12-10,IFK NORRKÖPING,1941-1949,182,0,
2943,"STÉEN, KARL-EDVIN",Nej,SWE,,1926-01-22,1962-03-12,IFK NORRKÖPING,1947-1955,143,10,
6199,"STIERNA, TOMAS",Nej,SWE,,1969-11-19,,HALMSTADS BK,1995-1996,21,4,
8024,"STILLER, HANNES",Nej,SWE,,1978-07-03,,IFK GÖTEBORG,2009-2013,104,24,FD TOBIASSON
2123,"STJERNA, ERIK",Nej,SWE,STJÄRN-ERIK,1913-10-17,2002-03-23,GEFLE IF,1935,4,0,
2143,"STJERNFELDT, VIKING",Nej,SWE,,1908-06-12,1990-09-30,MALMÖ FF,1932-1933,3,0,
4845,"STJERNQVIST, STEN",Nej,SWE,,1950-03-28,,MALMÖ FF,1973-1974,11,0,
5821,"STOJCEVSKI, ZORAN",Nej,JUG,,1971-03-04,,IFK GÖTEBORG,1991-1993,9,0,"ÄV SV MEDB 91,MAK MEDB"
5821,"STOJCEVSKI, ZORAN",Nej,JUG,,1971-03-04,,DJURGÅRDENS IF,1995-1999,55,6,
1635,"STOLPA, TOMASZ",Nej,POL,,1983-03-18,,GEFLE IF,2007,6,0,
9745,"STOLT, MALCOLM",Nej,SWE,,2000-12-30,,ÖSTERSUNDS FK,2020-2021,23,1,
5950,"STOLTZ, ROBERT",Nej,SWE,,1976-08-10,,KALMAR FF,2004-2005,37,0,
5950,"STOLTZ, ROBERT",Nej,SWE,,1976-08-10,,DJURGÅRDENS IF,2006-2007,27,1,
6010,"STOLTZ, URBAN",Nej,SWE,,1965-07-20,,HELSINGBORGS IF,1993-1996,41,2,
6922,"STOOR, FREDRIK",Nej,SWE,,1984-02-28,,HAMMARBY IF,2003-2006,51,2,
7113,"STORM, ELIAS",Nej,SWE,,1979-07-19,,DJURGÅRDENS IF,2002-2006,29,1,
7113,"STORM, ELIAS",Nej,SWE,,1979-07-19,,GIF SUNDSVALL,2005,10,0,
7113,"STORM, ELIAS",Nej,SWE,,1979-07-19,,ÖRGRYTE IS,2006,12,2,
6455,"STORVIK, KENNETH",Nej,NOR,,1972-02-27,,HELSINGBORGS IF,1997-1999,58,6,
2952,"STRAHLSTRÖM, BIRGER",Nej,SWE,,1920-02-16,1993-02-04,ÖREBRO SK,1947-1952,10,3,
2308,"STRAND, ALGOT",Nej,SWE,,1906-07-16,1969-09-28,STATTENA IF,1930,15,11,TID FEL AXEL
2925,"STRAND, GÖSTA",Nej,SWE,GUSTAF VÄSTERÅSARN,1916-07-23,1981-05-02,HAMMARBY IF,1940,4,0,
3641,"STRAND, KURT",Nej,SWE,,1928-12-15,2017-05-12,NORRBY IF,1956,10,0,
7863,"STRAND, SIMON",Nej,SWE,,1993-05-25,,DALKURD FF,2018,29,1,
7863,"STRAND, SIMON",Nej,SWE,,1993-05-25,,IF ELFSBORG,2019-2022,98,1,
7863,"STRAND, SIMON",Nej,SWE,,1993-05-25,,HAMMARBY IF,2023,26,0,
8513,"STRANDBERG, CARLOS",Nej,SWE,,1996-04-14,,BK HÄCKEN,2013-2014,30,9,
8513,"STRANDBERG, CARLOS",Nej,SWE,,1996-04-14,,AIK,2016,12,7,
8513,"STRANDBERG, CARLOS",Nej,SWE,,1996-04-14,,MALMÖ FF,2017-2019,29,9,
8513,"STRANDBERG, CARLOS",Nej,SWE,,1996-04-14,,ÖREBRO SK,2019,19,11,
4833,"STRANDBERG, KENT",Nej,SWE,,1951-04-10,,HAMMARBY IF,1971,2,0,
2920,"STRANDBERG, KURT",Nej,SWE,,1921-03-04,1993-04-14,IS HALMIA,1944,6,0,
5172,"STRANDBERG, MATS",Ja,SWE,,1960-05-27,,MALMÖ FF,1984,4,0,
5468,"STRANDH, LEIF",Nej,SWE,,1967-04-14,,HAMMARBY IF,1985-1995,85,10,
5468,"STRANDH, LEIF",Nej,SWE,,1967-04-14,,DJURGÅRDENS IF,1991,14,0,
9313,"STRANNEGÅRD, TOM",Nej,SWE,,2002-04-29,,AIK,2020-2022,29,1,
3628,"STRID, LARS-ERIK",Nej,SWE,,1930-02-16,,JÖNKÖPINGS SÖDRA IF,1953,1,0,
5178,"STRIDFELDT, PETER",Nej,SWE,,1954-04-17,,MJÄLLBY AIF,1980-1985,53,0,
4865,"STRIDH, KARL-ERIK",Nej,SWE,,1952-03-26,2020-11-16,ÖSTERS IF,1971-1973,26,7,
5831,"STRINGHEIM, BJÖRN",Ja,SWE,PINNEN,1975-08-20,,MALMÖ FF,1994,1,0,
5831,"STRINGHEIM, BJÖRN",Ja,SWE,PINNEN,1975-08-20,,ÖSTERS IF,2003-2006,30,0,
4244,"STRÄNG, WILLY",Nej,SWE,,1942-01-30,1989-09-03,DEGERFORS IF,1960-1966,99,0,
1549,"STRÖBERG, EMIL",Nej,SWE,MILLE,1902-12-04,1989-10-29,HAMMARBY IF,1925,12,4,
2897,"STRÖM, ARNE",Nej,SWE,JOMPA,1919-11-04,1983-01-07,DEGERFORS IF,1941,5,1,
2153,"STRÖM, ASTOR",Nej,SWE,,1919-07-03,1989-12-24,ÖRGRYTE IS,1939-1940,3,0,"MARIEHOLM,ÖIS 38-47,IFKV"
5985,"STRÖM, JOHAN",Nej,SWE,,1971-06-22,,DEGERFORS IF,1993-1994,11,0,
6060,"STRÖM, MIKAEL",Nej,SWE,,1977-02-01,,IFK NORRKÖPING,1995-2002,131,3,
4947,"STRÖM, ROGER",Nej,SWE,,1950-02-07,,IS HALMIA,1979,18,3,
4853,"STRÖM, THOMAS",Nej,SWE,,1955-02-20,,IF SAAB,1973,1,0,
4853,"STRÖM, THOMAS",Nej,SWE,,1955-02-20,,KALMAR FF,1979-1982,71,1,
4834,"STRÖM, TONY",Ja,SWE,,1954-02-02,,KALMAR FF,1976-1979,98,0,
4834,"STRÖM, TONY",Ja,SWE,,1954-02-02,,MALMÖ FF,1981,26,0,
2140,"STRÖM, TORE",Ja,SWE,,1913-04-01,1999-03-01,LANDSKRONA BoIS,1935-1939,29,0,
8092,"STRÖMBERG, AUGUST",Ja,SWE,,1992-02-28,,VARBERGS BOIS,2020-2021,16,1,
1577,"STRÖMBERG, FRITZ",Nej,SWE,NOCKE,1903-11-23,1967-10-04,IK SLEIPNER,1928,15,7,
4936,"STRÖMBERG, GLENN",Nej,SWE,,1960-01-05,,IFK GÖTEBORG,1979-1982,91,7,UTV ITA
1579,"STRÖMBERG, JOSEF",Nej,SWE,JOCKE,1900-04-09,1959-10-16,DJURGÅRDENS IF,1928,6,0,
4862,"STRÖMBERG, LARS-ERIK",Nej,SWE,,1958-01-15,1998-04-01,ÖRGRYTE IS,1976,1,0,
6706,"STRÖMBERG, MARTIN",Nej,SWE,,1978-05-18,,IF ELFSBORG,1999-2006,104,1,BORÅS AIK 88
6706,"STRÖMBERG, MARTIN",Nej,SWE,,1978-05-18,,ÖRGRYTE IS,2006,15,0,
4866,"STRÖMBERG, PETER",Nej,SWE,,1956-04-23,,ÖSTERS IF,1976-1980,63,10,
4866,"STRÖMBERG, PETER",Nej,SWE,,1956-04-23,,DJURGÅRDENS IF,1981,22,2,
8352,"STRÖMBERG, ROBIN",Nej,SWE,,1992-01-23,,MJÄLLBY AIF,2011-2014,54,4,
3614,"STRÖMBERG, WILLIAM",Nej,SWE,FIPPE,1930-03-08,1980-12-28,GAIS,1952-1955,2,1,
3614,"STRÖMBERG, WILLIAM",Nej,SWE,FIPPE,1930-03-08,1980-12-28,IFK MALMÖ,1953,7,4,
4839,"STRÖMBÄCK, BO",Nej,SWE,,1946-04-09,,IFK LULEÅ,1971,22,0,
5166,"STRÖMBÄCK, RICKARD",Nej,SWE,,1959-10-07,,MALMÖ FF,1980-1984,43,1,
2946,"STRÖMBÄCK, SVEN",Nej,SWE,,1926-04-12,1996-01-01,IFK NORRKÖPING,1948-1949,13,0,
8271,"STRÖMNES, STEINAR",Nej,NOR,,1987-05-19,,ÅTVIDABERGS FF,2010,11,0,
8313,"STUHR ELLEGAARD, KEVIN",Ja,DAN,,1983-05-23,,IF ELFSBORG,2012-2019,216,0,
2940,"STURESSON, STIG",Nej,SWE,,1918-07-25,1993-05-29,LANDSKRONA BoIS,1945,1,0,FOLKSKOLL
1563,"STYRLANDER, BERTIL",Nej,SWE,,1901-08-22,1975-10-04,IK SLEIPNER,1925-1927,12,0,
9440,"STÅHL, ADAM",Nej,SWE,,1994-10-08,,DALKURD FF,2018,11,0,
9440,"STÅHL, ADAM",Nej,SWE,,1994-10-08,,IK SIRIUS,2019-2021,59,5,
9440,"STÅHL, ADAM",Nej,SWE,,1994-10-08,,MJÄLLBY AIF,2022-2023,54,4,
1566,"STÅHL, ELOF",Nej,SWE,,1905-04-22,1992-05-24,VÄSTERÅS IK,1925,3,0,
0630,"STÅHL, GLENN",Nej,SWE,,1971-08-25,,ÖSTERS IF,1993,4,0,
1567,"STÅHL, GÖSTA",Nej,SWE,,1902-01-27,1983-12-05,VÄSTERÅS IK,1925,1,1,
1567,"STÅHL, GÖSTA",Nej,SWE,,1902-01-27,1983-12-05,IFK NORRKÖPING,1926,4,3,
2933,"STÅHL, GÖTE",Ja,SWE,,1922-01-28,2004-11-07,JÖNKÖPINGS SÖDRA IF,1946-1954,155,0,
4292,"STÅHL, HANS",Nej,SWE,,1940-01-13,,ÖRGRYTE IS,1966,1,0,FR HUSKV IF 61
0635,"STÅHL, KARL",Nej,SWE,,1973-08-02,,AIK,1993-1994,8,0,
0635,"STÅHL, KARL",Nej,SWE,,1973-08-02,,GIF SUNDSVALL,2000-2004,104,2,
2934,"STÅHL, KARL GUSTAV",Nej,SWE,,1917-09-26,1990-04-15,JÖNKÖPINGS SÖDRA IF,1946,7,0,
2144,"STÅHL, OLLE",Nej,SWE,BULLEN,1911-07-10,2002-05-31,IFK NORRKÖPING,1936-1937,39,1,
2144,"STÅHL, OLLE",Nej,SWE,BULLEN,1911-07-10,2002-05-31,IK SLEIPNER,1939,3,0,
5604,"STÅHL, PEDER",Nej,SWE,,1960-08-11,,ÖREBRO SK,1989-1990,34,0,
4291,"STÅHL, PER-ELON",Nej,SWE,,1943-08-21,,ÖRGRYTE IS,1968,5,0,KEBNEKAISE 1966
4851,"STÅHL, ROLF",Nej,SWE,RÅTTAN,1950-08-12,2018-08-20,IF SAAB,1973,14,0,FR/T BJÖRSÄTERS SK
5715,"STÅHL, TOMMY",Nej,SWE,,1965-11-12,,ÖREBRO SK,1990-2000,181,1,
3618,"STÅHL, ÖSTEN",Nej,SWE,,1930-08-26,1998-01-24,HALMSTADS BK,1955-1958,67,30,
2145,"STÅHLBÄCK, OVE",Nej,SWE,OSTEN,1915-10-08,2001-07-20,IFK NORRKÖPING,1936-1937,14,3,
2131,"STÅHLE, ANDERS",Nej,SWE,,1911-06-08,1985-10-20,IS HALMIA,1933-1934,15,0,EN MATCH 34/35 ISTF PER E
2131,"STÅHLE, ANDERS",Nej,SWE,,1911-06-08,1985-10-20,HALMSTADS BK,1935-1936,6,2,
1550,"STÅLHANE, EINAR",Nej,SWE,GREVEN,1903-03-11,1985-12-28,HAMMARBY IF,1925,10,3,
6025,"STÖCKEL, PER",Nej,SWE,,1967-08-01,,BK HÄCKEN,1993-1994,9,0,
7767,"SUDIC, JASMIN",Nej,SWE,,1990-11-24,,MALMÖ FF,2008-2012,34,0,
7767,"SUDIC, JASMIN",Nej,SWE,,1990-11-24,,MJÄLLBY AIF,2013-2014,24,0,
7767,"SUDIC, JASMIN",Nej,SWE,,1990-11-24,,BK HÄCKEN,2015-2017,42,1,
7767,"SUDIC, JASMIN",Nej,SWE,,1990-11-24,,TRELLEBORGS FF,2018,10,0,
9433,"SUGITA, YUKIYA",Nej,JAP,,1993-04-22,,DALKURD FF,2018,14,2,
9433,"SUGITA, YUKIYA",Nej,JAP,,1993-04-22,,IK SIRIUS,2020-2022,69,8,
8129,"SULJEVIC, SMAJL",Nej,SWE,,1994-07-15,,GIF SUNDSVALL,2015-2017,38,0,
8129,"SULJEVIC, SMAJL",Nej,SWE,,1994-07-15,,ÖSTERSUNDS FK,2018,4,0,
8129,"SULJEVIC, SMAJL",Nej,SWE,,1994-07-15,,DALKURD FF,2018,2,0,
8781,"SULJIC, ALI",Nej,SWE,,1997-09-18,,HELSINGBORGS IF,2022,11,0,
7570,"SULJIC, AMIR",Nej,SWE,,1989-02-08,,ÅTVIDABERGS FF,2010-2012,35,3,
5370,"SULTAN, KJELL",Nej,SWE,,1964-04-18,,IF ELFSBORG,1986-1987,9,1,
1632,"SUMA, SHERIFF",Nej,SLE,,1986-10-12,,GAIS,2007-2008,14,0,
7161,"SUMIALA, ANTTI",Nej,FIN,,1974-02-20,,IFK NORRKÖPING,2002,12,11,
2896,"SUND, ÅKE",Nej,SWE,,1921-10-06,2005-12-30,DEGERFORS IF,1945,3,0,
2158,"SUNDBERG, EGON",Nej,SWE,,1911-02-27,2015-09-04,SANDVIKENS IF,1935-1942,103,23,
2954,"SUNDBERG, FOLKE",Nej,SWE,,1915-05-03,1975-11-01,SANDVIKENS IF,1942,4,0,FR JÄDRAÅS
1580,"SUNDBERG, HARRY",Nej,SWE,,1898-01-09,1945-05-16,DJURGÅRDENS IF,1928,3,0,
6354,"SUNDBERG, JÖRGEN",Nej,SWE,,1969-04-22,,UMEÅ FC,1996,23,0,
4860,"SUNDBERG, LARS-OVE",Nej,SWE,,1953-04-21,,ÖREBRO SK,1973,3,1,
3653,"SUNDBERG, STIG",Nej,SWE,KRITAN,1928-12-11,1993-10-21,SANDVIKENS IF,1954,4,0,
5934,"SUNDELL, DONNY",Nej,SWE,,1975-03-26,1999-02-26,IFK NORRKÖPING,1994-1995,3,0,
2895,"SUNDELL, PER",Nej,SWE,,1919-08-27,1998-03-27,BILLINGSFORS IK,1947,8,0,
4295,"SUNDELL, STIG",Nej,SWE,,1936-11-08,2017-11-28,SANDVIKENS IF,1960-1961,35,0,
4841,"SUNDÉN, KENT",Nej,SWE,,1946-02-25,,IFK LULEÅ,1971,20,2,
0632,"SUNDFORS, FREDRIK",Ja,SWE,,1971-08-08,,GIF SUNDSVALL,2000-2008,164,0,FAR GÖRAN
4802,"SUNDFORS, GÖRAN",Nej,SWE,,1945-04-26,,BRYNÄS IF,1974,26,6,
2003,"SUNDGREN, DANIEL",Nej,SWE,,1990-11-12,,AIK,2016-2019,90,10,ISR MEDB 2311
5292,"SUNDGREN, GARY",Nej,SWE,KARI,1967-10-25,,AIK,1988-2003,246,14,
4840,"SUNDGREN, LARS-GÖRAN",Nej,SWE,,1940-01-10,2009-12-10,IFK LULEÅ,1971,22,3,
4820,"SUNDH, KJELL",Nej,SWE,,1950-06-21,,IF ELFSBORG,1971,18,1,KINNA IF 1981
7823,"SUNDIN, ERIK",Nej,SWE,,1979-03-01,,TRELLEBORGS FF,2007-2008,49,8,
7823,"SUNDIN, ERIK",Nej,SWE,,1979-03-01,,HELSINGBORGS IF,2009-2012,88,23,
5278,"SUNDIN, ROGER",Nej,SWE,SUDDEN,1966-05-10,,AIK,1985-1986,23,4,
2945,"SUNDKVIST, STIG",Nej,SWE,VITTJÄRV,1922-07-19,2011-08-03,IFK NORRKÖPING,1949-1951,26,15,
2910,"SUNDQVIST, ARNE",Nej,SWE,,1914-11-28,1986-07-00,IFK ESKILSTUNA,1943,3,0,
6857,"SUNDQVIST, GÖRAN",Nej,SWE,,1972-02-17,,GIF SUNDSVALL,2000,1,0,
4824,"SUNDQVIST, JAN-ÅKE",Nej,SWE,SUNKAN,1949-03-22,,GAIS,1973,1,0,
4284,"SUNDQVIST, LENNART",Nej,SWE,,1948-09-19,,GIF SUNDSVALL,1965,1,0,
2111,"SUNDQVIST, STURE",Nej,SWE,,1909-08-11,1985-01-04,DJURGÅRDENS IF,1937,14,2,"FR VÄRTAN, T VÄRTAN 3803"
2941,"SUNDSTRÖM, ARNE",Nej,SWE,,1913-06-23,1995-12-31,LUDVIKA FFI,1945,22,2,
4283,"SUNDSTRÖM, BENGT",Nej,SWE,,1942-09-29,2023-01-06,GIF SUNDSVALL,1965,4,0,
5708,"SUNDSTRÖM, PATRIK",Nej,SWE,,1970-08-12,,MALMÖ FF,1990-1992,28,1,
5708,"SUNDSTRÖM, PATRIK",Nej,SWE,,1970-08-12,,HELSINGBORGS IF,1993-1997,93,9,
2903,"SUNDSTRÖM, STURE",Nej,SWE,SUMPAN,1916-06-18,2003-12-12,IF ELFSBORG,1942-1946,19,3,
2894,"SUNDSTRÖM, SVEN-ÅKE",Nej,SWE,,1923-11-11,1987-09-12,AIK,1946,1,0,
6552,"SUNDVALL, BÖRJE",Nej,SWE,,1981-05-18,,HALMSTADS BK,2002,3,0,
4973,"SUNESSON, THOMAS",Nej,SWE,,1959-01-12,2015-10-25,KALMAR FF,1978-1982,101,16,
4973,"SUNESSON, THOMAS",Nej,SWE,,1959-01-12,2015-10-25,MALMÖ FF,1983-1984,32,12,
4973,"SUNESSON, THOMAS",Nej,SWE,,1959-01-12,2015-10-25,DJURGÅRDENS IF,1986,10,2,
2939,"SUNNÅKER, GUNNAR",Nej,SWE,,1926-09-20,1998-12-28,JÖNKÖPINGS SÖDRA IF,1948,1,0,
6327,"SUOMINEN, KIM",Nej,FIN,,1969-10-20,2021-11-18,IFK NORRKÖPING,1996-1997,45,2,
3632,"SVAHN, INGVAR",Nej,SWE,,1938-05-22,2008-06-16,MALMÖ FF,1958-1970,228,63,
7360,"SVAHN, JOHAN",Nej,SWE,,1988-04-01,,FALKENBERGS FF,2015,3,1,
2938,"SVAHNBERG, STIG",Nej,SWE,STICKAN,1926-01-27,2015-10-05,JÖNKÖPINGS SÖDRA IF,1948-1949,9,0,
4287,"SVALLIN, BJÖRN",Nej,SWE,,1937-02-15,,ÖREBRO SK,1961,3,0,
8782,"SVANBERG, MATTIAS",Nej,SWE,,1999-01-05,,MALMÖ FF,2016-2018,36,5,
7508,"SVANBÄCK, FREDRIK",Nej,FIN,MINI,1979-05-12,,HELSINGBORGS IF,2005-2009,93,4,
2148,"SVANSTRÖM, KURT",Nej,SWE,,1915-03-24,1996-01-16,ÖRGRYTE IS,1934-1940,105,10,
8415,"SVANTESSON, JOHAN",Nej,SWE,,1992-09-13,,GEFLE IF,2012,4,0,VARA SK
5258,"SVARTBORN, HENRIK",Nej,SWE,,1965-05-30,,ÖRGRYTE IS,1984-1985,13,1,
2106,"SVEDBERG, ERIC",Nej,SWE,,1910-09-17,1993-12-24,IK BRAGE,1939,3,0,
1536,"SVEDBERG, HELMER",Nej,SWE,PYSEN,1899-06-21,1931-05-01,AIK,1925-1927,40,6,
9151,"SVEDBERG, JONATHAN",Nej,SWE,,1999-03-22,,HALMSTADS BK,2017-2023,35,0,
2893,"SVEDBERG, ÅKE",Nej,SWE,SILLEN,1928-12-31,2007-11-30,AIK,1947-1951,7,0,
2948,"SVEDMAN, GÖSTA",Nej,SWE,,1912-04-01,1996-03-07,REYMERSHOLMS IK,1942,7,0,FR NYNÄSHAMN
9720,"SVEIJER, HANNES",Ja,SWE,,2002-04-28,,IK SIRIUS,2020-2022,10,0,
9206,"SVENDSEN, SANDER",Nej,NOR,,1997-08-06,,HAMMARBY IF,2017-2018,29,6,
2922,SVENLAND,Nej,SWE,KJELL-ÅKE BRASS SVENSSON TID.,1923-10-04,2008-05-28,HALMSTADS BK,1943-1948,73,7,
7164,"SVENNING, ÖYVIND",Nej,NOR,,1980-01-29,,GIF SUNDSVALL,2002-2005,63,8,
3619,"SVENSSON, ALF",Nej,SWE,AFFE BANAN,1929-12-04,2008-06-30,HALMSTADS BK,1956,2,0,
3630,"SVENSSON, ANDERS",Nej,SWE,,1939-03-27,2007-12-01,MALMÖ FF,1958-1969,86,4,
3630,"SVENSSON, ANDERS",Nej,SWE,,1939-03-27,2007-12-01,ÖRGRYTE IS,1963-1966,63,8,
5822,"SVENSSON, ANDERS",Nej,SWE,SVISSE,1971-04-06,,HELSINGBORGS IF,1993,9,0,
6263,"SVENSSON, ANDERS",Nej,SWE,,1976-07-17,,IF ELFSBORG,1997-2015,370,61,
2953,"SVENSSON, ARNE",Nej,SWE,SVENLERT,1918-05-12,2000-01-06,ÖRGRYTE IS,1940,8,0,FR TROLLH 1939
2103,"SVENSSON, ARTHUR",Nej,SWE,,1914-06-06,1989-10-18,AIK,1938-1943,115,7,FR ÖREBRO
4826,"SVENSSON, BENGT-GÖRAN",Nej,SWE,DIVAN,1950-09-09,2012-12-10,HALMSTADS BK,1972-1980,62,7,
5199,"SVENSSON, BENGT",Ja,SWE,,1957-04-15,,MJÄLLBY AIF,1985,22,0,
4277,"SVENSSON, BERTIL",Ja,SWE,SIBERGER,1942-02-27,,MALMÖ FF,1961-1962,26,0,
3647,"SVENSSON, BÖRJE",Nej,SWE,,1927-02-15,2012-08-20,SANDVIKENS AIK,1955,2,0,
1583,"SVENSSON, CURT",Nej,SWE,,1909-09-20,1996-07-08,HELSINGBORGS IF,1929,1,0,
2931,"SVENSSON, CURT",Nej,SWE,TABERGARN,1927-12-25,1985-03-08,JÖNKÖPINGS SÖDRA IF,1949-1954,81,27,
6124,"SVENSSON, DANIEL",Nej,SWE,,1974-01-12,,BK HÄCKEN,1994,3,0,
7728,"SVENSSON, DANIEL",Nej,SWE,,1983-01-04,,ÖSTERS IF,2006,9,1,
8506,"SVENSSON, DAVID",Nej,SWE,,1993-08-04,,HELSINGBORGS IF,2013-2014,6,0,
8821,"SVENSSON, DAVID",Nej,SWE,,1984-04-09,,FALKENBERGS FF,2014-2016,79,6,
4274,"SVENSSON, EGON",Nej,SWE,,1928-03-16,2005-10-15,HÖGADALS IS,1962,2,0,"HÄLLARYD, IFK KARLSH 63"
1558,"SVENSSON, ELVIR",Nej,SWE,UMARK SVENSSON,1897-11-25,1946-03-09,IFK MALMÖ,1926,2,0,
8249,"SVENSSON, EMMANUEL",Nej,SWE,,1989-02-20,,MJÄLLBY AIF,2010-2011,18,0,
3650,"SVENSSON, ERIC",Nej,SWE,,1921-11-25,2007-11-17,AIK,1943,1,0,BILDHUGGARE
3650,"SVENSSON, ERIC",Nej,SWE,,1921-11-25,2007-11-17,ÖREBRO SK,1951-1953,6,0,
1086,"SVENSSON, ERIK",Nej,SWE,KICK,1903-04-16,1942-12-13,IFK MALMÖ,1929-1930,30,2,
1086,"SVENSSON, ERIK",Nej,SWE,KICK,1903-04-16,1942-12-13,MALMÖ FF,1932-1933,24,8,
2923,"SVENSSON, ERIK",Nej,SWE,JULLE,1919-12-12,2005-09-02,HALMSTADS BK,1944,2,1,FR FALK FF 1942
4264,"SVENSSON, ERIK",Nej,SWE,,1939-03-19,,IS HALMIA,1963,15,0,FR MORUP
2889,"SVENSSON, ERIK II",Nej,SWE,,1918-07-18,1985-11-12,MALMÖ FF,1944,1,0,"EJ KLAR,DISK AIK 43/44"
2889,"SVENSSON, ERIK II",Nej,SWE,,1918-07-18,1985-11-12,AIK,1944,1,0,
1581,"SVENSSON, ERLAND",Nej,SWE,PALANDER,1910-01-08,1987-11-26,STATTENA IF,1928,2,0,
2135,"SVENSSON, ERNST",Nej,SWE,,1911-09-13,1998-12-16,HALMSTADS BK,1934-1936,54,0,
4836,"SVENSSON, GERT-INGE",Nej,SWE,KING-KONG,1945-11-07,2020-04-30,LANDSKRONA BoIS,1971-1975,104,0,
3629,"SVENSSON, GUNNAR",Nej,SWE,,1918-09-11,2007-09-20,KALMAR FF,1950-1951,36,0,
1575,"SVENSSON, GUSTAV",Nej,SWE,SOTARN,1898-08-07,1967-09-30,WESTERMALMS IF,1927-1929,21,4,
7693,"SVENSSON, GUSTAV",Nej,SWE,,1987-02-07,,IFK GÖTEBORG,2006-2023,226,11,
1084,"SVENSSON, GÖSTA",Nej,SWE,SAXOFONEN HEINEFELDT,1904-01-04,1948-05-24,ÖRGRYTE IS,1925,13,3,
1084,"SVENSSON, GÖSTA",Nej,SWE,SAXOFONEN HEINEFELDT,1904-01-04,1948-05-24,REDBERGSLIDS IK,1931,21,10,
1084,"SVENSSON, GÖSTA",Nej,SWE,SAXOFONEN HEINEFELDT,1904-01-04,1948-05-24,GAIS,1932-1933,41,24,
2950,"SVENSSON, HANS",Nej,SWE,STOCKBRING,1921-12-24,2009-12-08,IK SLEIPNER,1941,6,0,
1573,"SVENSSON, HARRY",Nej,SWE,MURREN,1909-08-16,1971-09-11,IFK UDDEVALLA,1927,2,1,
4249,"SVENSSON, HARRY",Nej,SWE,,1945-06-11,,IFK GÖTEBORG,1965-1970,81,15,
4249,"SVENSSON, HARRY",Nej,SWE,,1945-06-11,,DJURGÅRDENS IF,1971-1976,124,46,
4249,"SVENSSON, HARRY",Nej,SWE,,1945-06-11,,VÄSTERÅS SK,1978,22,2,
7397,"SVENSSON, HECTOR",Nej,SWE,,1982-01-01,,IF ELFSBORG,2004,2,0,
1574,"SVENSSON, HELGE",Nej,SWE,JÄRVA HARDNÄS,1902-01-08,1976-08-03,WESTERMALMS IF,1927-1929,39,0,
2118,"SVENSSON, HELGE",Ja,SWE,,1909-06-09,1973-11-28,IFK ESKILSTUNA,1933,4,0,SEN SYDAFR
2118,"SVENSSON, HELGE",Ja,SWE,,1909-06-09,1973-11-28,HALMSTADS BK,1934,10,0,
1546,"SVENSSON, HENNING",Nej,SWE,KNEKTEN,1891-10-13,1979-01-23,IFK GÖTEBORG,1925,15,1,
5696,"SVENSSON, HÅKAN",Ja,SWE,,1970-01-20,,HALMSTADS BK,1990-2002,253,0,
5696,"SVENSSON, HÅKAN",Ja,SWE,,1970-01-20,,AIK,2003-2004,51,0,
5696,"SVENSSON, HÅKAN",Ja,SWE,,1970-01-20,,IF ELFSBORG,2005,7,0,
5696,"SVENSSON, HÅKAN",Ja,SWE,,1970-01-20,,BK HÄCKEN,2006,2,0,
5696,"SVENSSON, HÅKAN",Ja,SWE,,1970-01-20,,MALMÖ FF,2006,1,0,
4929,"SVENSSON, INGEMAR",Nej,SWE,,1955-07-22,,IF ELFSBORG,1979-1981,32,1,"TID IF TRION, FR EMMAB 78"
3621,"SVENSSON, INGMAR",Nej,SWE,SOBELIUS,1934-12-02,2022-03-10,HELSINGBORGS IF,1956-1961,110,0,"FR OLOFSTR, T KLIPPAN"
4260,"SVENSSON, INGVAR",Nej,SWE,,1939-12-16,,IFK GÖTEBORG,1960-1968,147,27,
4260,"SVENSSON, INGVAR",Nej,SWE,,1939-12-16,,ÅTVIDABERGS FF,1972-1973,45,5,
4250,"SVENSSON, JAN",Nej,SWE,"LILLEN""SALTÖ",1944-04-27,,DJURGÅRDENS IF,1967-1971,89,11,-3379
4250,"SVENSSON, JAN",Nej,SWE,"LILLEN""SALTÖ",1944-04-27,,HAMMARBY IF,1974-1979,117,0,
4849,"SVENSSON, JAN",Nej,SWE,,1956-04-24,,IFK NORRKÖPING,1977-1987,174,35,
4858,"SVENSSON, JAN",Nej,SWE,,1952-09-19,,ÖREBRO SK,1974-1978,93,4,"FR BODAFORS,SEN HEIMER 79"
5248,"SVENSSON, JAN",Nej,SWE,ADIDAS,1962-11-17,,ÅTVIDABERGS FF,1982,11,0,
4843,"SVENSSON, JAN-ÅKE",Nej,SWE,,1951-01-07,,MALMÖ FF,1970-1973,12,0,
0633,"SVENSSON, JENS",Nej,SWE,,1972-03-27,,ÖSTERS IF,1995-1998,79,6,
0633,"SVENSSON, JENS",Nej,SWE,,1972-03-27,,TRELLEBORGS FF,1999-2001,57,4,
9040,"SVENSSON, JESPER",Nej,SWE,,1990-03-06,,JÖNKÖPINGS SÖDRA IF,2016-2017,53,2,
6083,"SVENSSON, JIMMY",Nej,SWE,PAULSÉN,1977-12-03,,IFK GÖTEBORG,1997-2003,80,4,
0777,"SVENSSON, JOHAN",Nej,SWE,,1974-12-26,,VÄSTERÅS SK,1997,23,1,
6763,"SVENSSON, JOHAN",Nej,SWE,,1981-01-22,,ÖSTERS IF,2003,26,2,
6763,"SVENSSON, JOHAN",Nej,SWE,,1981-01-22,,MJÄLLBY AIF,2010-2011,40,0,
6350,"SVENSSON, JÖRGEN",Nej,SWE,SVINTEN,1976-05-23,,TRELLEBORGS FF,1996-1999,44,4,
4293,"SVENSSON, KAJ",Nej,SWE,,1948-02-23,,ÖRGRYTE IS,1967-1968,6,1,SEN IFK STHLM 70
4293,"SVENSSON, KAJ",Nej,SWE,,1948-02-23,,HAMMARBY IF,1973-1975,21,0,
6809,"SVENSSON, KARL",Nej,SWE,,1984-03-21,,IFK GÖTEBORG,2003-2011,81,5,
3623,"SVENSSON, KARL-AXEL",Nej,SWE,KACKA,1928-11-25,2012-02-18,JÖNKÖPINGS SÖDRA IF,1953-1960,61,0,FR HULTSFRED
2926,"SVENSSON, KARL",Ja,SWE,RIO-KALLE,1925-11-11,2000-07-15,HELSINGBORGS IF,1944-1962,349,0,
4972,"SVENSSON, KENT",Nej,SWE,KEXET,1958-01-16,,HAMMARBY IF,1979-1981,30,1,
4253,"SVENSSON, KJELL",Nej,SWE,,1945-10-31,2024-03-14,IF ELFSBORG,1964,5,2,FR/T LIMMARED
2921,"SVENSSON, KURT",Nej,SWE,SKEPPSHULT,1927-04-15,2016-07-11,IS HALMIA,1946-1950,72,29,
4282,"SVENSSON, LARS",Ja,SWE,,1944-02-17,,IK SIRIUS,1969,10,0,FR IFK KRIST
5905,"SVENSSON, LARS",Ja,SWE,,1965-03-01,,ÖSTERS IF,1992,1,0,
3637,"SVENSSON, LEIF",Nej,SWE,,1937-05-29,2014-11-17,IFK MALMÖ,1958-1959,45,0,"F IFK TRELL,S HÄSSLEH IF"
3631,"SVENSSON, LENNART",Nej,SWE,LILL-KICK,1934-11-18,,MALMÖ FF,1957-1966,183,33,
4252,"SVENSSON, LENNART",Nej,SWE,,1944-05-26,,ÖREBRO SK,1965,9,3,
4252,"SVENSSON, LENNART",Nej,SWE,,1944-05-26,,IF ELFSBORG,1970,1,0,
5572,"SVENSSON, MAGNUS",Nej,SWE,FIMPEN,1971-01-08,,GIF SUNDSVALL,1989-2003,56,0,
6098,"SVENSSON, MAGNUS",Nej,SWE,TURBO,1969-03-10,,HALMSTADS BK,1994-2006,192,7,
6426,"SVENSSON, MATHIAS",Nej,SWE,,1974-09-24,,IF ELFSBORG,2005-2007,61,13,
4261,"SVENSSON, MATS",Nej,SWE,,1940-03-13,,IFK GÖTEBORG,1964,10,0,"VARB GIF,VARB BOIS -62"
0629,"SVENSSON, MATS",Ja,SWE,,1971-11-22,,LANDSKRONA BoIS,1994-2005,74,0,
9032,"SVENSSON, MAX",Nej,SWE,,1998-06-19,,HELSINGBORGS IF,2016-2020,61,13,
6592,"SVENSSON, MICHAEL",Nej,SWE,PILLO,1975-11-25,,HALMSTADS BK,1998-2013,86,5,
5660,"SVENSSON, MIKAEL",Nej,SWE,,1966-10-05,,ÖSTERS IF,1988,20,0,
2147,"SVENSSON, MÅRTEN",Nej,SWE,MOMPEN SERNLUND,1917-10-11,1987-04-15,ÖRGRYTE IS,1937-1940,49,9,
6425,"SVENSSON, NICLAS",Nej,SWE,,1970-09-03,,BK HÄCKEN,2000-2001,45,8,
1553,"SVENSSON, NILS",Nej,SWE,,1902-12-05,1987-12-21,LANDSKRONA BoIS,1925-1932,136,86,
4271,"SVENSSON, NILS",Nej,SWE,DULLA,1941-02-08,,HELSINGBORGS IF,1962-1964,22,3,
5416,"SVENSSON, OLA",Nej,SWE,OLDIN+,1964-04-06,,HALMSTADS BK,1982-1987,64,4,
5416,"SVENSSON, OLA",Nej,SWE,OLDIN+,1964-04-06,,IFK GÖTEBORG,1988-1993,122,15,
5990,"SVENSSON, OLA",Nej,SWE,,1967-07-11,,DEGERFORS IF,1993-1995,53,0,
3636,"SVENSSON, OVE",Nej,SWE,SALTÖ,1937-11-10,2013-08-15,IFK MALMÖ,1959,16,2,"FR SALTÖ 59, T LANDSKR 61"
6737,"SVENSSON, PATRIK",Nej,SWE,,1979-06-06,,TRELLEBORGS FF,1999-2004,78,6,FR OLYMPIC
4842,"SVENSSON, PER-ERIK",Nej,SWE,,1951-10-11,2019-10-09,IFK LULEÅ,1971,1,0,SEN OPE 75
4863,"SVENSSON, PETER",Nej,SWE,PEPPE,1954-11-15,,ÖSTERS IF,1974-1984,207,30,
1548,"SVENSSON, RAGNAR",Nej,SWE,PYSEN,1902-08-12,1930-06-18,IFK GÖTEBORG,1926,6,0,"HAGA IF, OTTEHÄLLAN"
1552,"SVENSSON, RAGNAR",Nej,SWE,LANDBERG,1902-01-11,1976-01-09,LANDSKRONA BoIS,1925-1927,37,7,
0631,"SVENSSON, RASMUS",Nej,SWE,,1971-09-05,,MALMÖ FF,1991,1,0,
0631,"SVENSSON, RASMUS",Nej,SWE,,1971-09-05,,HALMSTADS BK,1993-1996,47,0,
4931,"SVENSSON, ROGER",Ja,SWE,,1960-10-10,,IF ELFSBORG,1979-1987,102,0,
4931,"SVENSSON, ROGER",Ja,SWE,,1960-10-10,,MALMÖ FF,1990,4,0,
4806,"SVENSSON, ROLAND",Nej,SWE,GATTA,1950-08-24,,IFK NORRKÖPING,1972-1975,7,0,
4806,"SVENSSON, ROLAND",Nej,SWE,GATTA,1950-08-24,,BK DERBY,1977,21,0,
2928,"SVENSSON, ROLF",Nej,SWE,,1922-03-31,2004-03-22,HELSINGBORGS IF,1943-1949,108,34,
4807,"SVENSSON, RONNY",Nej,SWE,LILLEN,1953-12-02,,BK DERBY,1977,11,0,BK KENTY
4854,"SVENSSON, RONNY",Nej,SWE,DOLLAR,1946-05-14,,GIF SUNDSVALL,1975,7,0,
4805,"SVENSSON, RUBEN",Nej,SWE,RUS,1953-09-28,,BK DERBY,1977,26,0,
4805,"SVENSSON, RUBEN",Nej,SWE,RUS,1953-09-28,,IFK GÖTEBORG,1978-1985,175,23,
4805,"SVENSSON, RUBEN",Nej,SWE,RUS,1953-09-28,,VÄSTRA FRÖLUNDA IF,1987,18,1,
3616,"SVENSSON, SAMI",Ja,SWE,,1931-06-07,2016-10-21,IFK GÖTEBORG,1955,2,0,RIK
5335,"SVENSSON, STEFAN",Nej,SWE,FRIBERG SVENSSON,1958-01-18,,DJURGÅRDENS IF,1986,7,0,
3638,"SVENSSON, STIG",Nej,SWE,JÄMSHÖG,1928-08-10,2018-02-18,IFK MALMÖ,1953,4,1,
4272,"SVENSSON, STIG",Ja,SWE,,1938-04-17,2021-06-17,HELSINGBORGS IF,1961,5,0,
4848,"SVENSSON, SVEN-ERIK",Nej,SWE,,1950-09-20,,IFK NORRKÖPING,1974-1976,4,0,
2927,"SVENSSON, SVEN-OVE",Nej,SWE,SOS,1922-06-09,1986-12-21,HELSINGBORGS IF,1945-1958,272,54,
6847,"SVENSSON, THOMAS",Ja,SWE,,1974-03-26,,BK HÄCKEN,2000-2001,8,0,
4859,"SVENSSON, THORBJÖRN",Nej,SWE,,1945-12-01,1984-04-12,ÖREBRO SK,1970-1972,34,3,
1545,"SVENSSON, THORSTEN",Nej,SWE,,1901-10-08,1954-06-29,GAIS,1925-1928,72,28,
1545,"SVENSSON, THORSTEN",Nej,SWE,,1901-10-08,1954-06-29,IFK GÖTEBORG,1930,6,0,
2122,"SVENSSON, THURE",Nej,SWE,KUSKEN,1902-07-21,1988-07-29,GEFLE IF,1934-1935,28,0,
2133,"SVENSSON, THURE",Nej,SWE,,1912-03-06,1997-05-30,HALMSTADS BK,1934-1936,60,0,
2309,"SVENSSON, THURE",Nej,SWE,,1911-12-30,1994-12-06,HELSINGBORGS IF,1931,1,0,
2134,"SVENSSON, TOBIAS",Nej,SWE,TOBIE,1909-05-16,1968-06-27,HALMSTADS BK,1934-1936,57,21,FR FALKENB FF
4294,"SVENSSON, TOMMY",Nej,SWE,,1945-03-04,,ÖSTERS IF,1968-1977,179,25,
4815,"SVENSSON, TOMMY",Nej,SWE,,1955-06-26,,IF ELFSBORG,1973-1983,178,45,
4956,"SVENSSON, TOMMY",Nej,SWE,HUGOSSON,1953-12-25,,IS HALMIA,1979,2,0,FR WALLDIA
3607,"SVENSSON, TORE",Ja,SWE,,1927-12-06,2002-04-26,IF ELFSBORG,1950-1951,22,0,
3607,"SVENSSON, TORE",Ja,SWE,,1927-12-06,2002-04-26,MALMÖ FF,1952-1961,215,0,
2127,"SVENSSON, URBAN",Nej,SWE,,1909-12-01,1975-04-06,IFK GÖTEBORG,1932-1934,33,0,
8058,"SVENSSON, VICTOR",Nej,SWE,,1990-03-06,,TRELLEBORGS FF,2009-2011,28,0,
1556,"SVENSSON, ÅKE",Nej,SWE,,1906-10-07,1988-07-21,IFK MALMÖ,1925-1932,78,0,
2121,"SVENSSON, ÅKE",Nej,SWE,,1911-03-28,1979-06-01,GAIS,1937,4,1,KVAL M FÄSSBERG
9495,"SVERRISSON, OSKAR",Nej,SWE,,1992-11-26,,BK HÄCKEN,2019-2021,29,0,
9495,"SVERRISSON, OSKAR",Nej,SWE,,1992-11-26,,VARBERGS BOIS,2022-2023,34,0,
6616,"SVERRISSON, SVERRIR",Nej,ISL,,1969-12-31,,MALMÖ FF,1998-1999,31,7,
8536,"SVÄRD, SEBASTIAN",Nej,DAN,,1983-01-15,,SYRIANSKA FC,2013,10,0,
9566,"SWEDBERG, WILLIOT",Nej,SWE,,2004-02-01,,HAMMARBY IF,2021-2022,29,7,
2914,"SWERIN, GÖSTA",Nej,SWE,,1920-04-21,2011-12-27,IFK GÖTEBORG,1944,1,0,
4816,"SWÄRD, CHRISTER",Nej,SWE,,1949-07-23,,IF ELFSBORG,1973-1976,76,8,
8270,"SWÄRD, DANIEL",Nej,SWE,,1990-02-22,,ÅTVIDABERGS FF,2010,1,0,
3611,"SYDEGÅRD, KARL-OLOF",Nej,SWE,KJULA,1931-07-31,,IFK ESKILSTUNA,1958,8,0,
7443,"SYLA, FIDAN",Nej,SWE,,1983-12-10,,ÖRGRYTE IS,2004,1,0,
9021,"SYLISUFAJ, EDI",Nej,SWE,,2000-03-08,,FALKENBERGS FF,2016-2020,47,8,
9021,"SYLISUFAJ, EDI",Nej,SWE,,2000-03-08,,IK SIRIUS,2021-2023,56,5,
7289,"SYPNIEWSKI, IGOR",Nej,POL,,1974-11-10,2022-11-04,HALMSTADS BK,2003,21,10,OFTA FEL 741011
7289,"SYPNIEWSKI, IGOR",Nej,POL,,1974-11-10,2022-11-04,MALMÖ FF,2004,8,2,
7289,"SYPNIEWSKI, IGOR",Nej,POL,,1974-11-10,2022-11-04,TRELLEBORGS FF,2004,2,0,
6846,"SYVERSEN, FREDRIK",Nej,SWE,,1978-06-29,,BK HÄCKEN,2000,7,0,
3642,"SÜLLA, ENDEL",Nej,SWE,,1936-04-15,2014-12-27,NORRBY IF,1956,3,0,
5373,"SZANTO, GABOR",Nej,UNG,,1958-01-31,,IF ELFSBORG,1987,12,0,
4241,"SZEPANSKI, DAG",Nej,SWE,,1943-12-25,,MALMÖ FF,1967-1969,50,33,
4241,"SZEPANSKI, DAG",Nej,SWE,,1943-12-25,,AIK,1970-1973,91,31,
6485,"SZILAGYI, STEFAN",Nej,RUM,,1971-01-26,,PANOS LJUNGSKILE SK,1997,1,0,
5697,"SZUSTER, KRYSTIAN",Nej,POL,,1963-03-06,,HALMSTADS BK,1990,9,0,
4819,"SÄLLSTRÖM, LEO",Nej,SWE,,1951-07-17,2017-11-00,IF ELFSBORG,1970-1973,6,0,
2951,"SÄÄW, OLLE",Nej,SWE,OLOF,1928-01-26,2015-08-27,ÖREBRO SK,1947-1964,155,2,
7655,"SÖDER, ROBIN",Nej,SWE,,1991-04-01,,IFK GÖTEBORG,2008-2021,186,41,
6942,"SÖDERBERG, CHRISTIAN",Nej,SWE,,1985-04-15,,GIF SUNDSVALL,2008,15,0,
7938,"SÖDERBERG, FREDDY",Nej,SWE,,1984-11-08,,HAMMARBY IF,2008-2009,39,3,
7938,"SÖDERBERG, FREDDY",Nej,SWE,,1984-11-08,,ÖSTERS IF,2013,29,3,
2125,"SÖDERBERG, GUSTAF",Nej,SWE,,1914-10-22,1986-04-04,GÅRDA BK,1937-1943,134,26,
4254,"SÖDERBERG, JENS",Nej,SWE,,1938-10-22,2019-08-12,IF ELFSBORG,1961-1969,54,17,"SKÄRHAMN 69,EM SPANIEN"
4254,"SÖDERBERG, JENS",Nej,SWE,,1938-10-22,2019-08-12,ÖRGRYTE IS,1964-1966,56,6,
3602,"SÖDERBERG, LENNART",Nej,SWE,LISTON,1941-07-07,2022-10-13,AIK,1959-1966,85,1,
9567,"SÖDERBERG, NOAH",Nej,SWE,,2001-08-21,,IF ELFSBORG,2021-2023,51,5,
7588,"SÖDERBERG, OLE",Ja,SWE,,1990-07-20,,KALMAR FF,2014-2020,64,0,
7588,"SÖDERBERG, OLE",Ja,SWE,,1990-07-20,,ATHLETIC FC ESKILSTU,2019,12,0,
8043,"SÖDERBERG, TOM",Nej,SWE,,1987-08-25,,BK HÄCKEN,2009-2012,77,6,
8043,"SÖDERBERG, TOM",Nej,SWE,,1987-08-25,,IF ELFSBORG,2013,18,3,
4257,"SÖDERBLOM, RALF",Nej,SWE,,1948-11-16,,GAIS,1967-1973,40,4,
1544,"SÖDERÉN, FILIP",Nej,SWE,,1900-11-19,1955-11-04,IFK ESKILSTUNA,1925-1926,14,6,EJ 011119
2890,"SÖDERGREN, GUNNAR",Nej,SWE,,1920-12-03,1985-02-04,AIK,1942-1947,32,6,
2890,"SÖDERGREN, GUNNAR",Nej,SWE,,1920-12-03,1985-02-04,KALMAR FF,1950,17,4,
2890,"SÖDERGREN, GUNNAR",Nej,SWE,,1920-12-03,1985-02-04,HELSINGBORGS IF,1951,1,0,
2890,"SÖDERGREN, GUNNAR",Nej,SWE,,1920-12-03,1985-02-04,RÅÅ IF,1952,2,0,
2890,"SÖDERGREN, GUNNAR",Nej,SWE,,1920-12-03,1985-02-04,JÖNKÖPINGS SÖDRA IF,1953,7,2,
4825,"SÖDERGREN, TOMMY",Nej,SWE,,1947-04-01,,HALMSTADS BK,1972-1975,42,0,
3635,"SÖDERHOLM, TORE",Nej,SWE,,1932-05-09,2016-09-22,MALMÖ FF,1954-1955,17,0,
2310,"SÖDERKVIST, JOHN",Nej,SWE,,1910-02-11,1958-09-27,HALLSTAHAMMARS SK,1932,15,1,
6479,"SÖDERLIND, ROGER",Nej,SWE,,1967-09-27,,PANOS LJUNGSKILE SK,1997,18,1,
4243,"SÖDERLING, BENNY",Nej,SWE,GULDFOT,1941-03-11,2009-05-24,AIK,1963-1964,9,4,
2947,"SÖDERLING, GUSTAF",Nej,SWE,GURRA,1911-09-24,1988-02-29,REYMERSHOLMS IK,1942,8,2,EGENTL SAMUELSSON
9697,"SÖDERLUND, ALEXANDER",Nej,NOR,,1987-08-03,,BK HÄCKEN,2020,23,8,
3610,"SÖDERQVIST, HANS-OLOF",Nej,SWE,LOLLO,1936-01-18,,IFK ESKILSTUNA,1958-1964,41,0,
7855,"SÖDERQVIST, MÅNS",Nej,SWE,,1993-02-08,,KALMAR FF,2010-2019,130,20,
7855,"SÖDERQVIST, MÅNS",Nej,SWE,,1993-02-08,,HAMMARBY IF,2015-2016,33,3,
3609,"SÖDERQVIST, NILS-BIRGER",Nej,SWE,NIBBE,1934-05-20,2011-12-04,IFK ESKILSTUNA,1958-1964,55,2,
4864,"SÖDERQVIST, STAFFAN",Nej,SWE,,1951-04-15,,ÖSTERS IF,1971-1975,28,7,
4838,"SÖDERSTJERNA, CHRISTER",Nej,SWE,,1951-10-28,,LANDSKRONA BoIS,1973,3,0,
6144,"SÖDERSTJERNA, HÅKAN",Nej,SWE,,1975-10-30,,LANDSKRONA BoIS,1994-2005,39,5,
1540,"SÖDERSTRÖM, ALLAN",Nej,SWE,,1900-01-04,1978-07-08,IK CITY,1926,9,0,
4286,"SÖDERSTRÖM, BERNDT",Nej,SWE,,1938-07-02,2020-12-25,ÅTVIDABERGS FF,1968-1969,35,6,FR KISA BK
3648,"SÖDERSTRÖM, FRANK",Nej,SWE,,1931-02-06,2023-04-03,VÄSTERÅS SK,1957,14,0,
5984,"SÖDERSTRÖM, FREDRIK",Nej,SWE,,1973-01-30,,IK BRAGE,1993,4,0,
5984,"SÖDERSTRÖM, FREDRIK",Nej,SWE,,1973-01-30,,HAMMARBY IF,2008-2009,36,2,
1578,"SÖDERSTRÖM, HUGO",Nej,SWE,SITTING,1902-01-09,1978-11-27,DJURGÅRDENS IF,1928,22,2,
1578,"SÖDERSTRÖM, HUGO",Nej,SWE,SITTING,1902-01-09,1978-11-27,AIK,1929,6,0,
9603,"SÖDERSTRÖM, KARL",Nej,SWE,,1985-10-26,,FALKENBERGS FF,2019-2020,58,4,
2907,"SÖDERSTRÖM, KURT",Nej,SWE,KOCKEN,1928-03-13,1998-10-16,IF ELFSBORG,1947-1952,77,2,
2129,"SÖDERSTRÖM, MARTIN",Nej,SWE,,1913-10-10,2006-01-15,HALLSTAHAMMARS SK,1939,17,3,
2101,"SÖDERSTRÖM, SVEN",Nej,SWE,TOMTEN,1912-07-25,1985-11-11,AIK,1935-1938,53,3,
8489,"SÖDERSTRÖM, TIM",Nej,SWE,WAKER,1994-01-04,,DJURGÅRDENS IF,2013,2,0,
8489,"SÖDERSTRÖM, TIM",Nej,SWE,WAKER,1994-01-04,,IF BROMMAPOJKARNA,2018-2023,41,1,
8489,"SÖDERSTRÖM, TIM",Nej,SWE,WAKER,1994-01-04,,HAMMARBY IF,2019-2020,42,1,
8138,"SÖDERSTRÖM, VICTOR",Nej,SWE,,1994-01-17,,IF BROMMAPOJKARNA,2013-2014,18,0,
6607,"SÖNDERGAARD, JOAKIM",Nej,SWE,,1971-05-12,,BK HÄCKEN,1998-2001,71,7,
5148,"SÖRENSEN, HARALD",Nej,DAN,,1958-10-01,,BK HÄCKEN,1983,6,0,
6948,"SÖRENSEN, PETER",Nej,DAN,,1973-03-24,,MALMÖ FF,2001-2002,28,0,
4279,"SÖRENSSON, LARS",Ja,SWE,,1947-02-08,,MALMÖ FF,1966,1,0,
7002,"SÖRENSSON, MÅNS",Nej,SWE,,1986-04-02,,LANDSKRONA BoIS,2003-2005,13,0,
4269,"SÖRENSSON, RONNY",Ja,SWE,,1949-04-08,,HELSINGBORGS IF,1968,20,0,
4269,"SÖRENSSON, RONNY",Ja,SWE,,1949-04-08,,LANDSKRONA BoIS,1972-1979,154,4,
4835,"SÖRMAN, RONNY",Nej,SWE,,1950-05-05,,KALMAR FF,1976-1979,67,2,
5161,"SÖRUM, THOMAS",Nej,NOR,,1982-11-17,,HELSINGBORGS IF,2011-2012,28,3,
7442,"S , MARCELO",Nej,BRA,,1984-04-19,,ÖRGRYTE IS,2004,8,0,MARCELO NOGUEIRA SA
7955,"TABE, ETCHU",Nej,USA/KAM,,1986-07-12,,PANOS LJUNGSKILE SK,2008,19,0,
7983,"TABULA, ABUBAKARI",Nej,UGA,,1980-06-12,,GIF SUNDSVALL,2008,5,0,
7696,"TAHIROVIC, EMRA",Nej,BOS/SWE,,1987-07-31,,HALMSTADS BK,2006-2007,30,7,FD TAHIRI
7696,"TAHIROVIC, EMRA",Nej,BOS/SWE,,1987-07-31,,ÖREBRO SK,2009,9,1,
9179,"TAIWO, TAYE",Nej,NIG/FRA,,1985-04-16,,ATHLETIC FC ESKILSTU,2017,9,0,
9597,"TAKAHASHI, SOYA",Nej,JAP,,1996-02-29,,ATHLETIC FC ESKILSTU,2019,8,0,
6868,"TALEBINEJAD, ARASH",Nej,SWE,,1981-03-25,,VÄSTRA FRÖLUNDA IF,2000,13,2,
6868,"TALEBINEJAD, ARASH",Nej,SWE,,1981-03-25,,AIK,2003-2004,27,3,
6868,"TALEBINEJAD, ARASH",Nej,SWE,,1981-03-25,,IF BROMMAPOJKARNA,2007,23,2,
6288,"TAMANDI, JIMMY",Nej,SWE/JAM,,1980-05-12,,MALMÖ FF,1999-2001,28,1,
6288,"TAMANDI, JIMMY",Nej,SWE/JAM,,1980-05-12,,AIK,2002-2007,107,3,
6288,"TAMANDI, JIMMY",Nej,SWE/JAM,,1980-05-12,,GAIS,2010-2011,22,0,
7707,"TAMBOURA, ADAMA",Nej,MLI,,1985-05-18,,HELSINGBORGS IF,2006-2009,65,0,
9045,"TAMIMI, JONATHAN",Nej,SWE,,1994-10-12,,JÖNKÖPINGS SÖDRA IF,2016-2017,26,0,
9045,"TAMIMI, JONATHAN",Nej,SWE,,1994-10-12,,GIF SUNDSVALL,2018-2019,59,1,
9045,"TAMIMI, JONATHAN",Nej,SWE,,1994-10-12,,MJÄLLBY AIF,2020,20,0,
9045,"TAMIMI, JONATHAN",Nej,SWE,,1994-10-12,,DEGERFORS IF,2021,18,0,
8360,"TAMM, JOONAS",Nej,EST,,1992-02-02,,IFK NORRKÖPING,2011-2013,5,0,
8356,"TANKOVIC, ARMIN",Nej,SWE,,1990-03-22,,IFK NORRKÖPING,2011-2012,20,0,
8158,"TANKOVIC, MUAMER",Nej,SWE,MUJO,1995-02-22,,HAMMARBY IF,2017-2020,84,29,
2962,"TAPPER, BÖRJE",Nej,SWE,,1922-03-20,1981-04-08,MALMÖ FF,1940-1951,191,91,
4303,"TAPPER, STAFFAN",Nej,SWE,,1948-07-10,,MALMÖ FF,1967-1979,220,42,
4300,"TAPPER, ULF",Nej,SWE,MYRAN,1945-09-29,1971-10-27,HELSINGBORGS IF,1965-1968,28,4,FR DROTT
1589,"TAPPER, UNO",Nej,SWE,,1902-03-23,1972-06-01,IFK MALMÖ,1925,2,0,
3662,"TARRING, STURE",Nej,SWE,,1929-02-22,2018-01-18,IFK MALMÖ,1953-1958,50,11,
8785,"TASIC, FILIP",Nej,SWE,,1998-11-12,,DJURGÅRDENS IF,2016,1,0,
6127,TATI,Nej,SPA,DONATO ALCALDE TIELES,1964-01-22,,LANDSKRONA BoIS,1994,7,0,
1513,"TAUER, JAN",Nej,TYS,,1983-08-26,,DJURGÅRDENS IF,2007-2009,57,2,
6460,"TAVELL, BRUNE",Nej,SWE,,1974-04-29,,MALMÖ FF,1997-1999,61,3,
9159,"TAYLOR, ROBERT",Nej,ENG/FIN,,1994-10-21,,AIK,2017,4,0,
0783,"TEBERIO, RIKARD",Nej,SWE,,1971-10-17,,VÄSTRA FRÖLUNDA IF,1992-1995,66,17,
0783,"TEBERIO, RIKARD",Nej,SWE,,1971-10-17,,DEGERFORS IF,1996,6,0,
4869,"TEBLIN, JAN",Nej,SWE,,1946-09-03,2019-02-08,BRYNÄS IF,1974,2,0,
9891,"TEBO UCHENNA, FRANKLIN",Nej,NIG,,2000-01-15,,BK HÄCKEN,2021-2023,21,0,
7726,"TEEVER, INGEMAR",Nej,EST,,1983-02-24,,ÖSTERS IF,2006,25,3,
8786,"TEKIE, TESFALDET",Nej,SWE,,1997-06-04,,IFK NORRKÖPING,2015-2016,32,0,EV GULD 2015
8786,"TEKIE, TESFALDET",Nej,SWE,,1997-06-04,,ÖSTERSUNDS FK,2018-2019,27,2,
8786,"TEKIE, TESFALDET",Nej,SWE,,1997-06-04,,HAMMARBY IF,2023,16,2,
1590,"TELENIUS, HERBERT",Nej,SWE,,1900-08-22,1982-05-25,VÄSTERÅS IK,1925,2,0,FR VSK. F I USA.
6489,"TELJIGOVIC, AMIR",Nej,BIH,,1968-08-17,,TRELLEBORGS FF,1997-1998,46,3,
9783,"TELLGREN, EDVIN",Nej,SWE,,2005-01-19,,IFK NORRKÖPING,2021,1,0,
2960,"TELLRAM, TERGE",Nej,SWE,PERSSON TID.,1923-09-06,2003-02-04,IS HALMIA,1945-1950,63,9,
7630,"TELO, CHRISTOPHER",Nej,SWE,,1989-11-04,,IFK NORRKÖPING,2008-2022,214,13,
4304,"TENGBERG, LARS",Nej,SWE,,1938-07-03,,MALMÖ FF,1960,6,1,
7214,"TENGROTH, ERIK",Nej,SWE,,1987-05-29,,ÖSTERS IF,2006,6,0,
3661,"TENGVALL, KJELL",Nej,SWE,,1926-11-27,2002-05-04,MALMÖ FF,1952-1954,4,2,SEN HAMMENHÖGS IF 56
7031,"TENNYSON JR, MCKINLEY",Nej,USA,KEI,1979-03-24,,GIF SUNDSVALL,2001,4,0,
9173,"TERMANINI, MICHEL",Nej,SWE,DADO,1998-05-08,,ATHLETIC FC ESKILSTU,2017,1,0,
6339,"TERNEBY, PETER",Nej,SWE,,1971-07-08,,IK ODDEVOLD,1996,12,0,
5877,"TERNSTRÖM, LARS",Nej,SWE,,1973-02-14,,GAIS,1992,1,0,
6449,"TETTEH, EMMANUEL",Nej,GHA,E.T.,1974-12-25,,IFK GÖTEBORG,1997-1999,49,15,
4302,"THAGESSON, LARS",Nej,SWE,,1947-09-29,,JÖNKÖPINGS SÖDRA IF,1969,3,0,FR NJURUNDA IK
4872,"THEANDER, PER-ÅKE",Nej,SWE,,1955-07-19,,LANDSKRONA BoIS,1977-1980,75,5,
4871,"THEANDER, ROLF",Nej,SWE,,1957-02-07,,LANDSKRONA BoIS,1976-1978,6,0,
3656,"THELIN, OVE",Nej,SWE,,1929-04-09,2017-04-30,IFK GÖTEBORG,1954-1955,9,2,FR MÖLNLYCKE
9039,"THELIN, TOMMY",Nej,SWE,,1983-09-22,,JÖNKÖPINGS SÖDRA IF,2016-2017,60,12,
4298,"THELL, CLAES",Nej,SWE,,1940-01-07,2016-10-21,IFK ESKILSTUNA,1964,1,0,
4874,"THELL, LEIF",Nej,SWE,,1950-05-22,,ÅTVIDABERGS FF,1974-1979,75,13,
2963,"THEORIN, BERNT",Nej,SWE,,1927-07-28,1959-01-10,MALMÖ FF,1948,1,0,
5063,"THEORIN, BO",Nej,SWE,,1954-06-05,,IK BRAGE,1980-1983,64,2,
7601,"THEORIN, DANIEL",Nej,SWE,,1983-08-04,,MALMÖ FF,2007,1,0,
7601,"THEORIN, DANIEL",Nej,SWE,,1983-08-04,,GEFLE IF,2008-2011,93,4,
5493,"THERN, JONAS",Nej,SWE,,1967-03-20,,MALMÖ FF,1985-1989,68,10,
8089,"THERN, SIMON",Nej,SWE,,1992-09-18,,HELSINGBORGS IF,2011,23,2,
8089,"THERN, SIMON",Nej,SWE,,1992-09-18,,MALMÖ FF,2012-2014,71,9,
8089,"THERN, SIMON",Nej,SWE,,1992-09-18,,AIK,2017,24,1,
8089,"THERN, SIMON",Nej,SWE,,1992-09-18,,IFK NORRKÖPING,2018-2020,74,9,
8089,"THERN, SIMON",Nej,SWE,,1992-09-18,,IFK GÖTEBORG,2021-2022,41,3,
8089,"THERN, SIMON",Nej,SWE,,1992-09-18,,IFK VÄRNAMO,2023,23,1,
9940,"THILL, VINCENT",Nej,LUX,,2000-02-04,,AIK,2022-2023,19,1,
3659,"THILLBERG, HENRY",Nej,SWE,,1930-08-17,2022-02-06,MALMÖ FF,1952-1962,177,43,
4868,"THOFTE, MANNI",Nej,SWE,,1953-06-28,,AIK,1974-1976,16,1,
2162,"THOLANDER, ÅKE",Nej,SWE,,1914-10-21,2005-08-28,GAIS,1936,2,0,
4307,"THOLSON, CONNY",Nej,SWE,,1939-06-09,2012-08-19,ÖREBRO SK,1962-1965,52,12,
6623,"THOMAS, ANDREAS",Nej,SWE,,1976-01-17,,IFK NORRKÖPING,1998-1999,17,1,EM NORGE
8227,"THOMAS, MICHAEL",Nej,USA,,1988-03-08,,HALMSTADS BK,2010,5,0,
4305,"THOMASSON, BERTIL",Nej,SWE,,1940-01-26,2005-09-21,IFK MALMÖ,1962,3,0,
7320,"THOMASSON, MIKAEL",Nej,SWE,,1977-01-27,,ÖSTERS IF,2003,17,2,
2165,"THOMPSSON, BERTIL",Nej,SWE,,1914-11-19,1949-11-27,HELSINGBORGS IF,1938-1945,101,41,
2961,"THOMSON, ROBERT",Nej,SWE,,1921-07-19,1975-03-12,HELSINGBORGS IF,1942,1,0,FR ESLÖV
6722,"THOMSSON, ANDREAS",Nej,SWE,,1971-05-27,,KALMAR FF,1999,25,7,
6030,"THOR, CHRISTER",Nej,SWE,,1970-04-15,,VÄSTRA FRÖLUNDA IF,1993-1995,71,1,EM NORGE
6030,"THOR, CHRISTER",Nej,SWE,,1970-04-15,,ÖSTERS IF,1998-2003,26,1,
9228,"THOR, NIKLAS",Nej,SWE,TID.BUSCH THOR,1986-02-21,,IK SIRIUS,2017-2020,73,3,
6953,"THORARINSSON, ATLI",Nej,ISL,,1980-01-24,,ÖRGRYTE IS,2001-2004,44,0,
9222,"THORARINSSON, GUDMUNDUR",Nej,ISL,,1992-04-15,,IFK NORRKÖPING,2017-2019,82,4,
7548,"THORBJÖRNSSON, MARKUS",Nej,SWE,,1987-10-01,,KALMAR FF,2011-2018,147,3,
7548,"THORBJÖRNSSON, MARKUS",Nej,SWE,,1987-10-01,,DALKURD FF,2018,11,0,
6516,"THORDARSON, STEFAN",Nej,ISL,,1975-03-27,,ÖSTERS IF,1997-1998,35,9,
5036,"THORDARSON, TEITUR",Nej,ISL,,1952-01-14,,ÖSTERS IF,1978-1986,105,41,
6734,"THORDARSON, THORDUR",Ja,ISL,,1972-04-10,,IFK NORRKÖPING,1999,13,0,
2965,"THORÉN, OLLE",Ja,SWE,OLOF,1915-07-11,1981-12-12,IK SLEIPNER,1940,11,0,F/T FINSPÅNGS AIK
3664,"THORÉN, SAM",Nej,SWE,,1929-11-26,1987-01-30,VÄSTERÅS SK,1956,7,0,
1087,"THORIN, CARL",Nej,SWE,,1904-05-30,1990-06-01,IFK GÖTEBORG,1927,4,0,
1087,"THORIN, CARL",Nej,SWE,,1904-05-30,1990-06-01,REDBERGSLIDS IK,1931,18,0,
1087,"THORIN, CARL",Nej,SWE,,1904-05-30,1990-06-01,ÖRGRYTE IS,1932-1934,42,0,
8847,"THORISSON, GUDMANN",Nej,ISL,,1987-01-30,,MJÄLLBY AIF,2014,11,0,
8822,"THORLEIFSSON, ANDRÉS",Nej,SWE,,1988-07-19,,FALKENBERGS FF,2014,7,0,
2959,"THORN, INGVAR",Nej,SWE,PYDEN,1919-06-30,2013-03-26,GÅRDA BK,1941-1942,8,0,"FR GFF, SEN IFK V-ÅS"
3663,"THORSELIUS, ÅKE",Nej,SWE,,1933-11-21,,NORRBY IF,1956,3,0,
6852,"THORSELL, MATTIAS",Nej,SWE,,1972-03-31,,GIF SUNDSVALL,2000-2003,93,13,
3665,"THORSÉN, HARRY",Nej,SWE,HAITON,1920-12-02,2003-08-22,VÄSTERÅS SK,1956,12,0,
1594,"THORSSON, EINAR",Nej,SWE,,1909-05-02,1996-05-13,IFK ESKILSTUNA,1929-1931,2,1,
2173,"THORSSON, HARRY",Ja,SWE,,1910-09-25,1999-02-08,ÖRGRYTE IS,1933,1,0,FR IFK MÖLNDAL
6031,"THORSTENSSON, ANDERS",Nej,SWE,,1968-07-26,,VÄSTRA FRÖLUNDA IF,1993-1994,34,4,
6031,"THORSTENSSON, ANDERS",Nej,SWE,,1968-07-26,,IF ELFSBORG,1997,23,3,
6031,"THORSTENSSON, ANDERS",Nej,SWE,,1968-07-26,,BK HÄCKEN,1998-2000,41,4,
2958,"THORSTENSSON, CURT",Ja,SWE,TÖTA,1925-01-07,2020-06-13,GAIS,1947-1957,140,0,
7196,"THORSTENSSON, MIKAEL",Nej,SWE,,1985-01-24,,AIK,2009,12,0,
5415,"THORSTVEDT, ERIK",Ja,NOR,,1962-10-28,,IFK GÖTEBORG,1988,22,0,SKV
7145,"THORVALDSON, MAGNUS",Nej,SWE,,1973-02-22,,LANDSKRONA BoIS,2002-2003,48,5,FD KARLSSON
7401,"THORVALDSSON, GUNNAR HEI.",Nej,ISL,,1982-04-01,,HALMSTADS BK,2004-2006,38,16,
7401,"THORVALDSSON, GUNNAR HEI.",Nej,ISL,,1982-04-01,,IFK NORRKÖPING,2011-2013,70,34,
7401,"THORVALDSSON, GUNNAR HEI.",Nej,ISL,,1982-04-01,,BK HÄCKEN,2014-2015,23,3,
7478,"THUDIN, THOMAS",Ja,SWE,,1973-07-30,,ASSYRISKA FF,2005,1,0,
1587,"THULIN, BERTIL",Nej,SWE,,1903-05-16,1985-02-26,GAIS,1927-1931,63,24,
9620,"THULIN, CARL",Nej,SWE,,1999-07-05,,HELSINGBORGS IF,2019,2,0,
5093,"THUNELL, JAN",Nej,SWE,,1955-01-29,,GEFLE IF,1983-1984,39,1,
7498,"THURESSON, MIKAEL",Nej,SWE,,1980-08-12,,GEFLE IF,2005-2006,8,0,
2163,"THYBERG, GUNNAR",Nej,SWE,SARREN,1916-01-15,1997-02-25,GÅRDA BK,1937,2,0,FR LINDHOLMEN 3608
7861,"THYDELL, KRISTOFFER",Nej,SWE,,1993-03-17,,HALMSTADS BK,2010-2014,31,0,
0784,"THYLANDER, MATTIAS",Nej,SWE,SAMBA-TYLLE,1974-10-22,,MALMÖ FF,1995-1999,85,4,
0784,"THYLANDER, MATTIAS",Nej,SWE,SAMBA-TYLLE,1974-10-22,,AIK,2000-2001,27,0,
0784,"THYLANDER, MATTIAS",Nej,SWE,SAMBA-TYLLE,1974-10-22,,HALMSTADS BK,2002-2003,31,1,
0784,"THYLANDER, MATTIAS",Nej,SWE,SAMBA-TYLLE,1974-10-22,,TRELLEBORGS FF,2007-2009,53,3,
4870,"THYLIN, CHRISTER",Nej,SWE,,1954-12-28,,HAMMARBY IF,1972-1974,23,0,
1586,"THYSELIUS, ERIK",Nej,SWE,,1900-07-08,1990-01-16,IK CITY,1926,11,0,
1593,"THYSELL, KNUT",Nej,SWE,PUTTE,1907-12-03,1982-03-16,AIK,1928-1929,3,0,
1591,"THYSELL, NILS",Ja,SWE,,1903-01-25,1989-05-03,AIK,1928-1929,15,0,
1592,"THYSELL, OSCAR",Nej,SWE,OCKE,1900-12-03,1967-04-03,AIK,1928-1929,7,0,
4306,"THÄRNING, OVE",Nej,SWE,SMEN,1941-01-21,2017-07-14,IFK NORRKÖPING,1962,2,1,
5191,"THÖRNBERG, ANDERS",Nej,SWE,,1950-06-05,,MJÄLLBY AIF,1980,1,0,
5978,"THÖRNBERG, JENS",Nej,SWE,,1971-07-04,,IK BRAGE,1993,10,0,
5184,"THÖRNBERG, MATS",Nej,SWE,,1956-09-13,,MJÄLLBY AIF,1980-1983,21,2,
3666,"THÖRNER, PER",Nej,SWE,,1931-07-05,2004-08-29,ÖREBRO SK,1951-1953,65,7,FR IFK KUMLA 1949
2167,"THÖRNQVIST, ARNE",Nej,SWE,,1910-08-19,1977-07-25,IFK NORRKÖPING,1936,1,0,
5164,"THÖRNQVIST, MATS",Nej,SWE,,1962-01-08,,LANDSKRONA BoIS,1980,4,0,
6102,"THÖRNQVIST, PETER",Nej,SWE,,1967-05-05,,HAMMARBY IF,1994-1995,42,1,
2170,"THÖRNQVIST, STIG",Nej,SWE,,1914-02-08,1992-06-10,IK SLEIPNER,1936-1937,29,0,
2169,"THÖRNQVIST, ÅKE",Nej,SWE,BOBBEN,1915-09-25,1979-03-08,IK SLEIPNER,1935-1941,71,27,
8119,"TIBBLING, SIMON",Nej,SWE,,1994-09-07,,DJURGÅRDENS IF,2012-2014,73,3,
5543,"TIBORSSON, STEFAN",Nej,SWE,,1966-07-09,,IFK NORRKÖPING,1988,7,0,
9475,"TIDEMAN, ANTON",Nej,SWE,,1992-09-02,,TRELLEBORGS FF,2018,23,0,
6523,"TIDMAN, OLA",Ja,SWE,,1979-05-11,,MALMÖ FF,1998-1999,15,0,
9406,"TIHI, ROBIN",Nej,SWE,,2002-03-16,,AIK,2020-2023,26,1,
9406,"TIHI, ROBIN",Nej,SWE,,2002-03-16,,IFK VÄRNAMO,2022,28,0,
3660,"TILLBERG, INGMAR",Nej,SWE,,1926-12-27,1990-06-07,MALMÖ FF,1952,7,2,FR TRELL FF 4807
2966,"TIMAN, LARS",Nej,SWE,,1927-07-19,2018-04-23,ÖREBRO SK,1947,3,1,
9153,"TIMOSSI ANDERSSON, ALEX",Nej,SWE,,2001-01-19,,HELSINGBORGS IF,2020,28,5,
9153,"TIMOSSI ANDERSSON, ALEX",Nej,SWE,,2001-01-19,,IF BROMMAPOJKARNA,2023,8,0,
2956,"TINGLÖF, BERTIL",Ja,SWE,SIPPA,1930-09-02,2009-04-13,DEGERFORS IF,1949-1963,189,0,
4297,"TINGVALL, LARS-ÅKE",Nej,SWE,,1945-01-05,,IF ELFSBORG,1964,2,0,
8266,"TINNERHOLM, ANTON",Nej,SWE,,1991-02-26,,ÅTVIDABERGS FF,2010-2014,68,2,
8266,"TINNERHOLM, ANTON",Nej,SWE,,1991-02-26,,MALMÖ FF,2014-2023,102,6,
9316,"TITI, ADIL",Nej,SWE,,1999-08-20,,IFK GÖTEBORG,2019-2020,14,0,
2159,"TJERNBERG, TORE",Nej,SWE,,1915-05-19,2002-03-05,IK BRAGE,1939-1941,4,1,
5997,"TJERNSTRÖM, DANIEL",Nej,SWE,,1974-02-19,,DEGERFORS IF,1993-1995,63,2,
5997,"TJERNSTRÖM, DANIEL",Nej,SWE,,1974-02-19,,ÖREBRO SK,1996-1998,71,13,
5997,"TJERNSTRÖM, DANIEL",Nej,SWE,,1974-02-19,,AIK,1999-2013,277,11,
5296,"TJERNSTRÖM, ULF",Nej,SWE,,1965-11-26,,AIK,1989,12,1,
5296,"TJERNSTRÖM, ULF",Nej,SWE,,1965-11-26,,HAMMARBY IF,1990,11,1,
8361,"TKALCIC, NIKOLA",Nej,KRO,,1989-12-03,,IFK NORRKÖPING,2011-2017,106,8,
7340,"TOBIASSON, ANDREAS",Nej,SWE,,1983-12-14,,GAIS,2006-2009,65,3,
5401,"TOBIASSON, OVE",Ja,SWE,BULLEN,1962-10-27,,IFK GÖTEBORG,1981-1986,5,0,
3658,"TOGNER, BÖRJE",Nej,SWE,,1926-04-19,2017-03-16,KALMAR FF,1951-1955,27,0,
8209,"TOIVIO, JOONA",Nej,FIN,,1988-03-10,,DJURGÅRDENS IF,2010-2012,87,9,
8209,"TOIVIO, JOONA",Nej,FIN,,1988-03-10,,BK HÄCKEN,2018-2021,95,4,
7199,"TOIVONEN, OLA",Nej,SWE,,1986-07-03,,ÖRGRYTE IS,2006,25,6,
7199,"TOIVONEN, OLA",Nej,SWE,,1986-07-03,,MALMÖ FF,2007-2022,105,30,
9609,"TOKO, NZUZI",Nej,COD,,1990-11-20,,IFK GÖTEBORG,2019-2020,21,0,
9407,"TOLINSSON, JESPER",Nej,SWE,,2003-02-28,,IFK GÖTEBORG,2020-2021,16,0,
9407,"TOLINSSON, JESPER",Nej,SWE,,2003-02-28,,IFK NORRKÖPING,2023,10,0,
5994,"TOMASSON, EINAR PALL",Nej,ISL,,1968-10-18,,DEGERFORS IF,1993,8,0,
6645,"TOMAZ JR, VALTER",Nej,BRA,,1978-07-25,,ÖRGRYTE IS,1998-2006,163,4,
7152,"TONHETA, BRUNO BRA",Nej,SWE,,1978-08-22,,LANDSKRONA BoIS,2002,6,0,BRUNO AZENHA TONHETA
6798,"TORIN, MIKAEL",Nej,SWE,,1984-10-10,,IFK NORRKÖPING,2002,3,0,
8406,"TORNBLAD, LINUS",Nej,SWE,,1993-07-02,,GAIS,2012,26,2,
2957,"TORNBORG, CARL-JOHAN",Nej,SWE,,1920-01-29,1992-10-11,DJURGÅRDENS IF,1946-1948,55,0,
8956,"TORSTEINBÖ, FREDRIK",Nej,NOR,,1991-03-13,,HAMMARBY IF,2015-2017,53,7,
4875,"TORSTENSSON, CONNY",Nej,SWE,,1949-08-28,,ÅTVIDABERGS FF,1970-1980,99,24,
4873,"TORSTENSSON, GERHARD",Ja,SWE,,1954-08-26,,IFK NORRKÖPING,1976,2,0,SEN TIDAH GIF 79
2172,"TORSTENSSON, JOHN",Nej,SWE,,1917-11-08,1944-02-08,ÖRGRYTE IS,1936,1,0,"IF GÖTERNA,JÖNK, NORRAH"
4954,"TORSTENSSON, RONNY",Nej,SWE,,1953-07-30,,IS HALMIA,1979,3,0,
9146,"TOT WIKSTRÖM, EMIL",Nej,SWE,,1999-10-10,,HALMSTADS BK,2021,28,1,
9988,"TOTLAND, TOMAS",Nej,NOR,,1999-09-28,,BK HÄCKEN,2022-2023,44,1,
6196,"TOUMA, SHARBEL",Nej,SWE,,1979-03-25,,DJURGÅRDENS IF,1999-2010,50,13,
6196,"TOUMA, SHARBEL",Nej,SWE,,1979-03-25,,AIK,2000-2001,29,4,
6196,"TOUMA, SHARBEL",Nej,SWE,,1979-03-25,,HALMSTADS BK,2002-2004,68,20,
6196,"TOUMA, SHARBEL",Nej,SWE,,1979-03-25,,SYRIANSKA FC,2011-2013,66,16,
6944,"TOURANG, MANI",Nej,SWE,,1985-02-24,,AIK,2004,1,0,
7332,"TOURAY, PA DEMBO",Ja,GA,,1980-03-31,,DJURGÅRDENS IF,2004-2011,194,1,
2164,"TRANBERG, ARNE",Ja,SWE,,1914-10-05,1998-12-15,IFK GÖTEBORG,1938,14,0,MARIEHOLM
5601,"TRANBERG, ROBERT",Ja,SWE,,1969-07-21,,VÄSTRA FRÖLUNDA IF,1989-1999,63,0,
8108,"TRANBERG, ROBIN",Nej,SWE,,1993-02-06,,GIF SUNDSVALL,2016,18,0,
8108,"TRANBERG, ROBIN",Nej,SWE,,1993-02-06,,DALKURD FF,2018,24,2,
8108,"TRANBERG, ROBIN",Nej,SWE,,1993-02-06,,VARBERGS BOIS,2020-2023,95,6,
9489,"TRANBERG, VIKTOR",Nej,DAN,,1997-02-26,,ÖREBRO SK,2018,13,0,
9887,"TRAORÉ, BÉNIE",Nej,ELF,,2002-11-30,,BK HÄCKEN,2021-2023,41,15,
7131,"TRAORÉ, CHRISTIAN",Nej,DAN,,1982-04-18,,HAMMARBY IF,2002-2009,73,2,
8853,"TRAUSTASON, ARNOR",Nej,ISL,,1993-04-30,,IFK NORRKÖPING,2014-2023,96,24,
8853,"TRAUSTASON, ARNOR",Nej,ISL,,1993-04-30,,MALMÖ FF,2018-2020,69,12,
9966,"TRAWALLY, BUBAKARI",Nej,GAM,STEVE,1994-11-10,,HAMMARBY IF,2022-2023,12,2,
8179,"TRONÉT, FILIP",Nej,SWE,,1993-05-11,,IF BROMMAPOJKARNA,2013-2014,10,0,
9987,"TRPCHEVSKI, FILIP",Nej,SWE,,2003-05-04,,BK HÄCKEN,2022-2023,10,0,
6064,"TRPEVSKI, GORAN",Nej,SWE,,1977-03-02,,MALMÖ FF,1997-1999,18,0,
5655,"TRUEDSSON, PETER",Nej,SWE,,1961-07-25,,ÖSTERS IF,1981-1988,133,51,
2171,"TRYBOM, SVEN",Nej,SWE,,1915-02-08,1985-07-16,IK SLEIPNER,1938-1941,19,0,
9170,"TSISKARIDZE, ZOURAB",Nej,GEO,,1986-09-08,,ATHLETIC FC ESKILSTU,2017,21,0,
5891,"TSKHADADZE, KAHKABER",Nej,SOV,KAHKA,1968-09-07,,GIF SUNDSVALL,1991,4,0,SEN OSS/GEO
9690,"TSOUKA, RAVY",Nej,COB,,1994-12-13,,HELSINGBORGS IF,2020-2022,32,0,
9595,"TSVEIBA, SANDRO",Nej,UKR,,1993-09-05,,ATHLETIC FC ESKILSTU,2019,12,0,
1588,"TUFVESSON, GUNNAR",Nej,SWE,TUE,1898-12-26,1986-12-11,HELSINGBORGS IF,1925,3,0,
4301,"TULLILA, OLAVI",Nej,SWE,,1938-11-21,2003-02-13,JÖNKÖPINGS SÖDRA IF,1960,2,0,
6951,"TUOMELA, MARKO",Nej,FIN,,1972-03-03,,GIF SUNDSVALL,2001-2002,38,2,
9695,"TUOMINEN, JASSE",Nej,FIN,,1995-11-12,,BK HÄCKEN,2020-2021,29,2,
4299,"TURESSON, TOM",Nej,SWE,,1942-05-17,2004-12-13,HAMMARBY IF,1961-1976,227,49,
5460,"TURESSON, TOMAS",Nej,SWE,,1964-09-22,,HAMMARBY IF,1983-1990,86,10,
9649,"TURGOTT, BLAIR",Nej,ENG,,1994-05-22,,ÖSTERSUNDS FK,2019-2021,63,18,
9649,"TURGOTT, BLAIR",Nej,ENG,,1994-05-22,,BK HÄCKEN,2022,23,2,
8202,"TURINA, IVAN",Ja,KRO,,1980-10-03,2013-05-02,AIK,2010-2013,65,0,
7256,"TURKSON, KWEKU",Nej,SWE,,1986-03-12,,AIK,2003-2004,3,0,
8025,"TURUNEN, TUOMO",Nej,FIN,,1987-08-30,,IFK GÖTEBORG,2009-2010,3,0,
8025,"TURUNEN, TUOMO",Nej,FIN,,1987-08-30,,TRELLEBORGS FF,2010-2011,35,0,
2401,"TVILLING, HANS",Nej,SWE,TVILLING ANDERSSON TID.,1928-07-15,,DJURGÅRDENS IF,1948-1960,152,39,
2402,"TVILLING, STIG",Nej,SWE,TVILLING ANDERSSON TID.,1928-07-15,1989-09-20,DJURGÅRDENS IF,1948-1958,33,2,
9148,"TÅNNANDER, JAKOB",Ja,SWE,,2000-08-10,,IK SIRIUS,2023,19,0,
2955,"TÄGTSTRÖM, TORE",Nej,SWE,,1914-10-19,1966-10-15,IK BRAGE,1944,4,1,
7518,"TÖFTING, STIG",Nej,DAN,,1969-08-14,,BK HÄCKEN,2005,23,3,
5077,"TÖNSFELDT, VOLKER",Nej,VTY,,1952-11-24,,DJURGÅRDENS IF,1980-1981,22,0,
8252,"TÖRNBERG, KIM",Nej,SWE,,1987-06-14,,MJÄLLBY AIF,2010,1,0,
7277,"TÖRNBLOM, JOHAN",Nej,SWE,,1983-10-30,,ENKÖPINGS SK,2003,10,0,
2168,"TÖRNBLOM, OLLE",Nej,SWE,OLOF,1919-08-21,2001-03-02,SANDVIKENS IF,1938-1944,68,0,
2166,"TÖRNELL, NILS-ERIK",Nej,SWE,,1918-05-08,1987-05-21,IFK NORRKÖPING,1937,1,0,
2964,"TÖRNKVIST, ARNE",Nej,SWE,,1916-03-25,2000-01-08,REYMERSHOLMS IK,1942,9,2,FR KUNGSHOLMS IF
3657,"TÖRNKVIST, BJÖRN",Nej,SWE,DICKEN,1934-11-20,,HAMMARBY IF,1957-1959,3,1,TELLUS 60
2161,"TÖRNKVIST, ERIK",Nej,SWE,,,,GAIS,1937,4,1,
2160,"TÖRNQUIST, HILDING",Nej,SWE,,1910-06-02,1984-07-20,DEGERFORS IF,1939,1,0,FR JANNELUNDS SK
9571,"TÖRNQVIST, NOEL",Ja,SWE,,2002-02-01,,MJÄLLBY AIF,2022-2023,28,0,
4876,"TÖRNQVIST, THOMAS",Nej,SWE,,1946-08-26,2024-01-14,ÖREBRO SK,1970-1975,76,11,
8176,"TÖRNROS, ERIK",Nej,SWE,,1993-06-11,,GEFLE IF,2010-2013,16,0,
7589,"TÖRNSTRAND, MARCUS",Nej,SWE,,1990-01-10,,HAMMARBY IF,2008-2009,8,0,
5546,"TÖRNVALL, MARKUS",Nej,FIN,,1964-12-31,,IFK NORRKÖPING,1989-1990,20,0,
6566,"UCAR, GABRIEL",Nej,SWE,,1982-03-12,,LANDSKRONA BoIS,2002-2004,58,0,
6566,"UCAR, GABRIEL",Nej,SWE,,1982-03-12,,ASSYRISKA FF,2005,6,0,
2174,"UDDBERG, GUSTAV",Nej,SWE,,1919-02-03,1999-11-29,HALLSTAHAMMARS SK,1939,4,0,
9408,"UDDENÄS, OSCAR",Nej,SWE,,2002-08-17,,BK HÄCKEN,2022-2023,38,8,
1597,"UDDGREN, EINAR",Nej,SWE,,1902-07-27,2001-01-04,IFK UDDEVALLA,1927,2,0,
1595,"UDDGREN, JOHN",Nej,SWE,,1899-12-06,1981-01-23,IFK UDDEVALLA,1926-1927,19,3,
5591,"UHLBÄCK, PETER",Nej,SWE,,1961-09-01,,IK BRAGE,1982-1990,57,5,
5591,"UHLBÄCK, PETER",Nej,SWE,,1961-09-01,,HAMMARBY IF,1985-1987,28,1,
5591,"UHLBÄCK, PETER",Nej,SWE,,1961-09-01,,VÄSTRA FRÖLUNDA IF,1988-1989,38,1,
1596,"UHLÉN, ERNST",Nej,SWE,,1901-04-04,1973-07-04,ÖRGRYTE IS,1925,2,0,
5554,"ULANDER, KENNETH",Nej,SWE,,1964-06-11,,GIF SUNDSVALL,1987-1989,49,0,
5849,"ULANDER, MARTIN",Nej,SWE,,1976-02-23,,ÖRGRYTE IS,1997-2003,122,6,
5849,"ULANDER, MARTIN",Nej,SWE,,1976-02-23,,IFK GÖTEBORG,2005,4,0,
5570,"ULFSPARRE, PATRIK",Nej,SWE,,1966-10-25,,GIF SUNDSVALL,1989-1991,30,0,
3667,"ULLVAN, ROLF",Nej,SWE,,1927-12-11,1991-02-03,MOTALA AIF,1958,32,2,
7276,"ULMSTEDT, ANDERS",Nej,SWE,,1977-06-08,,ENKÖPINGS SK,2003,3,0,
7271,"ULMSTEDT, FREDRIK",Nej,SWE,,1975-03-10,,ENKÖPINGS SK,2003,21,1,
9327,"ULVESTAD, FREDRIK",Nej,NOR,,1992-06-17,,DJURGÅRDENS IF,2018-2020,80,17,
8114,"UNE LARSSON, JACOB",Nej,SWE,,1994-04-08,,IF BROMMAPOJKARNA,2013-2014,56,2,
8114,"UNE LARSSON, JACOB",Nej,SWE,,1994-04-08,,DJURGÅRDENS IF,2016-2023,160,8,
6441,"UNG, DANIEL",Nej,SWE,DUNGA,1975-10-19,,IF ELFSBORG,1997-2003,120,0,
2176,"UNGER, SVEN",Nej,SWE,,1909-09-15,2001-03-12,IK SLEIPNER,1933-1938,84,0,
7620,"UNKURI, MATHIAS",Nej,SWE,,1988-01-16,,HELSINGBORGS IF,2007-2009,32,1,
2175,"UPPHOFF, ROLF",Nej,SWE,,1909-02-26,1994-03-14,IS HALMIA,1933-1934,19,2,
4877,"UPPLING, KJELL",Ja,SWE,,1950-05-22,,IFK LULEÅ,1971,22,0,
4877,"UPPLING, KJELL",Ja,SWE,,1950-05-22,,GAIS,1972-1975,58,0,
2967,"UPPLING, SVEN",Nej,SWE,,1913-01-28,1966-08-26,DEGERFORS IF,1943-1944,6,0,FR NJURUNDA
2311,"UPPSTRÖM, JOHN",Nej,SWE,JOHAN,1907-07-23,1966-11-29,ÖRGRYTE IS,1931,2,0,
8421,"URONEN, JERE",Nej,FIN,,1994-07-13,,HELSINGBORGS IF,2012-2015,71,5,
4308,"UTRIAINEN, PEKKA",Nej,SWE,PERTTI,1937-10-23,2020-03-26,IFK HOLMSUND,1967,20,0,"FD FIN, EM FIN"
5260,"UTRIAINEN, PETER",Nej,FIN,PEKKA,1960-11-20,,ÖSTERS IF,1980-1982,10,2,
5260,"UTRIAINEN, PETER",Nej,FIN,PEKKA,1960-11-20,,GEFLE IF,1983-1984,32,2,
6947,"UUSIMÄKI, TUOMAS",Nej,FIN,,1977-07-09,,BK HÄCKEN,2001,7,0,EJ 770907
6947,"UUSIMÄKI, TUOMAS",Nej,FIN,,1977-07-09,,ÖRGRYTE IS,2005-2006,45,2,
6864,"UZELAC, DORDE",Nej,SWE,,1976-01-15,,VÄSTRA FRÖLUNDA IF,2000,21,1,
6072,"VAAPIL, MARCUS",Nej,SWE,,1977-08-24,,MALMÖ FF,1996-1999,17,0,
5541,"VAATTOVAARA, SULO",Nej,SWE,SULAN,1962-07-18,,HAMMARBY IF,1983-1987,109,9,
5541,"VAATTOVAARA, SULO",Nej,SWE,SULAN,1962-07-18,,IFK NORRKÖPING,1988-1997,242,13,
9149,"VAGIC, PAVLE",Nej,SWE,,2000-01-24,,MALMÖ FF,2017-2021,10,0,
9149,"VAGIC, PAVLE",Nej,SWE,,2000-01-24,,ATHLETIC FC ESKILSTU,2019,5,1,
9149,"VAGIC, PAVLE",Nej,SWE,,2000-01-24,,HAMMARBY IF,2022-2023,21,0,
7221,"VAIHO, TOMMI",Ja,SWE,,1988-09-13,,DJURGÅRDENS IF,2010-2023,74,0,
7221,"VAIHO, TOMMI",Ja,SWE,,1988-09-13,,IK SIRIUS,2022,14,0,
9056,"VAIKLA, ANDREAS",Ja,SWE,,1997-02-19,,IFK NORRKÖPING,2016,13,0,
0845,"VALDEMARIN, LUCAS",Nej,ARG/ITA,,1978-05-13,,AIK,2007-2008,20,6,
9867,"VALDIMARSSON, HAKON",Ja,ISL,,2001-10-13,,IF ELFSBORG,2021-2023,48,0,
8336,"VALGARDSSON, LOGI",Nej,ISL,,1988-09-27,,IFK GÖTEBORG,2011-2013,46,0,
8336,"VALGARDSSON, LOGI",Nej,ISL,,1988-09-27,,ÖREBRO SK,2015-2017,54,1,
8093,"VALL, JOHANNES",Nej,SWE,,1992-10-19,,FALKENBERGS FF,2014-2016,73,7,
8093,"VALL, JOHANNES",Nej,SWE,,1992-10-19,,IFK NORRKÖPING,2017-2019,6,0,
9960,"VAN ASSEMA, TIM",Nej,SWE,,2002-01-31,,IFK GÖTEBORG,2022,2,0,
1273,"VAN DER HAAGEN, WILHELM",Ja,SWE,,1901-07-12,1987-11-23,AIK,1926,8,0,
9689,"VAN DER HURK, ANTHONY",Nej,NED,,1993-01-09,,HELSINGBORGS IF,2020-2022,41,14,
9438,"VAN DER LEI, STEFAN",Ja,NED,,1993-03-05,,DALKURD FF,2018,4,0,
9676,"VAN LOOY, SANDER",Nej,NED,,1997-05-29,,FALKENBERGS FF,2020,19,0,
6630,"VAN RIEL, STEFAN",Nej,BEL,,1970-12-29,,TRELLEBORGS FF,1998,7,1,
7139,"VASARA, VESA",Nej,FIN,,1976-08-16,,KALMAR FF,2002,15,0,
7731,"VASILJ, MARIO",Nej,SWE,MAJE,1983-12-23,,ÖSTERS IF,2006-2013,33,2,
6837,"VASILJEVIC, DRAGAN",Nej,JUG,,1971-07-27,,HAMMARBY IF,2000,3,0,
7105,"VASQUES, ANDRES",Nej,SWE/PER,,1987-07-16,,IFK GÖTEBORG,2005-2007,40,2,
7105,"VASQUES, ANDRES",Nej,SWE/PER,,1987-07-16,,BK HÄCKEN,2011,8,0,
9858,"VASYUTUN, ALEKSANDR",Ja,R,,1995-03-04,,DJURGÅRDENS IF,2021-2022,12,0,*RYS*
7607,"VAZGEC, IVO",Ja,SWE,,1986-02-06,,IF BROMMAPOJKARNA,2013-2014,31,0,
8483,"VECCHIA HOLMQVIST, STEFANO",Nej,SWE,,1995-01-23,,IF BROMMAPOJKARNA,2013-2014,8,0,
8483,"VECCHIA HOLMQVIST, STEFANO",Nej,SWE,,1995-01-23,,IK SIRIUS,2017-2020,71,17,
8483,"VECCHIA HOLMQVIST, STEFANO",Nej,SWE,,1995-01-23,,MALMÖ FF,2023,23,8,
7192,"VEGA, ANGELO",Nej,SWE,,1985-01-03,,ÖRGRYTE IS,2004-2006,20,0,
7318,"VELIC, DENIS",Nej,SWE,,1982-10-07,,ÖSTERS IF,2003-2013,35,1,
7536,"VENCIVICIUS, DONATAS",Nej,LIT,,1973-11-28,,GIF SUNDSVALL,2005,13,0,
6334,"VENNBERG, STEFAN",Nej,SWE,,1970-04-14,,IK ODDEVOLD,1996,25,6,
6334,"VENNBERG, STEFAN",Nej,SWE,,1970-04-14,,ÖRGRYTE IS,1997-1998,45,7,
6334,"VENNBERG, STEFAN",Nej,SWE,,1970-04-14,,HALMSTADS BK,1999-2001,45,3,
5995,"VENSTRÖM, TONY",Nej,SWE,,1968-03-14,,DEGERFORS IF,1993,4,0,
5330,"VERONA RUIZ, FRANCISCO",Nej,SPA,,1966-12-02,,IK BRAGE,1989,6,1,SKÖVDE 1999
5289,"VERONESE, ROBERT",Nej,SWE,,1963-10-03,,AIK,1988-1989,15,0,
7729,"VESELOVSKY, ROBERT",Ja,SLK,,1985-09-02,,ÖSTERS IF,2006,6,0,
7156,"VESTERGAARD, JEPPE",Nej,DAN,,1976-09-22,,MALMÖ FF,2002-2003,5,0,
8494,"VIBE, LASSE",Nej,DAN,,1987-02-22,,IFK GÖTEBORG,2013-2019,76,36,
4324,"VIBERG, HÅKAN",Nej,SWE,,1943-11-04,2023-01-30,IFK HOLMSUND,1967,22,1,ÅTER FR OBBOLA 67
9892,"VIDJESKOG, ISAK",Nej,FIN,,2004-03-28,,KALMAR FF,2021,1,0,
8242,"VIEIRA, DOUGLAS",Nej,BRA,,1987-11-12,,KALMAR FF,2010,11,1,DOUGLAS DA SIVLA VIEIRA
7216,"VIEWEG, PATRIK",Nej,SWE,,1987-06-02,,ÖSTERS IF,2006,2,0,
7148,"VIG, PER",Nej,SWE,,1975-08-08,,LANDSKRONA BoIS,2002,2,0,
7691,"VIIKMÄE, KRISTEN",Nej,EST,,1979-02-10,,GEFLE IF,2006,26,2,
9462,"VIITALA, WALTER",Ja,FIN,,1992-01-09,,MALMÖ FF,2018,2,0,
3684,"VIKLUND, ARNE",Nej,SWE,,1928-05-05,2023-04-10,NORRBY IF,1956,22,0,FR KÖPMANHOLMEN
5298,"VIKMAN, PER",Ja,SWE,,1970-09-09,2020-04-27,AIK,1989,1,0,
9872,"VILAR, BERNARDO",Nej,BRA,,1998-02-12,,IFK GÖTEBORG,2021,6,1,
9872,"VILAR, BERNARDO",Nej,BRA,,1998-02-12,,IFK VÄRNAMO,2022-2023,17,0,
9572,"VILHELMSSON, OSCAR",Nej,SWE,,2003-10-02,,IFK GÖTEBORG,2020-2022,28,4,
9211,"VILHJALMSSON, ARNI",Nej,ISL,,1994-05-09,,JÖNKÖPINGS SÖDRA IF,2017,16,1,
6610,"VILJANEN, VILLE",Nej,FIN,,1971-02-02,,BK HÄCKEN,1998,26,3,
6610,"VILJANEN, VILLE",Nej,FIN,,1971-02-02,,VÄSTRA FRÖLUNDA IF,1999,20,2,
2196,"VINBERG, HENRY",Ja,SWE,,1912-02-11,1995-07-05,MALMÖ FF,1933-1940,34,0,
8972,"VINDHEIM, ANDREAS",Nej,NOR,,1995-08-04,,MALMÖ FF,2015-2019,55,2,
7716,"VINZENTS, ULRICH",Nej,DAN,,1976-11-04,,MALMÖ FF,2006-2012,166,0,
5053,"VIRTANEN, KARI",Nej,FIN,,1958-09-15,,AIK,1983-1985,46,4,
9714,"VISCOSI, JONATHAN",Ja,KA,,1991-03-18,,IK SIRIUS,2020,3,0,
7960,"VITAS, DAMIR",Nej,MAK,,1981-03-11,,PANOS LJUNGSKILE SK,2008,10,0,
6111,"VLAHOVIC, ALEXANDAR",Nej,JUG,ÄLGEN,1969-08-24,,HAMMARBY IF,1994,10,4,
9688,"VOELKERLING PERSSON, JAKOB",Nej,SWE,,2000-09-23,,HELSINGBORGS IF,2020,15,0,
9688,"VOELKERLING PERSSON, JAKOB",Nej,SWE,,2000-09-23,,IK SIRIUS,2022-2023,40,1,
1606,"VOGEL, AUGUST",Nej,SWE,KVITTER,1894-05-23,1985-09-20,IFK UDDEVALLA,1926-1927,21,0,
8071,"VON BRÖMSEN, TOMMY",Nej,SWE,,1981-10-21,,ÖRGRYTE IS,2009,13,0,
5509,"VON DER BURG, JEAN-PAUL",Nej,SWE,CHAMPA,1964-07-31,,HAMMARBY IF,1986-1995,61,3,
5509,"VON DER BURG, JEAN-PAUL",Nej,SWE,CHAMPA,1964-07-31,,MALMÖ FF,1989-1992,64,3,
7127,"VON SCHLEBRÜGGE, MAX",Nej,SWE,,1977-02-01,,HAMMARBY IF,2002-2006,101,8,FD HOLMSTRÖM
8966,"VORTHOREN, NIELS",Nej,NED,,1988-02-21,,BK HÄCKEN,2015-2016,7,0,
5673,"VOUGT, PETER",Nej,SWE,,1974-01-12,,IK BRAGE,1990-1993,36,5,
5673,"VOUGT, PETER",Nej,SWE,,1974-01-12,,HALMSTADS BK,1995-1998,88,15,
5673,"VOUGT, PETER",Nej,SWE,,1974-01-12,,BK HÄCKEN,2000-2001,33,7,
1383,"VRDOLJAK, STIPE",Nej,KRO,,1993-08-02,,AIK,2017,6,0,
5323,"VREBAC, DRAGAN",Nej,SWE,,1965-10-05,1995-02-10,IK BRAGE,1987-1988,2,0,EG PREDRAG
5989,"VUKCEVIC, MILENKO",Nej,JUG,,1966-09-14,,DEGERFORS IF,1993-1997,114,29,
9943,"VUKOJEVIC, DEJAN",Nej,SWE,,1995-09-12,,DEGERFORS IF,2022-2023,36,6,
9672,"VÄISÄNEN, LEO",Nej,FIN,,1997-07-23,,IF ELFSBORG,2020-2022,76,3,
8810,"VÄISÄNEN, SAULI",Nej,FIN,,1994-06-05,,AIK,2014-2017,46,2,
5136,"VÄYRYNEN, PEKKA",Nej,SWE,,1959-07-24,,BK HÄCKEN,1983,22,0,
8791,"WA TSHAKASUA, TSHUTSHU",Nej,SWE,,1997-05-15,,GEFLE IF,2015-2016,13,1,
8254,"WACHTMEISTER, CARL",Ja,SWE,,1989-06-23,,TRELLEBORGS FF,2010-2011,2,0,
8311,"WAEHLER, KJETIL",Nej,NOR,,1976-03-16,,IFK GÖTEBORG,2012-2014,63,3,
3679,"WAGERUP, CAY",Nej,SWE,CAIY,1929-04-16,2002-01-17,HELSINGBORGS IF,1955-1958,34,11,
1089,"WAHLBERG, ERNST",Nej,SWE,SUDDEN,1904-10-15,1977-05-01,AIK,1925-1934,151,93,
4968,"WAHLBERG, MATS",Nej,SWE,,1961-05-02,,HAMMARBY IF,1979-1988,155,27,
6590,"WAHLQVIST, JOHAN",Nej,SWE,,1976-02-25,,IF ELFSBORG,1998,2,0,
4893,"WAHLQVIST, KJELL",Nej,SWE,,1952-05-31,,ÖREBRO SK,1976,5,2,
8792,"WAHLQVIST, LINUS",Nej,SWE,+EGNELL,1996-11-11,,IFK NORRKÖPING,2014-2022,192,11,
6242,"WAHLQVIST, MATTIAS",Nej,SWE,RUNHEIM,1972-07-22,,ÖREBRO SK,1995-1996,37,5,
4323,"WAHLQVIST, ULF",Nej,SWE,,1943-08-20,,HAMMARBY IF,1963,11,1,
4323,"WAHLQVIST, ULF",Nej,SWE,,1943-08-20,,IK SIRIUS,1969-1974,37,4,
5854,"WAHLSTEDT, ERIK",Nej,SWE,,1976-04-16,,IFK GÖTEBORG,1994-1996,33,5,
5854,"WAHLSTEDT, ERIK",Nej,SWE,,1976-04-16,,HELSINGBORGS IF,1997-2012,255,15,
4878,"WAHLSTEDT, PER-ARNE",Nej,SWE,,1946-05-19,,IK SIRIUS,1973-1974,44,1,NYNÄSHAMN
4878,"WAHLSTEDT, PER-ARNE",Nej,SWE,,1946-05-19,,AIK,1975-1976,19,1,
2181,"WAHLSTRÖM, BROR",Nej,SWE,KALVEN,1907-03-03,1953-06-10,GAIS,1931-1935,41,0,
2181,"WAHLSTRÖM, BROR",Nej,SWE,KALVEN,1907-03-03,1953-06-10,GÅRDA BK,1937,8,0,
7610,"WAHLSTRÖM, EMIL",Nej,SWE,,1987-03-02,,BK HÄCKEN,2009-2018,155,2,
5304,"WAHLSTRÖM, OLLE",Nej,SWE,PERÄTALO TID.,1959-03-06,,IK BRAGE,1985-1993,135,11,
7334,"WAHLSTRÖM, OSKAR",Ja,SWE,,1976-08-16,,DJURGÅRDENS IF,2004-2009,21,0,
6037,"WAHRNBERG, ANDERS",Nej,SWE,,1973-02-19,,ÖREBRO SK,1993,1,0,
6037,"WAHRNBERG, ANDERS",Nej,SWE,,1973-02-19,,IK ODDEVOLD,1996,12,2,
3687,"WAKER, INGEMAR",Ja,SWE,,1941-07-03,,SANDVIKENS IF,1959-1960,21,0,
6618,"WALDH, MATTIAS",Nej,SWE,,1976-03-30,,MALMÖ FF,1998,1,0,
4311,"WALFRIDSSON, BO",Nej,SWE,,1948-05-14,,IK BRAGE,1966,1,0,
6042,"WALFRIDSSON, TOMAS",Nej,SWE,,1973-03-18,,ÖRGRYTE IS,1993,7,0,
7561,"WALKER, KEVIN",Nej,SWE,,1989-08-03,,ÖREBRO SK,2007-2021,23,0,ÖSK 07+21
7561,"WALKER, KEVIN",Nej,SWE,,1989-08-03,,AIK,2007-2011,26,1,
7561,"WALKER, KEVIN",Nej,SWE,,1989-08-03,,GIF SUNDSVALL,2012,27,2,
7561,"WALKER, KEVIN",Nej,SWE,,1989-08-03,,DJURGÅRDENS IF,2015-2020,132,14,
5557,"WALKER, PATRICK",Nej,IRL,,1959-12-20,,BK HÄCKEN,1983,15,4,
5557,"WALKER, PATRICK",Nej,IRL,,1959-12-20,,GIF SUNDSVALL,1987-1991,40,1,
7831,"WALKER, ROBERT",Nej,SWE,,1987-03-06,,ÖREBRO SK,2007-2009,31,3,
2973,"WALLBERG, OLLE",Nej,SWE,,1919-05-01,1987-02-19,IFK ESKILSTUNA,1943,2,0,
2982,"WALLENSTEIN, SVEN",Nej,SWE,,1920-04-23,2007-08-13,LUDVIKA FFI,1945,7,3,
9156,"WALLENTIN, GABRIEL",Nej,SWE,,2001-04-03,,HALMSTADS BK,2023,15,1,
5456,"WALLENTIN, PETER",Nej,SWE,,1968-08-13,,HALMSTADS BK,1989-1991,8,0,
6226,"WALLERSTEDT, JONAS",Nej,SWE,,1978-03-18,,IFK NORRKÖPING,1995-2002,133,31,BK KENTY
6226,"WALLERSTEDT, JONAS",Nej,SWE,,1978-03-18,,GIF SUNDSVALL,2003-2005,42,14,
6226,"WALLERSTEDT, JONAS",Nej,SWE,,1978-03-18,,IFK GÖTEBORG,2006-2008,74,17,
3681,"WALLES, TORD",Nej,SWE,,1932-10-21,2009-04-24,IFK MALMÖ,1957,5,0,
4879,"WALLÉN, STEFAN",Nej,SWE,,1954-06-01,,AIK,1976-1978,20,1,
2190,"WALLGREN, GÖSTA",Nej,SWE,,1910-07-18,2001-04-10,IS HALMIA,1933-1934,30,7,
4309,"WALLGREN, JAN-OLOF",Nej,SWE,,1947-12-04,,ÖREBRO SK,1969-1973,93,8,
4309,"WALLGREN, JAN-OLOF",Nej,SWE,,1947-12-04,,AIK,1974-1977,80,5,
2184,"WALLGREN, NILS",Nej,SWE,,1912-10-03,1988-02-29,GÅRDA BK,1936-1940,57,7,
4887,"WALLIN, ANDERS",Nej,SWE,,1950-10-26,,KALMAR FF,1976,2,0,
2979,"WALLIN, HALVAR",Nej,SWE,,1917-09-23,2010-04-04,JÖNKÖPINGS SÖDRA IF,1946-1949,40,2,UTV USA 1960
4321,"WALLIN, LENNART",Nej,SWE,,1942-09-29,,IFK GÖTEBORG,1963-1969,120,18,
2186,"WALLIN, NILS",Nej,SWE,NILA,1913-10-08,1993-06-09,IFK GÖTEBORG,1934,5,0,"FR/T SKOGEN, BR VIKTOR"
4892,"WALLIN, OLLE",Ja,SWE,,1952-03-05,,ÖREBRO SK,1974,3,0,
1613,"WALLIN, PETER",Nej,SWE,,1905-01-28,1984-05-20,STATTENA IF,1928,1,0,
2180,"WALLIN, TAGE",Nej,SWE,,1914-12-16,1966-08-07,IFK ESKILSTUNA,1935-1936,43,0,
2187,"WALLIN, VIKTOR",Nej,SWE,,1911-12-30,1997-07-13,IFK GÖTEBORG,1932-1934,3,0,BR NILS
6368,"WALLINDER, JOHAN",Nej,SWE,,1975-08-19,,ÖREBRO SK,1996-2002,102,20,
6368,"WALLINDER, JOHAN",Nej,SWE,,1975-08-19,,HELSINGBORGS IF,2000,10,0,
6368,"WALLINDER, JOHAN",Nej,SWE,,1975-08-19,,DJURGÅRDENS IF,2001-2002,21,3,
6368,"WALLINDER, JOHAN",Nej,SWE,,1975-08-19,,ENKÖPINGS SK,2003,23,1,
4317,"WALLINDER, VEINE",Nej,SWE,,1943-05-26,,IFK ESKILSTUNA,1964,16,4,ARBOGA SÖDRA IF 61
4317,"WALLINDER, VEINE",Nej,SWE,,1943-05-26,,ÅTVIDABERGS FF,1968-1974,145,49,
2976,"WALLMAN, KARL-ERIK",Nej,SWE,,1915-08-06,1993-07-13,IFK GÖTEBORG,1941,1,0,
1608,"WALLNER, PAUL",Nej,SWE,,1904-06-22,1974-07-27,VÄSTERÅS IK,1925,4,0,
1612,"WALLSING, EINAR",Nej,SWE,KARL-,1905-05-04,1993-08-31,IFK NORRKÖPING,1928,2,0,
2183,"WALLSTEN, OLLE",Nej,SWE,OLOF,1915-10-23,1994-12-28,GEFLE IF,1934-1935,7,2,
3672,"WALLSTRÖM, ÅKE",Nej,SWE,,1927-11-06,1995-10-23,GAIS,1950,1,0,HUNNEBOSTRAND GIF 50/51
1633,WANDERSON,Nej,BRA,WAND. DO CARMO CARNEIRO,1986-02-18,,GAIS,2007-2012,128,44,
1633,WANDERSON,Nej,BRA,WAND. DO CARMO CARNEIRO,1986-02-18,,HELSINGBORGS IF,2019,20,0,
2178,"WARNEBY, BIRGER",Nej,SWE,BIRRE,1910-10-21,1958-11-09,DJURGÅRDENS IF,1937,20,0,
6049,"WASTÅ, PETTER",Ja,SWE,,1976-02-02,,KALMAR FF,1999-2011,235,0,
6518,"WATSON, MARK",Nej,KAN,,1970-09-08,,ÖSTERS IF,1997-1998,24,0,
8795,"WATSON, MAX",Nej,SWE,,1996-02-03,,MJÄLLBY AIF,2020-2021,50,2,
9320,"WEBERG, CHARLIE",Nej,SWE,,1998-05-22,,HELSINGBORGS IF,2019-2022,20,1,
8820,"WEDE, ANTON",Nej,SWE,,1990-04-20,,FALKENBERGS FF,2014-2020,87,9,
8820,"WEDE, ANTON",Nej,SWE,,1990-04-20,,HELSINGBORGS IF,2015-2016,46,6,
7597,"WEDE, CARL",Nej,SWE,,1990-04-20,,IF ELFSBORG,2012,2,0,
7597,"WEDE, CARL",Nej,SWE,,1990-04-20,,FALKENBERGS FF,2014-2015,58,3,
7597,"WEDE, CARL",Nej,SWE,,1990-04-20,,HELSINGBORGS IF,2016,7,0,
4327,"WEDHOLM, INGE",Nej,SWE,MAR,1937-08-15,,SANDVIKENS IF,1961,7,0,"FR ISLINGBY, SEN IFK GÄVL"
6840,"WEDIN, ERIK",Nej,SWE,,1981-03-14,,HAMMARBY IF,2000,1,0,
5131,"WEGERMAN, JAN",Nej,SWE,,1963-05-01,,HAMMARBY IF,1981-1984,30,3,
5519,"WEIDENSTOLPE, LENNART",Nej,SWE,,1960-02-16,,MJÄLLBY AIF,1980-1983,40,0,
5519,"WEIDENSTOLPE, LENNART",Nej,SWE,,1960-02-16,,IFK NORRKÖPING,1985-1988,65,1,
3682,"WELÉN, TORE",Nej,SWE,SNIFF,1923-09-10,1997-02-09,IFK MALMÖ,1953,7,1,
1605,"WELIN, BERTIL",Nej,SWE,TUMME,1900-06-20,1957-03-11,IK SLEIPNER,1925-1926,6,0,
1614,"WENANDER, ALLAN",Nej,SWE,,1902-02-21,1978-10-01,GAIS,1929,3,0,
4325,"WENDEL, ANDERS",Nej,SWE,,1944-04-14,2021-04-26,JÖNKÖPINGS SÖDRA IF,1969,21,3,
4326,"WENDT, BENNY",Nej,SWE,,1950-11-04,,IFK NORRKÖPING,1969-1975,126,51,
2192,"WENDT, FRIDE",Nej,SWE,,1914-06-10,1991-11-09,HELSINGBORGS IF,1939,9,1,FR ÄNGELHOLMS IF
5108,"WENDT, JOACHIM",Nej,SWE,,1958-06-24,,IFK GÖTEBORG,1980-1981,15,0,
4320,"WENDT, LEIF",Nej,SWE,,1942-03-05,,IFK MALMÖ,1962,18,3,
4320,"WENDT, LEIF",Nej,SWE,,1942-03-05,,GAIS,1964-1969,99,18,
4330,"WENDT, LEIF",Nej,SWE,,1936-03-07,2022-09-26,ÖREBRO SK,1961-1965,71,31,
7064,"WENDT, OSCAR",Nej,SWE,,1985-10-24,,IFK GÖTEBORG,2003-2023,107,4,EJ ALLSV 07-20
4885,"WENGRUD, ANDERS",Nej,SWE,SVÄNGEN,1944-06-24,,HAMMARBY IF,1973,13,0,
4885,"WENGRUD, ANDERS",Nej,SWE,SVÄNGEN,1944-06-24,,GIF SUNDSVALL,1975,20,3,
4889,"WENNER, BERTIL",Ja,SWE,,1956-05-08,2007-02-00,IK SIRIUS,1974,1,0,
1609,"WENNERBÄCK, ÅKE",Nej,SWE,,1908-08-17,1984-10-26,IFK UDDEVALLA,1927,4,2,
3680,"WENNERSTRÖM, BERTIL",Nej,SWE,BASSEN,1926-09-01,2008-08-12,KALMAR FF,1950-1955,62,2,
4886,"WENNERSTRÖM, ULF",Nej,SWE,,1949-02-26,,KALMAR FF,1976-1977,35,8,
2988,"WENNGREN, ARNE",Nej,SWE,,1921-07-11,2006-02-02,REYMERSHOLMS IK,1942,3,0,
4953,"WENNSTRÖM, BENNY",Nej,SWE,,1955-05-04,,IS HALMIA,1979,4,0,FR WALLDIA
2188,"WENZEL, NILS",Nej,SWE,,1914-03-30,1985-02-13,IFK GÖTEBORG,1938,1,0,
1599,"WENZEL, RUNE",Nej,SWE,PYSEN,1901-01-04,1977-07-29,GAIS,1925-1932,160,34,
7503,"WERNBLOOM, PONTUS",Nej,SWE,,1986-06-25,,IFK GÖTEBORG,2005-2021,111,28,
4313,"WERNER, BENNY",Nej,SWE,PEVE,1946-03-25,,DEGERFORS IF,1966,2,0,
4312,"WERNER, BJÖRN",Nej,SWE,,1944-06-01,,DEGERFORS IF,1966,6,0,
2191,"WERNER, CARL",Nej,SWE,,1905-08-09,1979-03-21,HELSINGBORGS IF,1930-1935,17,1,FR BODEN
2189,"WERNER, GUSTAF",Nej,SWE,,1911-11-27,1975-05-18,IFK GÖTEBORG,1937-1938,11,7,FR LANDALA
4884,"WERNER, MATS",Nej,SWE,MATTE,1953-06-01,,HAMMARBY IF,1971-1984,251,47,
6212,"WERNER, PATRIK",Nej,SWE,,1976-03-16,,DEGERFORS IF,1995,3,1,
5996,"WERNER, ROGER",Nej,SWE,,1966-07-15,,DEGERFORS IF,1993,2,0,
4890,"WERNERSON, THOMAS",Ja,SWE,,1955-06-15,,ÅTVIDABERGS FF,1975-1980,101,0,
4890,"WERNERSON, THOMAS",Ja,SWE,,1955-06-15,,IFK GÖTEBORG,1981-1987,153,0,
3689,"WERNERSSON, INGEMAR",Nej,SWE,,1932-07-08,,ÅTVIDABERGS FF,1952,1,0,BLANKAHOLM
9447,"WERNERSSON, VICTOR",Nej,SWE,,1995-07-06,,IFK GÖTEBORG,2018-2020,77,2,
2974,"WESSBERG, HENNING",Nej,SWE,,1919-05-18,1992-09-12,GAIS,1944-1948,50,24,
4319,"WESSBERG, KENNETH",Nej,SWE,,1950-04-25,,GAIS,1969-1975,95,40,
4318,"WESSBERG, STEN",Nej,SWE,,1944-05-14,,GAIS,1966-1968,3,0,
1603,"WESTBERG, GUNNAR",Nej,SWE,,1903-09-06,1939-04-30,LANDSKRONA BoIS,1925-1926,30,0,
4328,"WESTBERG, HANS",Nej,SWE,,1938-11-02,,SANDVIKENS IF,1961,1,0,
8843,"WESTBERG, PETER",Nej,SWE,,1995-09-22,,KALMAR FF,2014,1,0,
6276,"WESTBERG-ANDERSSON, NIKLAS",Ja,SWE,,1979-04-01,,IFK NORRKÖPING,2011,11,0,SEN. WESTBERG
6276,"WESTBERG-ANDERSSON, NIKLAS",Ja,SWE,,1979-04-01,,IF BROMMAPOJKARNA,2013,11,0,
3671,"WESTER, NILS",Nej,SWE,,1925-06-24,1996-05-11,GAIS,1951-1953,21,3,
3669,"WESTERBERG, BENGT",Nej,SWE,,1936-08-18,2013-06-12,HALMSTADS BK,1958-1959,5,1,
3669,"WESTERBERG, BENGT",Nej,SWE,,1936-08-18,2013-06-12,AIK,1961-1966,58,5,
2182,"WESTERBERG, ELON",Nej,SWE,,1907-08-07,1989-03-13,GEFLE IF,1934-1935,41,0,
7077,"WESTERBERG, JESPER",Nej,SWE,,1986-02-01,,LANDSKRONA BoIS,2003,1,0,
7077,"WESTERBERG, JESPER",Nej,SWE,,1986-02-01,,HALMSTADS BK,2006-2017,167,2,
7077,"WESTERBERG, JESPER",Nej,SWE,,1986-02-01,,MJÄLLBY AIF,2010-2011,57,0,
4315,"WESTERBERG, OWE",Nej,SWE,,1938-11-12,,IF ELFSBORG,1963-1967,77,18,EJ 400803
3668,"WESTERBERG, SVEN-ERIK",Nej,SWE,,1925-01-04,1959-04-25,HELSINGBORGS IF,1952,17,2,
3668,"WESTERBERG, SVEN-ERIK",Nej,SWE,,1925-01-04,1959-04-25,AIK,1953-1955,28,4,
5725,"WESTERBERG, URBAN",Nej,SWE,,1967-03-15,,ÖSTERS IF,1990-1991,22,0,
5725,"WESTERBERG, URBAN",Nej,SWE,,1967-03-15,,UMEÅ FC,1996,23,3,
7509,"WESTERBLAD, BJÖRN",Nej,SWE,,1985-01-07,,HELSINGBORGS IF,2005,2,0,
7509,"WESTERBLAD, BJÖRN",Nej,SWE,,1985-01-07,,TRELLEBORGS FF,2007,15,1,
1598,"WESTERDAHL, TURE",Ja,SWE,TURKEN,1904-02-21,1936-03-15,AIK,1927-1929,29,0,
4961,"WESTERGREN, ANDERS",Nej,SWE,,1958-03-24,,HALMSTADS BK,1979-1982,29,2,
3675,"WESTERGREN, LENNART",Nej,SWE,,1934-08-10,2013-05-16,HALMSTADS BK,1955-1957,54,15,BÅSTAD TR 69
2980,"WESTERGREN, NILS",Nej,SWE,,1921-04-12,2003-08-29,LANDSKRONA BoIS,1945-1949,40,14,
2980,"WESTERGREN, NILS",Nej,SWE,,1921-04-12,2003-08-29,RÅÅ IF,1951,6,2,
2989,"WESTERHOLM, GÖSTA",Nej,SWE,MATTA,1919-09-15,2005-05-06,IK SLEIPNER,1940-1941,29,1,
4882,"WESTERLING, ANDERS",Nej,SWE,,1949-10-08,,HAMMARBY IF,1976,5,0,
2193,"WESTERLUND, AXEL",Nej,SWE,,1911-05-27,1996-05-20,LANDSKRONA BoIS,1936,2,0,
3676,"WESTERLUND, BERNT",Nej,SWE,SPADEN,1932-03-27,2022-11-17,HAMMARBY IF,1955-1962,116,25,
2199,"WESTERLUND, CARL-EVERT",Nej,SWE,,1915-05-01,2000-06-19,IFK NORRKÖPING,1936-1937,44,0,
1600,"WESTERLUND, ERNST",Nej,SWE,RIO,1893-06-26,1959-08-29,HAMMARBY IF,1925,18,1,
2198,"WESTERLUND, HARRY",Ja,SWE,,1915-05-09,2007-06-21,IFK NORRKÖPING,1937,4,0,
3685,"WESTERLUND, STEN",Nej,SWE,,1928-12-18,2013-10-28,IFK NORRKÖPING,1952,3,1,
5646,"WESTERLUND, TOMMY",Nej,SWE,WESEN,1963-10-06,,ÖSTERS IF,1984-1988,50,1,
5646,"WESTERLUND, TOMMY",Nej,SWE,WESEN,1963-10-06,,ÖRGRYTE IS,1989,4,0,
8426,"WESTERMARK, JESPER",Nej,SWE,JONASSON WESTERMARK,1993-07-25,,BK HÄCKEN,2012,2,0,"SEN UTSIKTEN,GAIS,LJUNGSK"
7015,"WESTLIN, DANIEL",Nej,SWE,,1980-01-24,,IFK GÖTEBORG,2001-2002,9,0,
7015,"WESTLIN, DANIEL",Nej,SWE,,1980-01-24,,GEFLE IF,2005-2010,102,15,
1611,"WESTLING, AXEL",Ja,SWE,,1905-05-20,1977-11-01,IK SLEIPNER,1928-1931,20,0,
1601,"WESTLING, RICKARD",Ja,SWE,RICKE,1899-02-08,1971-07-30,HAMMARBY IF,1925,16,0,
1601,"WESTLING, RICKARD",Ja,SWE,RICKE,1899-02-08,1971-07-30,DJURGÅRDENS IF,1928,1,0,
5700,"WESTLUND, TORBJÖRN",Nej,SWE,,1966-05-10,,HAMMARBY IF,1990,3,0,
6872,"WESTMAN, PETER",Ja,SWE,,1972-07-12,,ÖREBRO SK,2000-2008,76,0,
2985,"WESTRÉN, LENNART",Nej,SWE,,1920-12-08,2012-12-25,IFK NORRKÖPING,1941,4,1,
6855,"WESTRIN, HENRIK",Ja,SWE,,1975-01-07,,GIF SUNDSVALL,2000-2001,5,0,
5644,"WESTRING, TONNY",Nej,SWE,,1964-01-20,,ÖSTERS IF,1984-1993,180,4,
5644,"WESTRING, TONNY",Nej,SWE,,1964-01-20,,VÄSTRA FRÖLUNDA IF,1989,2,0,
3691,"WETTERLIND, ROLF",Nej,SWE,,1933-04-12,,ÖRGRYTE IS,1959-1967,182,44,
5586,"WETTERSKOG, LEIF",Nej,SWE,,1963-03-07,,VÄSTRA FRÖLUNDA IF,1987-1988,6,0,
2202,"WETTERSTRÖM, GUSTAV",Nej,SWE,GUTTA,1911-10-15,1991-11-16,IK SLEIPNER,1932-1941,158,53,
9647,"WEYMANS, MARCO",Nej,BEL,,1997-07-09,,ÖSTERSUNDS FK,2019-2021,39,1,
7968,"WHASS, ANDERS",Nej,SWE,,1981-03-16,,IFK NORRKÖPING,2008-2011,34,0,
5458,"WHITE, MARK",Ja,USA,,1961-12-05,,HAMMARBY IF,1986,13,0,SKV
9856,"WHITEMAN, ALFIE",Ja,ENG,,1998-10-02,,DEGERFORS IF,2021-2022,34,0,
5695,"WHITTON, STEVE",Nej,ENG,,1960-12-04,,HALMSTADS BK,1990,13,7,EG STEPHEN
6321,"WIBERG, DANIEL",Nej,SWE,,1975-07-03,,HALMSTADS BK,1996-1997,11,0,
4331,"WIBERG, ROLF",Nej,SWE,,1938-10-10,,ÖREBRO SK,1961-1963,9,3,
2194,"WIBERG, VALDEMAR",Ja,SWE,,1907-02-18,1990-09-02,MALMÖ FF,1932-1933,34,0,ENL BRFO 35M
7543,"WIBRÅN, AXEL",Ja,SWE,,1985-09-09,,ÖRGRYTE IS,2005-2006,5,0,
7543,"WIBRÅN, AXEL",Ja,SWE,,1985-09-09,,GAIS,2007-2008,3,0,
5726,"WIBRÅN, PETER",Nej,SWE,,1969-03-23,,ÖSTERS IF,1990-2006,174,30,
5726,"WIBRÅN, PETER",Nej,SWE,,1969-03-23,,HELSINGBORGS IF,1996-1998,77,21,
2987,"WICKBERG, LARS",Nej,SWE,-ERIK STOR-WICKE,1920-01-23,1998-08-27,IFK NORRKÖPING,1941-1945,31,1,
2986,"WICKBERG, SVEN-ÅKE",Nej,SWE,LILL-WICKE,1922-02-18,2009-05-01,IFK NORRKÖPING,1941-1947,42,0,
2179,"WICKBERG, THURE",Nej,SWE,,1919-12-20,1974-01-17,SANDVIKENS IF,1938-1942,8,0,
2179,"WICKBERG, THURE",Nej,SWE,,1919-12-20,1974-01-17,DJURGÅRDENS IF,1946,3,0,
4880,"WICKMAN, ANDERS",Nej,SWE,,1949-07-16,,BK DERBY,1977,26,6,
9225,"WICKS, JOSHUA",Nej,USA,,1983-11-01,,IK SIRIUS,2017-2018,26,0,
3678,"WICKSTRÖM, ROLAND",Nej,SWE,,1928-11-20,2007-05-11,HAMMARBY IF,1957,3,1,
1140,"WIDEGREN, KARL-GUSTAV",Nej,SWE,,1910-06-09,1989-07-13,IFK NORRKÖPING,1929-1936,37,5,
9411,"WIDELL, CASPER",Nej,SWE,,2003-05-05,,HELSINGBORGS IF,2020-2022,30,0,BR MELKER
9860,"WIDELL ZETTERSTRÖM, JACOB",Ja,SWE,,1998-07-11,,DJURGÅRDENS IF,2021-2023,70,0,
2203,"WIDÉN, ZETH",Nej,SWE,,1909-11-25,1973-04-16,IK SLEIPNER,1933,2,0,
8798,"WIDGREN, DENNIS",Nej,SWE,,1994-03-28,,ÖSTERSUNDS FK,2016-2018,79,2,
8798,"WIDGREN, DENNIS",Nej,SWE,,1994-03-28,,HAMMARBY IF,2019-2022,53,0,
8798,"WIDGREN, DENNIS",Nej,SWE,,1994-03-28,,IK SIRIUS,2021-2023,60,2,
2200,"WIDIN, SVEN",Nej,SWE,,1919-11-01,1994-11-03,IFK NORRKÖPING,1937,5,2,
1088,"WIDLUND, EIVAR",Ja,SWE,,1906-06-15,1968-03-31,AIK,1929-1936,131,0,
2990,"WIDLUND, LARS-OLLE",Nej,SWE,OLOF,1924-01-23,2002-07-02,ÖREBRO SK,1949,5,0,
2975,"WIDLUND, SVEN",Nej,SWE,,1924-02-20,1985-12-31,GAIS,1944-1949,14,1,SÄVEDALEN 1950 (19A)
1610,"WIDLUND, TORSTEN",Nej,SWE,TOTTA,1898-07-26,1970-08-10,IFK UDDEVALLA,1927,1,0,F I RYSSLAND
1602,"WIDMARK, TOR",Nej,SWE,TORPARN,1901-01-05,1973-02-03,HAMMARBY IF,1925,9,0,TORE
9200,"WIEDESHEIM-PAUL, RASMUS",Nej,SWE,,1999-02-08,,HALMSTADS BK,2017,2,0,
9200,"WIEDESHEIM-PAUL, RASMUS",Nej,SWE,,1999-02-08,,MJÄLLBY AIF,2022,13,0,
9200,"WIEDESHEIM-PAUL, RASMUS",Nej,SWE,,1999-02-08,,HELSINGBORGS IF,2022,13,1,
4314,"WIESTÅL, KAY",Nej,SWE,,1940-10-16,2020-11-14,DJURGÅRDENS IF,1963-1967,71,25,
4314,"WIESTÅL, KAY",Nej,SWE,,1940-10-16,2020-11-14,IK SIRIUS,1969,8,0,
2201,"WIGREN, LENNART",Nej,SWE,SKINNET,1915-04-29,1998-12-08,IFK NORRKÖPING,1936-1947,174,60,
4977,"WIGSTEDT, BJÖRN",Nej,SWE,BIGGE,1961-05-11,,KALMAR FF,1979-1986,78,0,
4369,"WIHLBERG, HANS",Nej,SWE,,1943-08-16,,HAMMARBY IF,1965,1,0,
7215,"WIHLBORG, ANDREAS",Nej,SWE,,1987-01-18,,TRELLEBORGS FF,2007-2011,68,7,
7215,"WIHLBORG, ANDREAS",Nej,SWE,,1987-01-18,,ÖSTERS IF,2013,1,0,
2978,"WIHLÉN, ÅKE",Nej,SWE,,1919-05-31,1991-11-06,HELSINGBORGS IF,1946-1947,24,5,
1604,"WIJK, CARL",Nej,SWE,,1906-02-28,1972-11-13,IFK MALMÖ,1926,4,2,MKL ARLÖV BI
2185,"WIKANDER, SVEN",Nej,SWE,,1916-04-11,1986-07-25,GÅRDA BK,1938-1943,95,0,GP TROL
3688,"WIKBLOM, NILS-ERIK",Nej,SWE,,1937-11-19,,SANDVIKENS IF,1957,3,0,FR STORVIK
2977,"WIKDAHL, JOHN",Nej,SWE,NONNE,1922-01-01,2011-08-06,HELSINGBORGS IF,1942-1955,130,3,
9947,"WIKHEIM, GUSTAV",Nej,NOR,,1993-03-18,,DJURGÅRDENS IF,2022-2023,48,9,
5003,"WIKLUND, ANDERS",Nej,SWE,,1958-01-14,,IFK SUNDSVALL,1979-1980,14,0,
4888,"WIKLUND, BJÖRN",Nej,SWE,,1947-03-23,,IFK LULEÅ,1971,7,0,
1607,"WIKLUND, MARTIN",Nej,SWE,,1896-10-23,1996-04-23,VÄSTERÅS IK,1925,10,2,
2312,"WIKLUND, NILS",Nej,SWE,,1903-11-12,1971-10-19,SANDVIKENS IF,1930,2,0,EJ THURE
2970,"WIKLUND, STIG",Nej,SWE,,1920-06-11,2008-03-04,IK BRAGE,1940-1944,14,2,
4919,"WIKLUNDH, PER",Nej,SWE,,1959-03-10,2018-03-30,AIK,1979-1982,30,4,SEN VÄSBY
9918,"WIKMAN, ADAM",Nej,SWE,,2003-12-15,,IK SIRIUS,2021-2023,28,0,
7527,"WIKMAN, ROBIN",Nej,FIN,,1986-01-21,,LANDSKRONA BoIS,2005,3,0,
7527,"WIKMAN, ROBIN",Nej,FIN,,1986-01-21,,BK HÄCKEN,2009,2,0,
9719,"WIKMAN, SAMUEL",Nej,SWE,,2002-01-22,,IK SIRIUS,2020,2,0,1 M 2020?
2971,"WIKMAN, SVEN",Nej,SWE,-OLOF,1923-12-05,2016-11-03,DJURGÅRDENS IF,1947,6,1,TILL KUBIKENBORG
4310,"WIKSTRÖM, ALLAN",Nej,SWE,,1935-02-09,1997-01-23,AIK,1963-1965,44,1,FR SKELL
7496,"WIKSTRÖM, ANDERS",Nej,SWE,,1981-12-14,,GEFLE IF,2005-2015,101,2,
7496,"WIKSTRÖM, ANDERS",Nej,SWE,,1981-12-14,,IF ELFSBORG,2009-2010,38,0,
7496,"WIKSTRÖM, ANDERS",Nej,SWE,,1981-12-14,,IFK NORRKÖPING,2011,28,1,
7496,"WIKSTRÖM, ANDERS",Nej,SWE,,1981-12-14,,MJÄLLBY AIF,2012,17,0,
5048,"WIKSTRÖM, ANDERS",Ja,SWE,,1955-05-26,,AIK,1982,12,0,
3674,"WIKSTRÖM, BENGT",Nej,SWE,,1927-10-22,1990-07-19,HALMSTADS BK,1955,1,0,ÖIS 50-52
5889,"WIKSTRÖM, FREDRIK",Nej,SWE,,1972-11-02,,GIF SUNDSVALL,1991,1,0,
5564,"WIKSTRÖM, MAGNUS",Nej,SWE,,1968-06-10,,GIF SUNDSVALL,1987-1991,48,12,
7492,"WIKSTRÖM, MAGNUS",Nej,SWE,,1977-12-07,,GEFLE IF,2005-2006,48,1,
7492,"WIKSTRÖM, MAGNUS",Nej,SWE,,1977-12-07,,ÖREBRO SK,2007-2014,189,8,
9324,"WIKSTRÖM, RASMUS",Nej,SWE,,2001-03-18,,IFK GÖTEBORG,2019-2020,3,0,
9324,"WIKSTRÖM, RASMUS",Nej,SWE,,2001-03-18,,MJÄLLBY AIF,2023,8,0,
7912,"WIKTORSSON, CHRISTOFFER",Nej,SWE,,1989-03-22,,ÖREBRO SK,2012-2015,40,0,
6658,"WILAND, JOHAN",Ja,SWE,SÄLLBERG+,1981-01-24,,IF ELFSBORG,2000-2008,206,0,
6658,"WILAND, JOHAN",Ja,SWE,SÄLLBERG+,1981-01-24,,MALMÖ FF,2015-2017,58,0,
6658,"WILAND, JOHAN",Ja,SWE,SÄLLBERG+,1981-01-24,,HAMMARBY IF,2017-2019,46,0,
4316,"WILAND, OWE",Ja,SWE,,1944-10-16,2020-11-01,IF ELFSBORG,1964,3,0,
4891,"WILHELMSSON, BO",Nej,SWE,,1949-11-27,,ÖREBRO SK,1971-1973,39,2,
6883,"WILHELMSSON, CHRISTIAN",Nej,SWE,CHIPPEN,1979-12-08,,MJÄLLBY AIF,2014,12,5,
4883,"WILHELMSSON, GUNNAR",Ja,SWE,,1954-10-04,,HAMMARBY IF,1975-1980,137,0,
4329,"WILHELMSSON, LARS",Ja,SWE,,1940-10-26,2019-10-01,ÖREBRO SK,1966,1,0,FR STUREHOV 1966
2991,"WILHELMSSON, ROLF",Nej,SWE,,1919-03-11,2007-01-28,ÖREBRO SK,1947-1949,21,0,
4911,"WILKENSON, JOHN",Nej,ENG,,1955-02-09,,AIK,1978-1979,20,1,
5074,"WILLBORG, CHRISTER",Nej,SWE,,1962-08-27,,DJURGÅRDENS IF,1980,9,0,
7514,"WILLIAMS, DIOH",Nej,LBR,,1984-01-08,,BK HÄCKEN,2005-2013,113,21,
7514,"WILLIAMS, DIOH",Nej,LBR,,1984-01-08,,GEFLE IF,2014-2016,76,16,
4921,"WILLIAMS, GARY",Nej,ENG,,1959-05-14,,DJURGÅRDENS IF,1978-1986,55,1,
8542,WILLIAN,Nej,BRA,GERLEM W.DE JESUS ALMEID,1984-08-07,,SYRIANSKA FC,2013,7,0,
4894,"WILLMAN, JÖRGEN",Nej,SWE,,1955-04-01,,ÖRGRYTE IS,1975-1976,25,4,
6470,"WILSON, DAVID",Nej,ENG,,1969-03-20,,PANOS LJUNGSKILE SK,1997,13,1,
8980,"WILSON, PETER",Nej,SWE,,1996-10-09,,GIF SUNDSVALL,2015-2019,93,19,
4924,"WIMAN, PER",Nej,SWE,,1958-02-12,,DJURGÅRDENS IF,1979,1,0,
9723,"WINBO, ALBIN",Nej,SWE,,1997-10-27,,VARBERGS BOIS,2020-2022,60,3,
2204,"WINBOM, KARL-GUSTAV",Nej,SWE,,1914-09-26,1999-11-24,ÖRGRYTE IS,1937-1938,13,0,
3690,"WING, LENNART",Nej,SWE,,1935-08-07,,ÖRGRYTE IS,1959-1968,155,3,
3686,"WINGE, LARS",Nej,SWE,-ERIK LACKEN,1931-07-24,2011-07-11,IFK NORRKÖPING,1955,1,0,
2981,"WINKLER, BÖRJE",Nej,SWE,,1923-06-09,1985-01-07,LUDVIKA FFI,1945,20,0,
2984,"WINQVIST, BERTIL",Ja,SWE,,1924-02-17,1995-08-25,MALMÖ FF,1947,9,0,
2984,"WINQVIST, BERTIL",Ja,SWE,,1924-02-17,1995-08-25,IFK MALMÖ,1953,21,0,
7024,"WINQVIST, MARCUS",Nej,SWE,,1981-02-11,,MALMÖ FF,2001,3,0,
2983,"WINQVIST, SVEN",Ja,SWE,,1925-06-15,1993-09-14,MALMÖ FF,1948-1949,14,0,
7128,"WINSNES, FREDRIK",Nej,NOR,,1975-12-28,,HAMMARBY IF,2002,25,2,
4333,"WINSTH, ROLAND",Nej,SWE,,1942-11-24,2020-03-23,ÖSTERS IF,1968,7,0,
4322,"WINSTRAND, BÖRJE",Nej,SWE,PÄRLAN,1935-01-20,,IS HALMIA,1963,10,0,
3670,"WIRÉN, KAJ",Nej,SWE,,1936-09-03,2016-04-06,IFK ESKILSTUNA,1958,2,0,FR/T ÖSTERMALM
3673,"WIRÉN, NILS",Nej,SWE,,1936-07-13,1992-02-07,GAIS,1955-1959,28,7,
6146,"WIRMOLA, JONAS",Nej,SWE,,1969-07-17,,MALMÖ FF,1994-1999,96,3,
8061,"WIRTANEN, TOMMY",Nej,FIN,,1983-01-19,,ÖREBRO SK,2009-2012,59,2,
2177,"WISSNELL, TAGE",Nej,SWE,,1905-07-27,1984-05-12,AIK,1930-1933,10,0,
2969,"WISTRAND, EVALD",Nej,SWE,WILLIS,1917-02-16,1990-11-06,AIK,1944,3,0,
9601,"WITRY, ASLAK",Nej,NOR,,1996-11-06,,DJURGÅRDENS IF,2019-2021,65,10,
2972,"WODELIUS, RUNE",Nej,SWE,,1921-01-05,1993-10-28,DJURGÅRDENS IF,1947,2,1,
2968,"WOLFBRANDT, HEROLD",Nej,SWE,,1919-01-13,1998-07-24,AIK,1943-1944,30,22,
2968,"WOLFBRANDT, HEROLD",Nej,SWE,,1919-01-13,1998-07-24,ÖREBRO SK,1947-1949,24,9,
5198,"WORONKO, ANDRZEJ",Nej,POL,,1954-05-03,,MJÄLLBY AIF,1983-1985,19,1,
5183,"WORTHINGTON, FRANK",Nej,ENG,,1948-11-23,2021-03-22,MJÄLLBY AIF,1980,12,4,
6058,"WOWOAH, SAMUEL",Nej,SWE/LBR,,1976-06-17,,ÖREBRO SK,1995-2012,149,5,
6058,"WOWOAH, SAMUEL",Nej,SWE/LBR,,1976-06-17,,DJURGÅRDENS IF,1999-2003,53,10,
6058,"WOWOAH, SAMUEL",Nej,SWE/LBR,,1976-06-17,,HALMSTADS BK,2001-2002,28,2,
6058,"WOWOAH, SAMUEL",Nej,SWE/LBR,,1976-06-17,,IFK GÖTEBORG,2005-2006,40,4,
3683,"WOXBLOM, AXEL",Nej,SWE,,1929-01-18,1997-12-21,IFK MALMÖ,1953,1,0,FR RONNEBY
5976,"WOXLIN, MATTIAS",Nej,SWE,,1972-02-10,,IK BRAGE,1993,24,2,
5976,"WOXLIN, MATTIAS",Nej,SWE,,1972-02-10,,GEFLE IF,2005-2008,100,14,
8228,"WRELE, JOAKIM",Nej,SWE,,1991-01-07,,HALMSTADS BK,2010-2011,2,0,
3677,"WRETMAN, LARS",Ja,SWE,,1931-12-27,2020-12-20,HAMMARBY IF,1955-1961,87,0,
9640,"WRIGHT, KEVIN",Nej,ENG,,1995-12-28,,ÖREBRO SK,2019-2021,68,2,
9640,"WRIGHT, KEVIN",Nej,ENG,,1995-12-28,,IK SIRIUS,2022,8,0,
8009,"WULFF, JOAKIM",Ja,SWE,,1979-02-06,,IF ELFSBORG,2009-2010,9,0,
8009,"WULFF, JOAKIM",Ja,SWE,,1979-02-06,,ÖSTERS IF,2013,14,0,
8009,"WULFF, JOAKIM",Ja,SWE,,1979-02-06,,IK SIRIUS,2018,3,0,
4332,"WÅHLIN, BERT",Nej,SWE,,1941-04-08,,ÖRGRYTE IS,1966-1968,30,0,
5066,"WÅHLSTRÖM, MICHAEL",Nej,SWE,,1961-07-29,,IK BRAGE,1982-1983,8,0,
6466,"WÅLEMARK, BO",Nej,SWE,,1964-08-18,,PANOS LJUNGSKILE SK,1997,22,5,
5381,"WÅLEMARK, JENS",Nej,SWE,,1966-07-31,,GAIS,1988-1991,77,3,
5381,"WÅLEMARK, JENS",Nej,SWE,,1966-07-31,,ÖRGRYTE IS,1993-1995,29,0,
6200,"WÅLEMARK, JÖRGEN",Nej,SWE,,1972-04-03,,IF ELFSBORG,1998-2000,53,8,FR LJUNGSKILE
6200,"WÅLEMARK, JÖRGEN",Nej,SWE,,1972-04-03,,PANOS LJUNGSKILE SK,2008,26,1,
9698,"WÅLEMARK, PATRIK",Nej,SWE,,2001-10-14,,BK HÄCKEN,2020-2021,50,12,
1615,"WÄNNSTRÖM, FOLKE",Nej,SWE,,1906-07-06,1972-07-02,WESTERMALMS IF,1929,16,4,FR BODEN VIA SIRIUS
2195,"WÄRN, ERIK",Nej,SWE,SYLVAN,1907-09-06,1981-12-09,MALMÖ FF,1937,2,0,
4881,"WÄRN, JOHNNY",Nej,SWE,,1950-07-30,,ÖREBRO SK,1972,1,0,
4881,"WÄRN, JOHNNY",Nej,SWE,,1950-07-30,,HALMSTADS BK,1976-1977,14,0,
9906,"WÖRTS, MAGNUS",Nej,DAN,,1999-02-08,,MJÄLLBY AIF,2021-2022,21,0,
1420,"XXXDBERG, EINAR",Nej,SWE,,1906-01-14,1986-09-29,STATTENA IF,1928-1930,39,10,
9413,"YAKOB, KEVIN",Nej,SWE,,2000-10-10,,BK HÄCKEN,2018-2020,3,1,
9413,"YAKOB, KEVIN",Nej,SWE,,2000-10-10,,IFK GÖTEBORG,2021-2022,38,6,
8328,"YARSUVAT, RICHARD",Nej,SWE,,1992-05-24,,IF ELFSBORG,2011,5,0,
8459,"YASAR, ÖZGUR",Nej,SWE,,1981-11-26,,SYRIANSKA FC,2012,6,1,
8383,"YASIN, AHMED",Nej,SWE,,1991-04-22,,ÖREBRO SK,2011-2021,63,6,
8383,"YASIN, AHMED",Nej,SWE,,1991-04-22,,AIK,2016-2018,32,2,
8383,"YASIN, AHMED",Nej,SWE,,1991-04-22,,BK HÄCKEN,2017-2020,70,12,
6238,"YASIN, SALAR",Nej,IRQ,,1978-03-05,,ÖREBRO SK,1995-1999,6,0,SV MEDB 2000
9576,"YLÄTUPA, SAKU",Nej,FIN,,1999-08-04,,AIK,2019-2021,24,1,
9576,"YLÄTUPA, SAKU",Nej,FIN,,1999-08-04,,GIF SUNDSVALL,2022,27,5,
9576,"YLÄTUPA, SAKU",Nej,FIN,,1999-08-04,,KALMAR FF,2023,4,0,
6432,"YNGVESSON, ANDREAS",Nej,SWE,,1974-08-18,,AIK,1997-1998,16,1,
6432,"YNGVESSON, ANDREAS",Nej,SWE,,1974-08-18,,GIF SUNDSVALL,2000-2001,38,10,
6432,"YNGVESSON, ANDREAS",Nej,SWE,,1974-08-18,,MALMÖ FF,2002-2005,79,12,
6432,"YNGVESSON, ANDREAS",Nej,SWE,,1974-08-18,,LANDSKRONA BoIS,2005,11,1,
7441,"YOBE, DOMINIC",Nej,ZAM,,1986-08-04,,ÖRGRYTE IS,2004-2006,34,1,
8969,"YOTUN, YOSHIMAR",Nej,PER,,1990-04-07,,MALMÖ FF,2015-2017,58,3,
9574,"YOUSSEF, ALI",Nej,SWE,,2000-08-05,,BK HÄCKEN,2019-2023,40,7,
1490,"YOUSSEF, CHRISTER",Nej,SWE,,1987-12-01,,IF BROMMAPOJKARNA,2007,15,0,
1490,"YOUSSEF, CHRISTER",Nej,SWE,,1987-12-01,,DJURGÅRDENS IF,2009-2012,75,10,
5960,"YTTERBOM, DANIEL",Nej,SWE,,1976-09-18,,GEFLE IF,2005-2007,51,4,
5437,"YTTERBOM, LARS",Nej,SWE,,1960-03-15,,GEFLE IF,1983-1984,42,3,
5437,"YTTERBOM, LARS",Nej,SWE,,1960-03-15,,HALMSTADS BK,1985-1986,43,6,
3692,"YTTERELL, GÖRAN",Nej,SWE,,1936-09-07,2022-09-05,MOTALA AIF,1958,19,7,
5631,"YTTERELL, LEIF",Nej,SWE,,1964-11-25,,ÖRGRYTE IS,1987-1993,85,6,
9451,"YUSUF, ALHASSAN",Nej,NIG,,2000-07-20,,IFK GÖTEBORG,2018-2021,66,2,
7191,"ÜNAL, TOLGA",Nej,SWE,,1985-09-22,,AIK,2003,1,0,
1091,"ZACHAROFF, GUNNAR",Nej,SWE,,1902-01-06,1957-09-05,GAIS,1926-1933,148,0,
2208,"ZACHAROFF, GUSTAV",Nej,SWE,,1912-02-10,1975-12-16,GAIS,1936-1938,5,0,
2207,"ZACHAROFF, TAGE",Nej,SWE,,1911-08-23,1998-07-30,GAIS,1934,11,4,
3693,"ZACHRISSON, GUNNAR",Nej,SWE,ZACKA,1921-08-08,1997-08-30,SANDVIKENS AIK,1955,7,3,
1093,"ZACHRISSON, HARRY",Nej,SWE,,1906-06-21,1977-11-26,ÖRGRYTE IS,1926-1940,213,12,
0327,"ZACHRISSON, ROBERT",Nej,SWE,,1966-01-31,,GAIS,1992,6,0,
4334,"ZACHRISSON, THOMAS",Ja,SWE,LILL-ZACKE,1949-04-21,,IFK HOLMSUND,1967,12,0,
4335,"ZACHRISSON, TORE",Nej,SWE,,1942-12-15,,ÖRGRYTE IS,1968,7,0,
1092,"ZACKRISON, HELGE",Nej,SWE,,1906-06-28,1976-07-26,IF ELFSBORG,1927-1931,97,9,
1092,"ZACKRISON, HELGE",Nej,SWE,,1906-06-28,1976-07-26,MALMÖ FF,1932-1933,19,1,
1090,"ZACKRISON, SVEN",Nej,SWE,ZÄTA,1902-09-06,1994-01-06,IF ELFSBORG,1927-1935,147,3,
8418,"ZACKRISSON, HAMPUS",Nej,SWE,,1994-08-24,,IFK GÖTEBORG,2013-2014,3,0,
8418,"ZACKRISSON, HAMPUS",Nej,SWE,,1994-08-24,,VARBERGS BOIS,2020-2023,80,3,
7555,"ZAIM, ALEXANDER",Nej,SWE,,1988-04-21,,HELSINGBORGS IF,2006,1,0,
8342,"ZAMORA, JOSÉ",Nej,SPA,,1988-08-20,,HALMSTADS BK,2011,9,0,
1618,"ZANDER, ROBERT",Ja,SWE,,1895-09-18,1966-06-27,ÖRGRYTE IS,1925-1927,29,0,
1618,"ZANDER, ROBERT",Ja,SWE,,1895-09-18,1966-06-27,REDBERGSLIDS IK,1931,11,0,
9414,"ZANDÉN, OLIVER",Nej,SWE,,2001-08-14,,IF ELFSBORG,2021-2022,18,2,
7950,"ZARKOVIC, CEDOMIR",Nej,SER,,1982-07-31,,PANOS LJUNGSKILE SK,2008,23,2,
1627,"ZATARA, IMAD",Nej,SWE/PAL,,1984-10-01,,IF BROMMAPOJKARNA,2007,4,0,
1627,"ZATARA, IMAD",Nej,SWE/PAL,,1984-10-01,,SYRIANSKA FC,2011,20,3,
1627,"ZATARA, IMAD",Nej,SWE/PAL,,1984-10-01,,ÅTVIDABERGS FF,2012-2014,50,11,
7724,"ZAVADIL, PAVEL",Nej,TJE,,1978-04-30,,ÖSTERS IF,2006,23,2,
7724,"ZAVADIL, PAVEL",Nej,TJE,,1978-04-30,,ÖRGRYTE IS,2009,27,1,
7724,"ZAVADIL, PAVEL",Nej,TJE,,1978-04-30,,MJÄLLBY AIF,2011-2012,30,1,
7991,"ZE NDILLE, BERTIN",Nej,KAM,BERTIN ZE,1988-12-17,,ÖREBRO SK,2008-2010,30,0,
8803,"ZEIDAN, MOUSTAFA",Nej,SWE,,1998-06-07,,HELSINGBORGS IF,2016,2,0,
8803,"ZEIDAN, MOUSTAFA",Nej,SWE,,1998-06-07,,IF BROMMAPOJKARNA,2018,15,0,
8803,"ZEIDAN, MOUSTAFA",Nej,SWE,,1998-06-07,,IK SIRIUS,2021-2022,28,4,
8803,"ZEIDAN, MOUSTAFA",Nej,SWE,,1998-06-07,,MALMÖ FF,2022-2023,23,3,
7298,"ZELINSKI, INDREK",Nej,EST,,1974-11-13,,LANDSKRONA BoIS,2003,13,1,
6598,"ZELIOTH, CHRISTIAN",Nej,SWE,,1971-02-12,,HAMMARBY IF,1998-1999,13,0,
8167,"ZENELI, ARBER SWE/KOS",Nej,SWE,,1995-02-25,,IF ELFSBORG,2014-2015,46,11,
9951,"ZENELI, BESFORT",Nej,SWE,,2002-11-21,,IF ELFSBORG,2022-2023,16,1,
7402,"ZENGIN, ERKAN",Nej,SWE,,1985-08-05,,HAMMARBY IF,2004-2018,95,8,
5195,"ZENTHIO, JAN",Nej,SWE,,1957-10-05,,MJÄLLBY AIF,1983-1985,17,2,
2205,"ZETHERLUND, OLLE",Nej,SWE,OLOF,1911-08-24,1974-10-02,AIK,1934-1939,54,40,
9017,"ZETTERBERG, ERIK",Nej,SWE,,1997-02-16,,FALKENBERGS FF,2016,2,0,
2206,"ZETTERBERG, SUNE",Nej,SWE,SKINNET,1907-12-12,1962-06-09,IK BRAGE,1938-1941,26,9,
5412,"ZETTERLUND, LARS",Nej,SWE,ZÄTA,1964-02-11,,AIK,1982-1986,91,12,
5412,"ZETTERLUND, LARS",Nej,SWE,ZÄTA,1964-02-11,,IFK GÖTEBORG,1987-1989,53,7,
5412,"ZETTERLUND, LARS",Nej,SWE,ZÄTA,1964-02-11,,ÖREBRO SK,1990-2001,193,15,
4895,"ZETTERLUND, ROLF",Nej,SWE,,1942-01-02,,AIK,1972-1976,117,11,
4895,"ZETTERLUND, ROLF",Nej,SWE,,1942-01-02,,IK BRAGE,1980,26,1,
5362,"ZEYBRANDT, MIKAEL",Nej,SWE,,1961-09-20,,IF ELFSBORG,1981-1987,68,1,
7312,"ZHUBI, MENTOR",Nej,SWE,,1984-05-01,,ÖRGRYTE IS,2003-2004,11,0,
8466,"ZHUBI, PETRIT",Nej,SWE,,1988-05-08,,ÅTVIDABERGS FF,2012-2013,36,3,
1617,"ZICKERMAN, FOLKE",Nej,SWE,ZICKA,1903-01-19,1977-02-11,IFK MALMÖ,1925-1930,78,0,
2992,"ZIEGLER, HARRY",Nej,SWE,,1919-12-18,1993-12-26,HELSINGBORGS IF,1945-1952,82,0,
8037,"ZLOJUTRO, VLADO",Nej,SWE,VLADICA,1988-01-04,,HAMMARBY IF,2009,8,0,
8037,"ZLOJUTRO, VLADO",Nej,SWE,VLADICA,1988-01-04,,ÖSTERS IF,2013,29,6,
8832,"ZOHORE, KENNETH",Nej,DAN,,1994-01-31,,IFK GÖTEBORG,2014,5,2,
8427,"ZUTA, LEONARD",Nej,SWE,,1992-08-09,,BK HÄCKEN,2012-2020,73,1,
8427,"ZUTA, LEONARD",Nej,SWE,,1992-08-09,,IF BROMMAPOJKARNA,2023,2,0,
7126,"ZVIRGZDAUSKAS, TOMAS",Nej,LIT,,1975-03-18,,HALMSTADS BK,2002-2011,211,6,
4343,"ÅBERG, BERTIL",Nej,SWE,,1949-09-03,,HAMMARBY IF,1967,2,0,
8096,"ÅBERG, EMIL",Nej,SWE,,1992-05-08,,HELSINGBORGS IF,2011,1,0,
4336,"ÅBERG, GÖRAN",Nej,SWE,,1948-01-25,2001-08-23,AIK,1966-1977,135,2,
5622,"ÅBERG, SONNY",Nej,SWE,,1958-11-22,,ÖRGRYTE IS,1981-1990,181,10,
2215,"ÅBERG, SVEN",Nej,SWE,FIFFI,1911-07-25,1982-07-02,HALMSTADS BK,1934-1936,49,0,
2994,"ÅGREN, ERIK",Nej,SWE,,1920-05-02,1998-07-11,HELSINGBORGS IF,1947-1948,24,0,
5489,"ÅGREN, PER",Nej,SWE,,1962-04-12,,MALMÖ FF,1985-1992,133,1,
5489,"ÅGREN, PER",Nej,SWE,,1962-04-12,,HELSINGBORGS IF,1993,11,1,
3696,"ÅGREN, RUNE",Ja,SWE,,1928-11-13,2006-06-09,SANDVIKENS AIK,1955,21,0,
3699,"ÅHLIN, JAN",Nej,SWE,,1937-07-29,1978-09-00,VÄSTERÅS SK,1956-1957,32,10,
2213,"ÅHLMAN, HENRY",Nej,SWE,,1921-04-17,1990-12-01,HALLSTAHAMMARS SK,1939,4,1,
2313,"ÅHLMAN, HOLGER",Nej,SWE,,1907-12-09,1987-05-22,HALLSTAHAMMARS SK,1932,21,0,SEN HOFORS
4901,"ÅHLUND, CARL-JOHAN",Nej,SWE,,1947-11-09,2022-08-25,IFK LULEÅ,1971,22,0,
2209,"ÅHLUND, OLLE",Nej,SWE,OLOF,1920-08-22,1996-02-11,DEGERFORS IF,1939-1956,312,35,SEN GULLSPÅNG
2214,"ÅHLUND, OLLE",Nej,SWE,OLOF,1911-04-10,1990-09-18,IS HALMIA,1933-1934,21,0,
4900,"ÅHLUND, THOM",Nej,SWE,,1953-02-17,,HAMMARBY IF,1973-1983,224,9,
2217,"ÅHMAN, SVEN",Nej,SWE,PUTTE,1917-07-26,1977-09-03,IFK NORRKÖPING,1937-1945,21,0,
7390,"ÅHMAN-PERSSON, ROBERT",Nej,SWE,,1987-03-26,,AIK,2004-2013,70,7,
7390,"ÅHMAN-PERSSON, ROBERT",Nej,SWE,,1987-03-26,,MALMÖ FF,2008-2010,53,4,
7390,"ÅHMAN-PERSSON, ROBERT",Nej,SWE,,1987-03-26,,ÖREBRO SK,2014-2016,74,5,
7390,"ÅHMAN-PERSSON, ROBERT",Nej,SWE,,1987-03-26,,IK SIRIUS,2018-2019,18,1,
4899,"ÅHS, LARS",Nej,SWE,,1948-07-06,,DJURGÅRDENS IF,1973-1974,14,2,
4339,"ÅHS, TORE",Nej,SWE,,1930-10-02,2017-04-25,IK BRAGE,1966,3,0,
5577,"ÅHSMAN, CHRISTER",Nej,SWE,,1964-04-06,,VÄSTRA FRÖLUNDA IF,1987-1989,31,0,
4898,"ÅKERBLOM, JAN",Nej,SWE,,1949-12-29,,AIK,1971,5,0,
4898,"ÅKERBLOM, JAN",Nej,SWE,,1949-12-29,,BRYNÄS IF,1974,19,0,
2993,"ÅKERLUND, HANS",Ja,SWE,,1921-05-28,2022-02-27,HALMSTADS BK,1943-1948,34,0,
4906,"ÅKERLUND, LENNART",Nej,SWE,TESSEN,1947-10-13,,GIF SUNDSVALL,1975,10,0,
4906,"ÅKERLUND, LENNART",Nej,SWE,TESSEN,1947-10-13,,IK BRAGE,1980-1982,58,0,
4337,"ÅKERSTRÖM, GUNNAR",Nej,SWE,,1944-08-18,,IK BRAGE,1966,17,2,FR KATRINEHOLM
1620,"ÅKERSTRÖM, HARRY",Nej,SWE,HJULPING,1900-02-14,1975-08-27,IK SLEIPNER,1926,1,0,
4341,"ÅKERSTRÖM, STIG",Nej,SWE,SÄRNA,1943-03-15,2022-10-29,DJURGÅRDENS IF,1962-1971,89,11,
7957,"ÅKERVALL, DANIEL",Nej,SWE,,1982-05-23,,PANOS LJUNGSKILE SK,2008,14,0,
2212,"ÅKERVALL, MAURITZ",Nej,SWE,MAMSING,1908-11-08,1983-05-18,IFK GÖTEBORG,1930-1932,7,0,
2212,"ÅKERVALL, MAURITZ",Nej,SWE,MAMSING,1908-11-08,1983-05-18,GÅRDA BK,1936-1940,87,0,
4346,"ÅKERWALL, BO",Nej,SWE,,1941-11-09,,ÖRGRYTE IS,1964-1968,66,0,
4903,"ÅKESSON, ARNE",Ja,SWE,,1948-06-13,,MALMÖ FF,1977,2,0,
2216,"ÅKESSON, ARVID",Nej,SWE,,1912-05-21,1979-05-25,LANDSKRONA BoIS,1936,3,0,EJ 141206-670902
3700,"ÅKESSON, ESKIL",Nej,SWE,,1932-09-03,,VÄSTERÅS SK,1957,3,0,TOMELILLA 23/6
6491,"ÅKESSON, JOHAN",Nej,SWE,,1979-04-08,,TRELLEBORGS FF,1997,5,0,
4902,"ÅKESSON, PER-ÅKE",Nej,SWE,PESA +KILEMARK,1955-01-16,,MALMÖ FF,1974-1977,23,2,
4345,"ÅKESSON, TORSTEN",Nej,SWE,,1935-11-18,2015-12-06,HÖGADALS IS,1962,21,0,
6908,"ÅLANDER, STEFAN",Nej,SWE,,1983-04-25,,GIF SUNDSVALL,2002-2016,151,4,
6908,"ÅLANDER, STEFAN",Nej,SWE,,1983-04-25,,KALMAR FF,2009-2010,31,1,
4344,"ÅMAN, JAN",Nej,SWE,,1941-03-08,2016-08-30,IFK HOLMSUND,1967,14,2,
3698,"ÅMAN, NILS",Nej,SWE,NICKE,1927-09-17,2005-09-07,SANDVIKENS IF,1954-1956,2,0,
4907,"ÅMAN, RONALD",Nej,SWE,ROLLE,1957-01-31,,ÖREBRO SK,1975-1978,79,0,
4907,"ÅMAN, RONALD",Nej,SWE,ROLLE,1957-01-31,,DJURGÅRDENS IF,1979-1981,64,1,
3695,"ÅMAN, ÅKE",Nej,SWE,,1926-04-20,2005-12-17,SANDVIKENS AIK,1955,2,0,
4904,"ÅMANSSON, HANS",Nej,SWE,,1950-01-24,,IFK NORRKÖPING,1974-1976,27,0,
3697,"ÅSBERG, SUNE",Nej,SWE,,1935-08-28,2015-10-10,SANDVIKENS AIK,1955,12,0,FR SAIK 57
3697,"ÅSBERG, SUNE",Nej,SWE,,1935-08-28,2015-10-10,SANDVIKENS IF,1958-1959,20,0,
8090,"ÅSBRINK, PONTUS",Nej,SWE,,1992-06-27,,IF BROMMAPOJKARNA,2013-2014,48,2,
7421,"ÅSKOOGH, MIKAEL",Nej,SWE,,1982-03-30,,GIF SUNDSVALL,2004-2005,25,0,
3694,"ÅSLIN, GÖRAN",Nej,SWE,,1937-10-24,2019-05-10,AIK,1956-1959,66,1,
4897,"ÅSLUND, ANDERS",Nej,SWE,,1956-11-30,,AIK,1977-1981,45,10,
4340,"ÅSLUND, JAN",Nej,SWE,,1935-11-30,,DJURGÅRDENS IF,1962,11,0,
4905,"ÅSLUND, KENNETH",Nej,SWE,,1949-06-20,,IFK NORRKÖPING,1972-1974,31,8,
5961,"ÅSLUND, MARTIN",Nej,SWE,,1976-11-10,,DJURGÅRDENS IF,1995-1996,26,1,
5961,"ÅSLUND, MARTIN",Nej,SWE,,1976-11-10,,IFK NORRKÖPING,1997-1998,48,4,
5961,"ÅSLUND, MARTIN",Nej,SWE,,1976-11-10,,AIK,1999-2004,94,6,
4896,"ÅSLUND, SANNY",Nej,SWE,,1952-08-29,,AIK,1973-1982,110,50,
4896,"ÅSLUND, SANNY",Nej,SWE,,1952-08-29,,MALMÖ FF,1979-1980,4,1,
9176,"ÅSTEDT, ROBERT",Nej,SWE,,1996-02-02,,ATHLETIC FC ESKILSTU,2017,7,0,
1619,"ÅSTRAND, ARTHUR",Nej,SWE,KNEBANG,1905-04-13,1979-07-18,IFK NORRKÖPING,1925-1930,42,1,
2210,"ÅSTRAND, EGON",Nej,SWE,SPARVEN,1914-01-21,1984-07-05,IF ELFSBORG,1934-1935,33,4,
2211,"ÅSTRÖM, HENRY",Nej,SWE,KNUBBEN,1902-11-21,1980-02-28,GEFLE IF,1934-1935,31,0,
4342,"ÅSTRÖM, JOHN",Nej,SWE,MOGGLI,1930-02-19,2022-12-16,IF ELFSBORG,1961-1962,18,0,"PERSTORPS SK, HIF B-LAG"
7708,"ÅSTRÖM, PATRIK",Nej,SWE,,1987-08-28,,HELSINGBORGS IF,2006-2007,3,0,
4338,"ÅSTRÖM, PETER",Nej,SWE,,1945-06-29,1995-01-23,IK BRAGE,1966,14,1,FR/T BODEN/HORNSKROKEN
3000,"ÖBERG, BÖRJE",Nej,SWE,,1924-08-10,1975-06-10,LANDSKRONA BoIS,1949,18,0,FR DROTT
3000,"ÖBERG, BÖRJE",Nej,SWE,,1924-08-10,1975-06-10,RÅÅ IF,1952,9,1,
2314,"ÖBERG, ESKIL",Ja,SWE,,1898-09-20,1970-11-06,ÖRGRYTE IS,1931,1,0,EGENTL ÖHBERG
3703,"ÖBERG, PRAWITZ",Nej,SWE,,1930-11-16,1995-11-04,MALMÖ FF,1953-1965,278,34,
2997,"ÖDÉHN, RICKARD",Nej,SWE,,1921-01-01,2002-03-22,IF ELFSBORG,1940-1945,59,0,
2997,"ÖDÉHN, RICKARD",Nej,SWE,,1921-01-01,2002-03-22,JÖNKÖPINGS SÖDRA IF,1948-1949,20,0,
1621,"ÖDVALL, HUGO",Ja,SWE,,1904-09-12,1937-08-30,IFK UDDEVALLA,1926,20,0,
1621,"ÖDVALL, HUGO",Ja,SWE,,1904-09-12,1937-08-30,AIK,1927,18,0,
1621,"ÖDVALL, HUGO",Ja,SWE,,1904-09-12,1937-08-30,ÖRGRYTE IS,1928-1929,21,0,
2261,"ÖHAGEN, HJALMAR",Nej,SWE,,1985-05-17,,HALMSTADS BK,2007-2008,17,0,
2261,"ÖHAGEN, HJALMAR",Nej,SWE,,1985-05-17,,GEFLE IF,2009-2012,38,1,
1624,"ÖHLANDER, GUSTAF",Ja,SWE,,1906-02-25,1983-12-09,IFK UDDEVALLA,1926,1,0,
2219,"ÖHLANDER, KURT",Nej,SWE,,1917-03-07,1996-07-29,IF ELFSBORG,1936,1,0,
2218,"ÖHLANDER, YNGVE",Nej,SWE,,1913-07-22,2006-12-26,IF ELFSBORG,1936,5,2,
2222,"ÖHLIN, BROR",Nej,SWE,,1901-02-04,1979-09-01,GEFLE IF,1934,9,1,FR BRYNÄS
1623,"ÖHLIN, MARTIN",Nej,SWE,KACKLIS,1900-04-30,1945-01-11,IFK NORRKÖPING,1925,2,0,"FR DERBY,EM USA 24"
9190,"ÖHMAN, ANDREAS",Nej,SWE,,1998-01-14,,IFK GÖTEBORG,2017,1,0,
3002,"ÖHMAN, HARRY",Nej,SWE,,1916-07-14,1981-01-01,REYMERSHOLMS IK,1942,18,0,
4347,"ÖHMAN, JAN",Nej,SWE,,1942-07-04,2022-10-08,DJURGÅRDENS IF,1966-1967,26,1,
4347,"ÖHMAN, JAN",Nej,SWE,,1942-07-04,2022-10-08,IK SIRIUS,1969,1,0,
7763,"ÖHMAN, LUDVIG",Nej,SWE,,1991-10-09,,KALMAR FF,2010-2015,57,0,
7763,"ÖHMAN, LUDVIG",Nej,SWE,,1991-10-09,,ATHLETIC FC ESKILSTU,2017,26,2,
7763,"ÖHMAN, LUDVIG",Nej,SWE,,1991-10-09,,IF BROMMAPOJKARNA,2018,22,0,
5212,"ÖHMAN, ROGER",Nej,SWE,,1960-12-20,,IFK SUNDSVALL,1980-1981,5,0,
5918,"ÖHMAN, STEFAN",Nej,SWE,,1966-03-07,,VÄSTRA FRÖLUNDA IF,1992-1994,47,10,HOLMALUND 89 22 MÅL
5210,"ÖHRLING, LARS",Nej,SWE,,1960-08-25,2014-11-17,IFK SUNDSVALL,1980-1981,17,2,
6096,"ÖHRMAN, MIKAEL",Nej,SWE,,1971-09-20,,DEGERFORS IF,1994-1997,74,1,
2315,"ÖHRN, INGEMAR",Nej,SWE,,1910-11-05,1951-03-07,SANDVIKENS IF,1931,3,1,
8987,"ÖHRN, LUCAS",Nej,SWE,,1997-09-27,,ÅTVIDABERGS FF,2015,1,0,
4348,"ÖHRN, MATS",Nej,SWE,,1948-05-10,,IF ELFSBORG,1968-1973,77,1,"KALM FF, SEN KALM AIK 68"
4348,"ÖHRN, MATS",Nej,SWE,,1948-05-10,,KALMAR FF,1976,12,3,
2996,"ÖHRN, NILS",Nej,SWE,,1925-08-26,2011-05-25,DEGERFORS IF,1945-1947,18,2,
2225,"ÖHRSTRÖM, BERNT",Nej,SWE,,1912-01-05,1990-06-12,IK SLEIPNER,1935-1941,139,1,
4350,"ÖHSTRÖM, TOMMY",Nej,SWE,,1938-04-01,1994-01-05,SANDVIKENS IF,1961,5,0,
3702,"ÖQVIST, GUNNAR",Nej,SWE,,1917-12-02,1998-12-09,AIK,1951,13,4,
9941,"ÖQVIST, RASMUS",Nej,SWE,,1998-10-18,,DEGERFORS IF,2022-2023,53,7,
7393,"ÖRLUND, DANIEL",Ja,SWE,,1980-06-23,,AIK,2004-2009,94,0,
6587,"ÖRN, TOMAS",Nej,SWE,,1973-03-16,,IF ELFSBORG,1998,1,0,
5576,"ÖRNEHOLT, EDDY",Nej,SWE,,1958-08-23,,VÄSTRA FRÖLUNDA IF,1987-1988,34,0,
3001,"ÖRTEGREN, GÖTE",Nej,SWE,,1921-01-27,1985-05-22,IFK NORRKÖPING,1941-1947,13,6,
2316,"ÖSTBERG, KARL",Nej,SWE,,1911-07-17,1993-12-18,IFK ESKILSTUNA,1931,1,0,
6732,"ÖSTBERG, MATTIAS",Nej,SWE,,1977-08-24,,IFK NORRKÖPING,1999-2001,65,7,
6732,"ÖSTBERG, MATTIAS",Nej,SWE,,1977-08-24,,GAIS,2006-2007,30,2,
6732,"ÖSTBERG, MATTIAS",Nej,SWE,,1977-08-24,,BK HÄCKEN,2009-2012,93,5,
6732,"ÖSTBERG, MATTIAS",Nej,SWE,,1977-08-24,,DJURGÅRDENS IF,2012-2014,25,1,
2995,"ÖSTBERG, STIG",Nej,SWE,,1922-10-26,1992-01-06,REYMERSHOLMS IK,1942,10,1,
2995,"ÖSTBERG, STIG",Nej,SWE,,1922-10-26,1992-01-06,AIK,1942-1950,71,17,
2999,"ÖSTBERG, UNO",Nej,SWE,UMPA,1917-09-30,1994-01-18,HAMMARBY IF,1940,2,0,
2999,"ÖSTBERG, UNO",Nej,SWE,UMPA,1917-09-30,1994-01-18,HELSINGBORGS IF,1942-1944,32,11,
3705,"ÖSTBLOM, BENGT",Nej,SWE,,1932-02-03,2015-11-20,SANDVIKENS IF,1954-1961,91,11,EV +1 MATCH
7692,"ÖSTERBERG, PETTER",Nej,SWE,,1983-06-12,,GEFLE IF,2006-2007,17,0,
2223,"ÖSTERGREN, JOHN",Nej,SWE,,1916-11-13,1992-09-22,HALLSTAHAMMARS SK,1939,22,5,
3704,"ÖSTERGÅRD, THURE",Nej,SWE,,1927-05-13,1993-05-05,SANDVIKENS AIK,1955,8,0,
9636,"ÖSTERHOLM, ANDRÉ",Nej,SWE,,1996-06-17,,IK SIRIUS,2019-2020,3,0,
2224,"ÖSTERLIN, GEORG",Nej,SWE,,1909-11-28,1998-05-09,MALMÖ FF,1933-1942,113,6,
5224,"ÖSTERLING, LEIF",Nej,SWE,,1963-10-05,,TRELLEBORGS FF,1985,15,0,EM TYSKL
2221,"ÖSTERLUND, BERTIL",Nej,SWE,PUTTE,1917-11-10,1979-08-20,GEFLE IF,1935,1,0,
4349,"ÖSTGREN, ROLF",Nej,SWE,LÅNGEN,1934-08-31,2004-06-23,IFK GÖTEBORG,1962,2,0,
4909,"ÖSTLIN, HENRIK",Nej,SWE,,1947-03-04,,IK SIRIUS,1973-1974,24,3,
8530,"ÖSTLIN, RICKARD",Nej,SWE,,1994-01-16,,MJÄLLBY AIF,2013-2014,5,0,
7902,"ÖSTLIND, ROBIN",Nej,SWE,,1990-03-14,,KALMAR FF,2008-2009,2,0,
7902,"ÖSTLIND, ROBIN",Nej,SWE,,1990-03-14,,FALKENBERGS FF,2019,20,3,
2220,"ÖSTLING, RUNE",Nej,SWE,,1916-11-05,1993-04-19,GAIS,1937-1950,84,23,
6198,"ÖSTLUND, ALEXANDER",Nej,SWE,SALLE MEZAN,1978-11-02,,AIK,1995-1998,46,3,
6198,"ÖSTLUND, ALEXANDER",Nej,SWE,SALLE MEZAN,1978-11-02,,IFK NORRKÖPING,1999-2002,78,3,
6198,"ÖSTLUND, ALEXANDER",Nej,SWE,SALLE MEZAN,1978-11-02,,HAMMARBY IF,2003-2004,45,0,
4908,"ÖSTLUND, DAN",Nej,SWE,,1947-01-06,,IFK GÖTEBORG,1970,5,1,
1622,"ÖSTLUND, ERNST",Nej,SWE,,1899-12-09,1978-06-01,IFK GÖTEBORG,1925-1932,138,31,
2998,"ÖSTLUND, JAN",Nej,SWE,,1919-08-27,1982-07-31,HALMSTADS BK,1943-1945,45,5,
2998,"ÖSTLUND, JAN",Nej,SWE,,1919-08-27,1982-07-31,IS HALMIA,1946-1949,60,12,
3701,"ÖSTLUND, ULF",Nej,SWE,,1930-08-15,2020-04-30,AIK,1951-1954,11,4,"FR HAGALUND, TVILLING"
6092,"ÖSTLUNDH, DENNIS",Nej,SWE,,1977-08-30,,AIK,1996-2006,5,0,
6092,"ÖSTLUNDH, DENNIS",Nej,SWE,,1977-08-30,,GIF SUNDSVALL,2000-2002,62,13,
7988,"ÖSTMAN, RASMUS",Nej,SWE,,1988-04-18,,TRELLEBORGS FF,2008,4,0,
8363,"ÖZDEMIROK, AHMET",Nej,SWE,,1981-01-25,,SYRIANSKA FC,2011,18,0,
8440,"ÖZEN, MAHMUT",Nej,SWE,,1988-09-01,,MJÄLLBY AIF,2012-2013,28,0,
8440,"ÖZEN, MAHMUT",Nej,SWE,,1988-09-01,,MALMÖ FF,2014,1,0,
8440,"ÖZEN, MAHMUT",Nej,SWE,,1988-09-01,,FALKENBERGS FF,2019-2020,18,0,
7198,"ÖZKAN, GABRIEL",Nej,SWE,,1986-05-23,,AIK,2006-2012,62,8,
7198,"ÖZKAN, GABRIEL",Nej,SWE,,1986-05-23,,IF BROMMAPOJKARNA,2013-2014,17,1,
90000,"ÖZKAN, GABRIEL",Nej,SWE,,,,,FEL,0,0,
11183,"ABDULAI, JALAL",Nej,GHA,,2005-01-05,,IF ELFSBORG,2023,10,2,
11004,"ABDULAZEEZ, YUSUF",Nej,NIG,,2002-03-09,,MJÄLLBY AIF,2022,2,0,
11179,"ABDULLA, PASHANG",Nej,SWE/IQ,,1994-05-29,,DEGERFORS IF,2023,14,0,
11237,"ABOU ALI, WESSAM",Nej,DAN/PAL,,1999-01-04,,IK SIRIUS,2023,16,10,
11266,"ALFONSI, DIEGO",Nej,SWE,,2006-11-05,,VARBERGS BOIS,2023,2,0,
11153,"ALI, ABDIHAKIN",Nej,SWE,,2002-01-22,,AIK,2023,13,1,
11201,"ALIOUM MOUBARAK, SAIDOU",Nej,KAM,,2003-07-25,,HAMMARBY IF,2023,1,0,
11272,"ANDERSSON, MÅNS",Nej,SWE,,2006-07-12,,VARBERGS BOIS,2023,1,0,
11026,"AVDIU, HARIS",Nej,SWE,,1997-10-21,,IFK VÄRNAMO,2022,3,0,
11240,"BAGGESEN, MARCUS",Nej,DAN,,2004-12-18,,IFK NORRKÖPING,2023,28,0,
11186,"BALDURSSON, ANDRI",Nej,ISL,,2002-01-10,,IF ELFSBORG,2023,11,0,
11172,"BASSEY, FORTUNE",Nej,NIG,,1998-10-06,,DEGERFORS IF,2023,11,0,
11027,"BECIROVIC, EDVIN",Nej,SWE,,2000-03-29,,IFK VÄRNAMO,2022-2023,19,1,
11152,"BERAKI, ALEXANDER FESSH",Nej,SWE,,2004-02-28,,AIK,2023,10,2,"FESSHAIE, SWE/ETI"
11221,"BERG JOHNSEN, LASSE",Nej,NOR,,1999-08-18,,MALMÖ FF,2023,13,0,
11256,"BERGH, VIKTOR",Nej,SWE,,1999-07-26,,IFK VÄRNAMO,2023,28,1,
11149,"BERGVALL, THEO",Nej,SWE,,2004-09-21,,DJURGÅRDENS IF,2023,2,0,
11156,"BESIROVIC, DINO",Nej,POR/BIH,,1994-01-31,,AIK,2023,12,0,
11178,"BICHIS, JAMIE",Nej,SWE,,2004-03-14,,DEGERFORS IF,2023,4,0,
11258,"BILALOVIC, KENAN",Nej,SWE,,2005-06-22,,IFK VÄRNAMO,2023,11,0,
11227,"BJÖRNSSON, LOVE",Nej,SWE,,2004-04-15,,MJÄLLBY AIF,2023,3,0,
11036,"BOHMAN, FILIP",Nej,SWE,,1996-11-24,,VARBERGS BOIS,2022,12,1,
11245,"BOLMA, STEPHEN",Nej,GHA,,2004-12-09,,IFK NORRKÖPING,2023,1,0,
11268,"BORCHERS, MADS",Nej,DAN,,2002-06-18,,VARBERGS BOIS,2023,13,1,
11015,"BRENDON, ERICK",Nej,BRA,,1995-05-23,,IFK VÄRNAMO,2022,7,0,
11209,"BRUSBERG, ISAK",Nej,SWE,,2006-09-05,,BK HÄCKEN,2023,2,0,
11031,"BURKE, JAHEEM",Nej,SWE,,2001-08-19,,VARBERGS BOIS,2022,7,1,
11040,"BURMAN, MARCUS",Nej,SWE,,1996-08-09,,GIF SUNDSVALL,2022,20,0,
11250,"BURUBWA, DANIELE",Nej,SWE,,2005-03-09,,IFK NORRKÖPING,2023,1,0,
11217,"BUSANELLO, GABRIEL",Nej,BRA,,1998-10-29,,MALMÖ FF,2023,26,1,
11257,"BUSTOS, MARCO",Nej,KAN/ITA,,1996-04-22,,IFK VÄRNAMO,2023,18,3,
11045,"CASTRO, GABRIEL",Nej,POR/SA,,2000-11-15,,GIF SUNDSVALL,2022,6,0,
11158,"CELINA, BERSANT",Nej,KOS/NO,,1996-08-13,,AIK,2023,9,0,
11208,"CHIDI, ANOMNACHI",Nej,SWE,,2004-07-13,,BK HÄCKEN,2023,1,0,
11216,"CORNELIUS, DEREK",Nej,KAN/JAM,,1997-11-25,,MALMÖ FF,2023,25,3,
11041,"CORONA, JOE",Nej,USA,,1990-07-09,,GIF SUNDSVALL,2022,25,0,
11039,"DAHLSTRÖM, NIKLAS",Nej,SWE,,1997-05-28,,GIF SUNDSVALL,2022,5,0,
11039,"DAHLSTRÖM, NIKLAS",Nej,SWE,,1997-05-28,,VARBERGS BOIS,2023,25,1,
11042,"DAMUS, RONALDO",Nej,HAITI,,1999-09-12,,GIF SUNDSVALL,2022,25,5,
11238,"DE KAMPS, JOERI",Nej,NED,,1992-02-10,,IK SIRIUS,2023,13,0,
11020,"DE VRIESNEN, FRANCIS",Nej,NZL/SW,,1994-11-28,,IFK VÄRNAMO,2022,11,0,
11046,"DELLKRANS, EDWIN",Nej,SWE,,2003-04-17,,GIF SUNDSVALL,2022,2,0,
11200,"DJUKANOVIC, VIKTOR",Nej,MONT,,2004-01-29,,HAMMARBY IF,2023,25,11,
11037,"DZELILI, FLAMUR",Nej,SWE,,1999-09-09,,VARBERGS BOIS,2022,3,0,
11251,"EID, DANIEL",Nej,NOR,,1998-10-14,,IFK NORRKÖPING,2022-2023,55,1,
11264,"EL OUATKI, YASSINE",Nej,FRA/MA,,1998-11-10,,VARBERGS BOIS,2023,19,0,
11013,"ERIKSSON, VICTOR",Nej,SWE,,2000-09-17,,IFK VÄRNAMO,2022-2023,59,0,
11223,"FENGER, MAX",Nej,DAN,,2001-08-07,,MJÄLLBY AIF,2023,30,6,
11154,"FISCHER, VIKTOR",Nej,DAN,,1994-06-09,,AIK,2023,8,0,
11198,"FRIBERG, GUSTAV",Nej,SWE,,2002-09-10,,HALMSTADS BK,2023,5,0,
11265,"FRIGELL JANSSON, LEO",Nej,SWE,,2003-06-24,,VARBERGS BOIS,2023,11,0,
11195,"GRANATH, VIKTOR",Nej,SWE,,1994-04-03,,HALMSTADS BK,2023,29,9,
11197,"GRANATH, VILLIAM",Nej,SWE,,1998-04-14,,HALMSTADS BK,2023,12,0,
11255,"GROZDANIC, EMIN",Nej,SWE,,1999-07-05,,IFK VÄRNAMO,2023,29,0,
11006,"GUDJOHNSEN, ANDRI",Nej,ISL,,2002-01-29,,IFK NORRKÖPING,2022-2023,29,1,
11219,"GUDJOHNSEN, DANIEL",Nej,ISL,,2006-03-01,,MALMÖ FF,2023,1,0,
11028,"GUSTAFSSON, HAMPUS",Ja,SWE,,2001-06-20,,IFK VÄRNAMO,2022,1,0,
11206,"GÜL, DENIZ",Nej,SWE,,2004-07-02,,HAMMARBY IF,2023,3,0,
11188,"HAGEN, ELIAS",Nej,NOR,,2000-01-20,,IFK GÖTEBORG,2023,15,1,
11242,"HAMMERSHOJ-MISTRATI, VITO",Nej,ITA/DAN,,1992-06-15,,IFK NORRKÖPING,2023,27,5,
11187,"HAUSNER, SEBASTIAN",Nej,DAN,,2000-11-04,,IFK GÖTEBORG,2023,24,1,
11175,"HEDÉN LINDSKOG, ALEXANDER",Nej,SWE,,2004-01-18,,DEGERFORS IF,2023,2,0,
11164,"HEGGEM, TORBJÖRN",Nej,NOR,,1999-01-12,,IF BROMMAPOJKARNA,2023,28,1,
11231,"HEIER, MELKER",Nej,SWE,,2001-05-08,,IK SIRIUS,2023,26,4,
11007,"HELLICHIUS, FRITIOF",Nej,SWE,,2003-08-03,,IFK NORRKÖPING,2022-203,7,0,
11269,"HOVEN, KRISTOFFER",Nej,NOR,,1996-08-10,,VARBERGS BOIS,2023,10,0,
11211,"HRSTIC, SRDJAN",Nej,SER/KRO,,2003-07-18,,BK HÄCKEN,2023,10,2,
11182,"IBRAHIM, BUHARI",Nej,NIG,,2001-10-08,,IF ELFSBORG,2023,16,0,
11239,"IBRAHIM, HARUN",Nej,SWE,,2003-02-26,,IK SIRIUS,2023,6,0,
11176,"ILUNGA, DE PIEVRE",Nej,SWE,DEPI,2006-01-02,,DEGERFORS IF,2023,4,0,
11214,"JANSSON, RONY",Nej,FIN,,2005-01-10,,KALMAR FF,2023,4,0,
11054,"JANSSON, SIGGE",Nej,SWE,,2005-11-10,,BK HÄCKEN,2023,2,0,
11184,"JEBARA, CAMIL",Nej,SWE,,2003-01-19,,IF ELFSBORG,2023,5,0,
11165,"JELASSI, MONIR",Nej,SWE/TUN,,1999-11-25,,IF BROMMAPOJKARNA,2023,8,0,
11234,"JENG, MALCOLM",Nej,SWE,,2005-03-09,,IK SIRIUS,2023,20,0,
11160,"JENSEN, ALEXANDER",Nej,DAN,,2001-08-24,,IF BROMMAPOJKARNA,2023,30,2,
11248,"JONSSON, LEO",Nej,SWE,,2004-04-16,,IFK NORRKÖPING,2023,1,0,
11163,"JORDAN, LIAM",Nej,RSA/NZL,,1998-07-30,,IF BROMMAPOJKARNA,2023,8,0,
11030,"JUNIOR, ELITON",Nej,BRA,ELITON PARDINHO TORETA J,1998-01-26,,VARBERGS BOIS,2022-2023,34,4,
11259,"JUNIOR ADJEI, FRANK",Nej,GHA,,2004-03-20,,IFK VÄRNAMO,2023,9,0,
11220,"JÖRGENSEN, SEBASTIAN",Nej,DAN,,2000-06-08,,MALMÖ FF,2023,16,1,
11232,"KAASTRUP, MAGNUS",Nej,DAN,,2000-12-28,,IK SIRIUS,2023,10,0,
11260,"KALU, JOHNBOSCO SAMUE",Nej,SWE,,1997-12-10,,IFK VÄRNAMO,2023,1,0,*NIG
11207,"KAMARA, OLA",Nej,NOR,,1989-10-15,,BK HÄCKEN,2023,12,0,
11005,"KAMDEM TIBELL, DARRELL",Nej,SWE,,2002-02-20,,IFK NORRKÖPING,2022,3,0,
11016,"KENNDAL, WILLIAM",Nej,SWE,,1996-04-04,,IFK VÄRNAMO,2022-2023,30,0,
11168,"KORAC, SEID",Nej,LUX/SER,,2001-10-20,,DEGERFORS IF,2023,25,1,
11218,"KOTTO, SAMUEL",Nej,KAM,,2003-09-03,,MALMÖ FF,2023,1,0,
11034,"KRASNIQI, DION",Nej,SWE,,2003-08-24,,VARBERGS BOIS,2022-2023,31,6,
11271,"KUROCHKIN, ANTON",Nej,SWE,,2003-07-20,,VARBERGS BOIS,2023,7,0,
11141,"KUSI-ASARE, JONAH",Nej,SWE,,2007-07-04,,AIK,2023,4,0,
11001,"LAMOTEY, EMMANUEL",Nej,GHA,,1997-12-14,,MALMÖ FF,2022,3,0,
11014,"LARSSON, VICTOR",Nej,SWE,,2000-04-19,,IFK VÄRNAMO,2022-2023,57,0,
11038,"LASSO, FORREST",Nej,USA,,1993-05-11,,GIF SUNDSVALL,2022,22,0,
11212,"LAURSEN, JACOB",Nej,DAN,,1994-11-17,,BK HÄCKEN,2023,5,0,
11210,"LAYOUNI, AMOR",Nej,SWE/TUN,,1992-10-03,,BK HÄCKEN,2023,14,5,
11241,"LIND, VICTOR",Nej,DAN,,2003-07-12,,IFK NORRKÖPING,2023,29,6,
11173,"LINDGREN, GUSTAV",Nej,SWE,,2001-08-16,,DEGERFORS IF,2023,16,3,
11235,"LJUNGBERG, AUGUST",Nej,SWE,,2005-05-13,,IK SIRIUS,2023,5,0,
11177,"LJUNGBERG, CARL",Nej,SWE,,2004-04-01,,DEGERFORS IF,2023,1,0,
11205,"LLINARES, MARC",Nej,SPA,,1999-08-26,,HAMMARBY IF,2023,11,0,
11017,"MAGASHY, ABDUSSALAM",Nej,NIG,,1998-04-06,,IFK VÄRNAMO,2022,30,4,
11017,"MAGASHY, ABDUSSALAM",Nej,NIG,,1998-04-06,,AIK,2023,15,2,
11044,"MAKRILLOS, PETER",Nej,GRE/AUS,,1995-09-04,,GIF SUNDSVALL,2022,11,1,
11170,"MAMMAR CHAOCHE, ABDELKARIM",Nej,SWE,,1996-10-21,,DEGERFORS IF,2023,28,1,*SWE/ALG
11003,"MERBOM ALFREDSSON, JESPER",Nej,SWE,,1999-01-15,,MJÄLLBY AIF,2022,2,0,
11202,"MIKKELSEN, AUGUST",Nej,NOR,,2000-10-24,,HAMMARBY IF,2023,21,1,
11226,"MITTARI, ARGJEND",Nej,SWE,,2004-01-29,,MJÄLLBY AIF,2023,2,0,
11151,"MODESTO, RUI",Nej,POR,,1999-10-07,,AIK,2023,29,6,
11196,"MOHAMMED, NAEEM",Nej,GHA,,1998-11-11,,HALMSTADS BK,2023,26,8,
11043,"MOLIN, GUSTAV",Ja,SWE,,2002-10-21,,GIF SUNDSVALL,2022,5,0,
11021,"MOSES, CHRISTIAN",Nej,SLE,,1993-08-10,,IFK VÄRNAMO,2022,4,0,
11270,"MUCOLLI, AGON",Nej,DAN/ALB,,1998-09-26,,VARBERGS BOIS,2023,6,0,
11191,"MUCOLLI, ARBNOR",Nej,ALB/DAN,,1999-09-15,,IFK GÖTEBORG,2023,17,6,
11249,"NEFFATI, MOUTAZ",Nej,SWE,,2004-09-04,,IFK NORRKÖPING,2023,2,1,
11012,NETINHO,Nej,BRA,EVALDO NASCIMENTO..NETO,1994-04-05,,IFK VÄRNAMO,2022-2023,29,1,
11002,"NWANKWO, SILAS",Nej,NIG,,2003-12-12,,MJÄLLBY AIF,2022-2023,31,8,
11022,"NÄSSTRÖM, HAMPUS",Nej,SWE,,1994-12-18,,IFK VÄRNAMO,2022-2023,52,2,
11229,"NÖKKVASON, GUDMUNDUR",Nej,ISL,,2004-04-27,,MJÄLLBY AIF,2023,7,1,
11146,"ODEFALK, WILMER",Nej,SWE,,2004-11-21,,DJURGÅRDENS IF,2023,1,0,
11146,"ODEFALK, WILMER",Nej,SWE,,2004-11-21,,IF BROMMAPOJKARNA,2023,13,1,
11194,"OFOSU-AYEH, PHIL",Nej,GHA/TYS,,1991-09-15,,HALMSTADS BK,2023,27,1,
11174,"OHLSSON, JONAS",Ja,SWE,,1994-09-14,,DEGERFORS IF,2023,6,0,
11008,"OLSSON, FILIP",Nej,SWE,,1999-04-24,,IK SIRIUS,2022-2023,19,0,
11010,"OMARSSON, OLI",Nej,ISL,,2003-01-04,,IK SIRIUS,2022,13,0,
11236,"OMARSSON, OLI",Nej,ISL,,2003-01-09,,IK SIRIUS,2023,2,0,
11244,"OPPENG, KOJO",Nej,GHA,,2004-06-04,,IFK NORRKÖPING,2023,1,0,
11169,"PAVLOVIC, DAMJAN",Nej,BEL/SER,,2001-07-09,,DEGERFORS IF,2023,17,1,
11263,"PEKTAS, ÖMÜR",Nej,SWE,,2002-01-06,,VARBERGS BOIS,2023,5,1,
11157,"PITTAS, IOANNIS",Nej,CYP,,1996-07-10,,AIK,2023,13,9,
11180,"QURBANLI, MUSA",Nej,AZE,,2002-04-13,,DJURGÅRDENS IF,2023,14,2,
11204,"RAFFERTY, MARCUS",Nej,SWE,,2004-10-01,,HAMMARBY IF,2023,13,0,
11213,"RAJOVIC, MILETA",Nej,DAN/MON,,1999-07-07,,KALMAR FF,2023,20,7,
11033,"REDENFORS, JACOB",Nej,SWE,,2004-04-30,,VARBERGS BOIS,2022,1,0,
11167,"ROSSBACH, SONDRE",Ja,NOR,,1996-02-07,,DEGERFORS IF,2023,24,0,
11261,"RÖNNBERG, VILMER",Nej,SWE,,2002-03-28,,VARBERGS BOIS,2023,13,0,
11222,"RÖSLER, COLIN",Nej,NOR/TYS,,2000-04-22,,MJÄLLBY AIF,2023,30,1,
11267,"SAINTE, MAXIME",Nej,SWE,,2001-10-25,,VARBERGS BOIS,2023,19,0,
11243,"SANDBERG, TURE",Nej,SWE,,2005-05-12,,IFK NORRKÖPING,2023,3,0,
11190,"SANTOS, THOMAS",Nej,DAN/BRA,,1998-10-10,,IFK GÖTEBORG,2023,17,1,
11246,"SERNELIUS, NOEL",Nej,SWE,,2006-07-24,,IFK NORRKÖPING,2023,2,0,
11247,"SIGURGEIRSSON, ISAK ANDRI",Nej,ISL,,2003-09-11,,IFK NORRKÖPING,2023,11,3,
11024,"SIMBA, MOONGA",Nej,SWE,,2000-05-08,,IFK VÄRNAMO,2022,11,0,
11035,"SISSÉ, FILIPE",Nej,POR/GUI,,2001-06-22,,VARBERGS BOIS,2022-2023,25,2,
11199,"SJÖLAND, MELVIN",Nej,SWE,,2002-07-08,,HALMSTADS BK,2023,1,0,
11224,"STROUD, ELLIOT",Nej,SWE,,2002-06-22,,MJÄLLBY AIF,2023,20,0,
11166,"SULAKA, REBIN",Nej,SWE/IRQ,,1992-04-12,,IF BROMMAPOJKARNA,2023,4,0,
11032,"SUNDSTRÖM, JOEL",Nej,SWE,,2001-08-15,,VARBERGS BOIS,2022,8,0,
11161,"SÖGAARD, AMADEUS",Nej,SWE,,1998-01-26,,IF BROMMAPOJKARNA,2023,28,0,
11185,"THOMASEN, JENS",Nej,DAN,,1996-06-25,,IF ELFSBORG,2023,6,0,
11193,"THORDARSON, KOLBEINN",Nej,ISL,,2000-03-12,,IFK GÖTEBORG,2023,10,0,
11155,"THYCHOSEN, MADS",Nej,DAN,,1997-06-27,,AIK,2023,16,3,
11159,"TIEDEMANN, BENJAMIN",Nej,DAN,,1994-02-07,,AIK,2023,5,0,
11215,"TRENSKOW, JACOB",Nej,DAN,,2000-11-26,,KALMAR FF,2023,16,0,
11189,"TRONDSEN, ANDERS",Nej,NOR,,1995-03-30,,IFK GÖTEBORG,2023,12,0,
11192,"TYRÉN, VILMER",Nej,SWE,,2005-05-03,,IFK GÖTEBORG,2023,2,0,
11181,"VA, FELIX",Nej,ANG,VALDIM. ETSON ANT.FELIX,1998-08-24,,DJURGÅRDENS IF,2023,11,2,
11011,"VAITSIACHOVITJ, PILIP",Ja,BEL,,1990-03-26,,IFK VÄRNAMO,2022-2023,35,0,
11162,"VASIC, NIKOLA",Nej,SWE,,1991-10-04,,IF BROMMAPOJKARNA,2023,26,5,
11019,"VINDEHALL, CHARLIE",Nej,SWE,,1996-05-08,,IFK VÄRNAMO,2022-2023,30,1,
11262,VINICIUS,Nej,BRA,VINICIUS NOGUEIRA DE OLIV,2001-12-22,,VARBERGS BOIS,2023,20,0,
11171,"WALLIN, OSCAR",Nej,SWE,,2001-07-09,,DEGERFORS IF,2023,13,0,
11230,"WALTA, LEO",Nej,FIN,,2003-06-24,,MJÄLLBY AIF,2023,11,2,
11018,WENDERSON,Nej,BRA,WENDERSON OLIVEIRA DO N..,1999-04-27,,IFK VÄRNAMO,2022-2023,56,1,
11023,"WENNERGRUND, FELIX",Nej,SWE,,2001-03-26,,IFK VÄRNAMO,2022,4,0,
11025,"WINSTH, FREDDY",Nej,SWE,,1990-07-15,,IFK VÄRNAMO,2022-2023,39,0,
11009,"YAKOUB, ANTONIO",Nej,SWE,,2002-06-12,,IK SIRIUS,2022,3,0,
11225,"YUSUF, AZEEZ",Nej,NIG,,2002-03-09,,MJÄLLBY AIF,2023,2,0,
11029,"ZELJKOVIC, AJDIN",Nej,SWE,,1997-12-26,,IFK VÄRNAMO,2022-2023,44,9,
11228,"ÅKESSON-LINDEROTH, FILIP",Nej,SWE,,2005-02-18,,MJÄLLBY AIF,2023,1,0,
11203,"ÅSTRAND JOHN, NOAH",Nej,SWE,,2003-02-13,,HAMMARBY IF,2023,1,0,
11233,"ÖZKAN, EMIL",Nej,SWE,,2003-08-11,,IK SIRIUS,2023,9,0,
